nome_municipio,sigla_uf,nome_regiao,taxa_prevista,meta,total_alunos,taxa_prevista_pct,gap_meta,em_risco
São Félix do Tocantins,TO,Norte,0.4591051,80.0,3,45.91051,-34.0894889831543,True
Severiano Melo,RN,Nordeste,0.4023107,72.95,6,40.23107,-32.718928527832034,True
Dom Pedro de Alcântara,RS,Sul,0.48861632,80.0,1,48.861633,-31.13836669921875,True
Sucupira,TO,Norte,0.49176067,77.95,2,49.176067,-28.77393264770508,True
Junco do Maranhão,MA,Nordeste,0.51414585,80.0,9,51.414585,-28.58541488647461,True
Malhada de Pedras,BA,Nordeste,0.43550885,71.89,12,43.550884,-28.33911575317383,True
São Vicente,RN,Nordeste,0.37789515,65.76,6,37.789516,-27.970483551025396,True
Mariano Moro,RS,Sul,0.5235231,80.0,1,52.35231,-27.647689819335938,True
Mortugaba,BA,Nordeste,0.43352807,70.74,15,43.352806,-27.3871939086914,True
Picada Café,RS,Sul,0.53120494,80.0,2,53.120495,-26.879505157470703,True
Monte do Carmo,TO,Norte,0.4491048,71.56,7,44.910477,-26.64952331542969,True
Itaporã do Tocantins,TO,Norte,0.40114602,66.76,8,40.1146,-26.6453988647461,True
Bacuri,MA,Nordeste,0.4352344,69.66,14,43.52344,-26.13655868530273,True
Tanhaçu,BA,Nordeste,0.36487958,62.260000000000005,13,36.487957,-25.772042999267583,True
São Gonçalo do Amarante,RN,Nordeste,0.3123091,56.91,85,31.23091,-25.679090652465817,True
Santo Antônio,RN,Nordeste,0.43312344,68.69,19,43.312344,-25.37765640258789,True
Igrejinha,RS,Sul,0.5462602,80.0,30,54.62602,-25.373981475830078,True
Carnaúba dos Dantas,RN,Nordeste,0.4254038,67.88,9,42.54038,-25.339621429443355,True
São José das Missões,RS,Sul,0.5430308,78.67,2,54.30308,-24.36691848754883,True
Mundo Novo,MS,Centro-Oeste,0.5592544,80.0,24,55.92544,-24.07455825805664,True
São Marcos,RS,Sul,0.5594379,80.0,20,55.943787,-24.05621337890625,True
Gado Bravo,PB,Nordeste,0.54820496,78.52,7,54.820496,-23.699504394531246,True
Vereda,BA,Nordeste,0.46163708,69.8,4,46.163708,-23.6362922668457,True
Roca Sales,RS,Sul,0.5270206,76.28,8,52.702057,-23.577943115234376,True
Fazenda Vilanova,RS,Sul,0.5654197,80.0,2,56.54197,-23.458030700683594,True
Arroio do Padre,RS,Sul,0.56579447,80.0,3,56.579445,-23.420555114746094,True
Lajeado,RS,Sul,0.5227866,75.49,77,52.278664,-23.21133636474609,True
São Valentim,RS,Sul,0.56932026,80.0,3,56.932026,-23.067974090576172,True
Porto do Mangue,RN,Nordeste,0.38935965,61.94,7,38.935966,-23.00403350830078,True
Lavandeira,TO,Norte,0.47961837,70.95,1,47.961838,-22.988162231445315,True
Logradouro,PB,Nordeste,0.5703049,80.0,3,57.030487,-22.969512939453125,True
Anapurus,MA,Nordeste,0.5720079,80.0,8,57.20079,-22.799209594726562,True
Formoso do Araguaia,TO,Norte,0.43843693,66.36,20,43.843693,-22.516307220458984,True
Arroio do Meio,RS,Sul,0.57549584,80.0,20,57.549583,-22.450416564941406,True
Coronel Bicaco,RS,Sul,0.5691491,79.32,5,56.91491,-22.405090637207024,True
Lajedão,BA,Nordeste,0.3978523,61.97,3,39.78523,-22.184771270751952,True
Farroupilha,RS,Sul,0.5782642,80.0,84,57.826416,-22.173583984375,True
São Sepé,RS,Sul,0.57830894,80.0,15,57.830894,-22.169105529785156,True
Dom Macedo Costa,BA,Nordeste,0.57897174,80.0,6,57.897175,-22.102825164794922,True
São Borja,RS,Sul,0.45705405,67.78,42,45.705406,-22.074593811035157,True
São José da Lagoa Tapada,PB,Nordeste,0.5792721,80.0,10,57.927208,-22.072792053222656,True
Presidente Kennedy,TO,Norte,0.49068573,71.14,1,49.068573,-22.071427001953126,True
Pindaí,BA,Nordeste,0.5048789,72.46,10,50.48789,-21.972111663818353,True
Novo Aripuanã,AM,Norte,0.5825321,80.0,19,58.253212,-21.746788024902344,True
Alegria,RS,Sul,0.5825327,80.0,3,58.25327,-21.74673080444336,True
Pojuca,BA,Nordeste,0.42072406,63.760000000000005,26,42.072407,-21.687593231201177,True
Araricá,RS,Sul,0.548716,76.34,6,54.8716,-21.468398895263675,True
Ipupiara,BA,Nordeste,0.4747301,68.9,12,47.47301,-21.426988983154303,True
Ciríaco,RS,Sul,0.5857773,80.0,5,58.57773,-21.422271728515625,True
Ibiraiaras,RS,Sul,0.57282203,78.69,5,57.282204,-21.40779632568359,True
Santa Quitéria do Maranhão,MA,Nordeste,0.58684087,80.0,17,58.684086,-21.315914154052734,True
Erval Grande,RS,Sul,0.587081,80.0,6,58.708103,-21.29189682006836,True
Giruá,RS,Sul,0.5559884,76.85,10,55.59884,-21.25116119384765,True
Mutuípe,BA,Nordeste,0.40839082,61.96000000000001,15,40.83908,-21.120919189453133,True
Harmonia,RS,Sul,0.588834,80.0,6,58.8834,-21.116600036621094,True
Sapeaçu,BA,Nordeste,0.39609438,60.67999999999999,10,39.60944,-21.070560150146477,True
Alto Feliz,RS,Sul,0.5276978,73.84,4,52.76978,-21.070220794677738,True
Canela,RS,Sul,0.5797646,78.86999999999999,58,57.97646,-20.893540496826162,True
Licínio de Almeida,BA,Nordeste,0.5488512,75.76,12,54.88512,-20.874879608154302,True
Salto do Jacuí,RS,Sul,0.59149426,80.0,7,59.149426,-20.850574493408203,True
Beneditinos,PI,Nordeste,0.571149,77.94,13,57.1149,-20.825101318359373,True
Trindade do Sul,RS,Sul,0.59283644,80.0,5,59.283646,-20.716354370117188,True
Travesseiro,RS,Sul,0.59288794,80.0,2,59.288795,-20.711204528808594,True
Campo Bom,RS,Sul,0.570198,77.73,66,57.0198,-20.71020172119141,True
Belo Monte,AL,Nordeste,0.5939765,80.0,7,59.39765,-20.60234832763672,True
Nova Viçosa,BA,Nordeste,0.39703,60.29,51,39.703,-20.587000885009765,True
Redentora,RS,Sul,0.59461623,80.0,6,59.461624,-20.538375854492188,True
Ibirapuã,BA,Nordeste,0.43229467,63.71,11,43.229465,-20.48053451538086,True
Santa Cecília,SC,Sul,0.4812722,68.59,34,48.12722,-20.46277984619141,True
Igaporã,BA,Nordeste,0.4053063,60.96,14,40.530632,-20.429367980957032,True
Pitimbu,PB,Nordeste,0.5627124,76.57000000000001,17,56.271236,-20.298763580322273,True
Conceição do Almeida,BA,Nordeste,0.3788469,58.18,5,37.884693,-20.295306854248047,True
Urandi,BA,Nordeste,0.42385408,62.67999999999999,13,42.385406,-20.294593505859368,True
Conceição,PB,Nordeste,0.57921207,78.15,20,57.921207,-20.22879257202149,True
São Lourenço do Sul,RS,Sul,0.59026825,79.22,32,59.026825,-20.193175048828124,True
Tanque Novo,BA,Nordeste,0.46015558,66.17,17,46.015556,-20.154443664550783,True
Jacaraci,BA,Nordeste,0.4627914,66.43,12,46.27914,-20.150859527587897,True
Barrolândia,TO,Norte,0.42708412,62.85,7,42.708412,-20.141587829589845,True
Japurá,AM,Norte,0.57580626,77.7,8,57.580627,-20.119372558593753,True
Sapucaia,PA,Norte,0.59796005,79.9,13,59.796005,-20.103994750976568,True
Nova Prata,RS,Sul,0.5887419,78.96,23,58.87419,-20.085808715820306,True
Parnarama,MA,Nordeste,0.5991431,80.0,28,59.91431,-20.085689544677734,True
Pilões,RN,Nordeste,0.47162923,67.21,3,47.16292,-20.047078094482416,True
Encantado,RS,Sul,0.6010314,80.0,19,60.10314,-19.89685821533203,True
Matões,MA,Nordeste,0.536747,73.54,34,53.674698,-19.865302124023444,True
Pilõezinhos,PB,Nordeste,0.60158396,80.0,9,60.158394,-19.84160614013672,True
Solânea,PB,Nordeste,0.5893355,78.77,26,58.93355,-19.836448211669918,True
Ituaçu,BA,Nordeste,0.4144696,61.25,26,41.44696,-19.80303955078125,True
Ibateguara,AL,Nordeste,0.6020312,80.0,6,60.203117,-19.79688262939453,True
Esmeralda,RS,Sul,0.60203344,80.0,3,60.203342,-19.79665756225586,True
Nova Bassano,RS,Sul,0.5843276,78.22,5,58.43276,-19.78724166870117,True
Silveira Martins,RS,Sul,0.49052843,68.83,3,49.052845,-19.777154998779295,True
Ijuí,RS,Sul,0.57245725,77.0,66,57.245724,-19.754276275634766,True
São Vicente do Sul,RS,Sul,0.5798781,77.73,9,57.98781,-19.74219177246094,True
Westfalia,RS,Sul,0.6040796,80.0,2,60.40796,-19.592041015625,True
Ivoti,RS,Sul,0.5820118,77.79,13,58.201183,-19.58881668090821,True
Primeira Cruz,MA,Nordeste,0.5663892,76.22,12,56.63892,-19.581080169677733,True
Lajedo do Tabocal,BA,Nordeste,0.3968267,59.2,8,39.68267,-19.517329406738284,True
Santo Antônio do Palma,RS,Sul,0.54086995,73.44,1,54.086994,-19.35300582885742,True
Canguçu,RS,Sul,0.60405725,79.74,35,60.405724,-19.33427642822265,True
Nova Petrópolis,RS,Sul,0.60704625,80.0,20,60.704624,-19.29537582397461,True
Bento Gonçalves,RS,Sul,0.58476156,77.77,94,58.476154,-19.293845672607418,True
Passo do Sobrado,RS,Sul,0.6081734,80.0,5,60.817337,-19.182662963867188,True
Três de Maio,RS,Sul,0.59999776,79.17,21,59.999775,-19.170225067138674,True
Maetinga,BA,Nordeste,0.44970852,64.12,5,44.97085,-19.149148101806645,True
Nova Palma,RS,Sul,0.60866994,80.0,4,60.866993,-19.133007049560547,True
São José do Piauí,PI,Nordeste,0.60892785,80.0,6,60.892784,-19.107215881347656,True
Serafina Corrêa,RS,Sul,0.6089655,80.0,22,60.896553,-19.10344696044922,True
São Luiz Gonzaga,RS,Sul,0.6100398,80.0,24,61.00398,-18.996021270751953,True
Brumado,BA,Nordeste,0.38736677,57.7,53,38.73668,-18.963320922851565,True
Mataraca,PB,Nordeste,0.61105365,80.0,14,61.105366,-18.894634246826172,True
Pantano Grande,RS,Sul,0.5479666,73.69,13,54.79666,-18.893338623046873,True
Combinado,TO,Norte,0.46174133,65.04,4,46.174133,-18.865866699218756,True
Serrinha,RN,Nordeste,0.41356134,60.14,5,41.356133,-18.783867492675782,True
Itajá,RN,Nordeste,0.4200376,60.78,9,42.00376,-18.776238708496095,True
São Félix do Coribe,BA,Nordeste,0.40273824,59.04999999999999,16,40.273823,-18.776177215576162,True
Cravolândia,BA,Nordeste,0.4238081,61.09,4,42.38081,-18.709190216064457,True
Poço das Antas,RS,Sul,0.6132374,80.0,3,61.32374,-18.67626190185547,True
Pirapemas,MA,Nordeste,0.6137854,80.0,9,61.37854,-18.6214599609375,True
Montanhas,RN,Nordeste,0.43684372,62.21999999999999,12,43.684372,-18.535628051757804,True
Estância Velha,RS,Sul,0.5078406,69.31,46,50.784058,-18.525942382812502,True
Mirante,BA,Nordeste,0.3824482,56.77,7,38.24482,-18.525180358886722,True
Campestre da Serra,RS,Sul,0.61546254,80.0,3,61.546253,-18.453746795654297,True
Três Palmeiras,RS,Sul,0.6158842,80.0,8,61.588417,-18.411582946777344,True
Santana do Seridó,RN,Nordeste,0.38523746,56.91,4,38.523746,-18.38625350952148,True
Governador Dix-Sept Rosado,RN,Nordeste,0.43135548,61.52,8,43.135548,-18.38445236206055,True
São Jerônimo,RS,Sul,0.61644095,80.0,19,61.644096,-18.35590362548828,True
Siriri,SE,Nordeste,0.34166288,52.42999999999999,9,34.16629,-18.263709716796868,True
Mato Leitão,RS,Sul,0.61745566,80.0,6,61.745567,-18.254432678222656,True
Caculé,BA,Nordeste,0.38271013,56.48,17,38.27101,-18.208988647460934,True
Casca,RS,Sul,0.61794025,80.0,8,61.794025,-18.205974578857422,True
Feira da Mata,BA,Nordeste,0.4157582,59.76,10,41.57582,-18.184179077148436,True
Gavião,BA,Nordeste,0.45530555,63.7,3,45.530556,-18.169444274902347,True
Venâncio Aires,RS,Sul,0.6027879,78.41,51,60.27879,-18.131210479736325,True
Satubinha,MA,Nordeste,0.61912274,80.0,8,61.912273,-18.087726593017578,True
São Martinho,RS,Sul,0.61958563,80.0,7,61.958565,-18.04143524169922,True
Medeiros Neto,BA,Nordeste,0.3814091,56.17,21,38.14091,-18.02908889770508,True
Constantina,RS,Sul,0.6199099,80.0,9,61.99099,-18.009010314941406,True
Itapororoca,PB,Nordeste,0.5515677,73.05,14,55.15677,-17.893231201171872,True
Condor,RS,Sul,0.62117517,80.0,13,62.117516,-17.882484436035156,True
Viçosa,RN,Nordeste,0.44554213,62.42,4,44.554214,-17.86578552246094,True
Cerro Corá,RN,Nordeste,0.458015,63.660000000000004,12,45.8015,-17.858501586914066,True
Nova Esperança do Sul,RS,Sul,0.62178653,80.0,8,62.178654,-17.821346282958984,True
Flores da Cunha,RS,Sul,0.6133221,79.15,23,61.332207,-17.817793273925787,True
Nova Araçá,RS,Sul,0.62200695,80.0,6,62.200695,-17.799304962158203,True
Piripá,BA,Nordeste,0.4910209,66.84,7,49.10209,-17.737911071777347,True
Planalto,RS,Sul,0.5592839,73.65,8,55.92839,-17.721609497070318,True
Manoel Emídio,PI,Nordeste,0.62317044,80.0,3,62.317043,-17.68295669555664,True
Ruy Barbosa,RN,Nordeste,0.44167054,61.84,3,44.167053,-17.672946777343753,True
São Sebastião do Passé,BA,Nordeste,0.37319213,54.88999999999999,17,37.319214,-17.570786132812493,True
Extremoz,RN,Nordeste,0.35692942,53.23,57,35.692944,-17.53705642700195,True
Santiago,RS,Sul,0.56428343,73.95,43,56.428345,-17.521655273437503,True
Itamari,BA,Nordeste,0.45527694,63.04,8,45.527695,-17.51230529785156,True
Timbaúba,PE,Nordeste,0.57538044,75.02,34,57.538044,-17.481956024169918,True
Cocalinho,MT,Centro-Oeste,0.6145077,78.9,8,61.450768,-17.449232482910162,True
Humaitá,RS,Sul,0.62597126,80.0,3,62.597126,-17.402873992919922,True
Serrinha dos Pintos,RN,Nordeste,0.4379867,61.18,5,43.79867,-17.38132827758789,True
Governador Nunes Freire,MA,Nordeste,0.59433293,76.8,27,59.433292,-17.36670761108398,True
Alto Longá,PI,Nordeste,0.6264069,80.0,9,62.64069,-17.359310150146484,True
Morros,MA,Nordeste,0.6265791,80.0,17,62.65791,-17.342090606689453,True
Cristópolis,BA,Nordeste,0.32917377,50.23,17,32.917377,-17.31262252807617,True
Jaquirana,RS,Sul,0.5309111,70.35,2,53.09111,-17.258889770507807,True
Garibaldi,RS,Sul,0.58026326,75.26,23,58.026325,-17.233674774169927,True
Paripiranga,BA,Nordeste,0.39283752,56.5,14,39.283752,-17.21624755859375,True
Itabaianinha,SE,Nordeste,0.45322937,62.52,39,45.322937,-17.197062988281253,True
Zabelê,PB,Nordeste,0.62810105,80.0,3,62.810104,-17.189895629882812,True
Itororó,BA,Nordeste,0.3558035,52.71999999999999,11,35.58035,-17.139651031494132,True
Rio Tinto,PB,Nordeste,0.6106451,78.16,19,61.06451,-17.095489654541012,True
São Bento,MA,Nordeste,0.6294921,80.0,20,62.94921,-17.05078887939453,True
Caibaté,RS,Sul,0.6295242,80.0,3,62.952415,-17.047584533691406,True
Putinga,RS,Sul,0.62959707,80.0,4,62.959705,-17.040294647216797,True
Areia Branca,RN,Nordeste,0.39830837,56.82,25,39.830837,-16.98916275024414,True
Dois Irmãos,RS,Sul,0.6173265,78.67999999999999,30,61.73265,-16.947349243164055,True
Brejões,BA,Nordeste,0.40981618,57.86,8,40.981617,-16.878383026123046,True
Novo Tiradentes,RS,Sul,0.55918014,72.78,1,55.918015,-16.861985473632814,True
Morrinhos do Sul,RS,Sul,0.63138634,80.0,5,63.138634,-16.861366271972656,True
Nova Ubiratã,MT,Centro-Oeste,0.57437724,74.28,14,57.437725,-16.84227493286133,True
Sobradinho,RS,Sul,0.6317175,80.0,8,63.17175,-16.828250885009766,True
Ronda Alta,RS,Sul,0.59212077,76.01,8,59.21208,-16.797921905517583,True
Coqueiros do Sul,RS,Sul,0.6321745,80.0,2,63.21745,-16.782550811767578,True
Cacimba de Dentro,PB,Nordeste,0.62780243,79.56,17,62.780243,-16.779757080078127,True
Sebastião Leal,PI,Nordeste,0.632517,80.0,5,63.251698,-16.748302459716797,True
Bom Jesus dos Perdões,SP,Sudeste,0.5475651,71.48,20,54.75651,-16.723488311767582,True
Sentinela do Sul,RS,Sul,0.58055663,74.77,6,58.055664,-16.714335937499996,True
Cubati,PB,Nordeste,0.56410396,73.11,10,56.410397,-16.699603424072265,True
Várzea do Poço,BA,Nordeste,0.33810225,50.5,5,33.810226,-16.689773559570312,True
Aral Moreira,MS,Centro-Oeste,0.5816918,74.85,15,58.16918,-16.680818176269526,True
Aratiba,RS,Sul,0.6336987,80.0,4,63.36987,-16.630130767822266,True
Costa Marques,RO,Norte,0.63438386,80.0,28,63.438385,-16.561614990234375,True
Osório,RS,Sul,0.53249985,69.76,45,53.249985,-16.510015258789068,True
Capela de Santana,RS,Sul,0.5314291,69.65,6,53.14291,-16.507089996337896,True
Itapuã do Oeste,RO,Norte,0.63530403,80.0,11,63.530403,-16.46959686279297,True
Santo Antônio das Missões,RS,Sul,0.58021486,74.48,8,58.021484,-16.458515625000004,True
São João da Canabrava,PI,Nordeste,0.6355462,80.0,4,63.55462,-16.44538116455078,True
Maragogipe,BA,Nordeste,0.3629536,52.74,19,36.29536,-16.444639434814455,True
São José do Inhacorá,RS,Sul,0.6357076,80.0,2,63.570763,-16.429237365722656,True
Santo Antônio da Patrulha,RS,Sul,0.6129971,77.72,30,61.299713,-16.420286865234374,True
Ipê,RS,Sul,0.6359495,80.0,5,63.594948,-16.405052185058594,True
Palmitinho,RS,Sul,0.63597506,80.0,7,63.597507,-16.40249252319336,True
São Pedro do Sul,RS,Sul,0.6118697,77.57,10,61.18697,-16.383030242919915,True
Santa Clara do Sul,RS,Sul,0.6364044,80.0,8,63.640438,-16.359561920166016,True
Crisópolis,BA,Nordeste,0.3885006,55.20000000000001,15,38.85006,-16.349940490722666,True
Medicilândia,PA,Norte,0.3775421,54.08,32,37.75421,-16.32578857421875,True
Minas do Leão,RS,Sul,0.58023983,74.31,12,58.023983,-16.286016998291018,True
Ibitiara,BA,Nordeste,0.4886444,65.11,6,48.86444,-16.24555908203125,True
Primavera de Rondônia,RO,Norte,0.6378958,80.0,6,63.78958,-16.210418701171875,True
Altamira do Maranhão,MA,Nordeste,0.6379787,80.0,5,63.797867,-16.202133178710938,True
Lindolfo Collor,RS,Sul,0.5335825,69.56,9,53.35825,-16.20175033569336,True
Rio de Contas,BA,Nordeste,0.39160353,55.31,15,39.160355,-16.14964538574219,True
Wanderley,BA,Nordeste,0.42181304,58.33,13,42.181305,-16.148695068359373,True
Rio do Antônio,BA,Nordeste,0.49276856,65.42,7,49.276855,-16.14314453125,True
Jandaíra,BA,Nordeste,0.39235032,55.37,11,39.23503,-16.13496887207031,True
Coronel Sapucaia,MS,Centro-Oeste,0.63010114,79.13,34,63.010113,-16.119887237548824,True
Rio Real,BA,Nordeste,0.31033286,47.13,32,31.033287,-16.09671295166016,True
Água Branca,PI,Nordeste,0.6391779,80.0,23,63.917793,-16.08220672607422,True
Macarani,BA,Nordeste,0.3810834,54.13,22,38.10834,-16.021658782958987,True
Ibiassucê,BA,Nordeste,0.51442176,67.46,10,51.442177,-16.017823181152337,True
Santa Rosa,RS,Sul,0.57679397,73.6,71,57.679398,-15.920602416992182,True
Salgado de São Félix,PB,Nordeste,0.6409111,80.0,4,64.09111,-15.908889770507812,True
Caxias do Sul,RS,Sul,0.5505754,70.89,410,55.057537,-15.832462921142579,True
São Miguel das Missões,RS,Sul,0.61039937,76.86,9,61.039936,-15.820063934326171,True
Sananduva,RS,Sul,0.5946872,75.28,18,59.468723,-15.81127670288086,True
Mogeiro,PB,Nordeste,0.58469975,74.26,11,58.469975,-15.79002548217774,True
Pilar,PB,Nordeste,0.5865374,74.43,13,58.653744,-15.776256256103522,True
Juripiranga,PB,Nordeste,0.3951631,55.28,11,39.516308,-15.763692169189454,True
Serraria,PB,Nordeste,0.6423909,80.0,4,64.23909,-15.760910034179688,True
Sarandi,RS,Sul,0.570741,72.81,27,57.0741,-15.735899505615237,True
Iguaí,BA,Nordeste,0.3882941,54.55,12,38.82941,-15.720589447021482,True
Capão do Cipó,RS,Sul,0.6432935,80.0,3,64.32935,-15.670646667480469,True
Fronteiras,PI,Nordeste,0.6434043,80.0,9,64.34043,-15.659568786621094,True
Vera Cruz,RN,Nordeste,0.46617168,62.26,10,46.61717,-15.642831573486326,True
Formosa da Serra Negra,MA,Nordeste,0.6438959,80.0,16,64.389595,-15.610404968261719,True
Monte Alegre,RN,Nordeste,0.47024685,62.63,23,47.024685,-15.605315093994143,True
Tuparendi,RS,Sul,0.6444762,80.0,10,64.44762,-15.552383422851562,True
Senador Alexandre Costa,MA,Nordeste,0.6451143,80.0,10,64.51143,-15.488571166992188,True
São Bento do Norte,RN,Nordeste,0.4599197,61.45000000000001,5,45.99197,-15.45802993774415,True
Miguel Calmon,BA,Nordeste,0.3763418,53.06,20,37.63418,-15.425821838378909,True
Coivaras,PI,Nordeste,0.6300854,78.41,8,63.00854,-15.401458892822262,True
Domingos Mourão,PI,Nordeste,0.6463153,80.0,5,64.63153,-15.36846923828125,True
Passagem Franca,MA,Nordeste,0.61886907,77.24,17,61.886906,-15.35309432983398,True
Itaú,RN,Nordeste,0.4207759,57.42,5,42.07759,-15.34240905761719,True
Nova Hartz,RS,Sul,0.5800778,73.32,21,58.007782,-15.312218017578118,True
Planaltino,BA,Nordeste,0.4282832,58.12,3,42.828323,-15.291676635742185,True
Candelária,RS,Sul,0.60790926,76.07,23,60.790928,-15.279072113037103,True
Redenção do Gurguéia,PI,Nordeste,0.6473387,80.0,4,64.73387,-15.266128540039062,True
Patos do Piauí,PI,Nordeste,0.64737254,80.0,4,64.73725,-15.262748718261719,True
Abreulândia,TO,Norte,0.4978069,65.03,4,49.78069,-15.249310760498048,True
Rolante,RS,Sul,0.647677,80.0,26,64.7677,-15.2322998046875,True
Coronel Pacheco,MG,Sudeste,0.6480398,80.0,4,64.803986,-15.196014404296875,True
Chupinguaia,RO,Norte,0.6484446,80.0,16,64.84446,-15.155540466308594,True
Itatim,BA,Nordeste,0.41156006,56.29,27,41.156006,-15.133994140625,True
São Sebastião do Umbuzeiro,PB,Nordeste,0.64867914,80.0,5,64.86791,-15.132087707519531,True
Tavares,PB,Nordeste,0.60894674,75.99,17,60.894672,-15.095327606201167,True
Miraguaí,RS,Sul,0.64064246,79.13,7,64.06425,-15.06575286865234,True
Cordeiros,BA,Nordeste,0.55978066,71.03,6,55.978065,-15.051934509277345,True
Lagoa de Dentro,PB,Nordeste,0.5455824,69.61,5,54.558243,-15.051757202148437,True
Hugo Napoleão,PI,Nordeste,0.6497005,80.0,5,64.970055,-15.029945373535156,True
Salvador do Sul,RS,Sul,0.64999694,80.0,7,64.999695,-15.00030517578125,True
Catu,BA,Nordeste,0.34323576,49.32,28,34.323578,-14.996422119140625,True
Santo Antônio da Platina,PR,Sul,0.48660016,63.63999999999999,46,48.660015,-14.979984893798822,True
Rio Pardo,RS,Sul,0.5945061,74.39,37,59.450607,-14.939392700195313,True
Riacho de Santana,RN,Nordeste,0.37914237,52.8,6,37.914238,-14.885762023925778,True
Veranópolis,RS,Sul,0.62693137,77.57,23,62.69314,-14.8768618774414,True
Amparo,PB,Nordeste,0.6518984,80.0,2,65.189835,-14.810165405273438,True
Monte Horebe,PB,Nordeste,0.6519955,80.0,6,65.19955,-14.800453186035156,True
Jacobina do Piauí,PI,Nordeste,0.6523513,80.0,9,65.23513,-14.764869689941406,True
Salinas da Margarida,BA,Nordeste,0.3831925,53.07,21,38.319252,-14.750747985839844,True
Riozinho,RS,Sul,0.618973,76.61,4,61.8973,-14.712699279785156,True
Lambari D'Oeste,MT,Centro-Oeste,0.6529194,80.0,6,65.29194,-14.708061218261719,True
Wagner,BA,Nordeste,0.43146402,57.82,8,43.1464,-14.673599548339844,True
São Luís Gonzaga do Maranhão,MA,Nordeste,0.6093812,75.6,12,60.938118,-14.661882019042963,True
Barão de Cotegipe,RS,Sul,0.65341026,80.0,8,65.34103,-14.658973693847656,True
Estação,RS,Sul,0.5986473,74.46,6,59.86473,-14.595269165039056,True
Cunha Porã,SC,Sul,0.65416807,80.0,12,65.41681,-14.58319091796875,True
Teixeira,PB,Nordeste,0.5938326,73.96,17,59.383263,-14.57673736572265,True
Goianorte,TO,Norte,0.4336987,57.94,9,43.369873,-14.570126953124998,True
Seabra,BA,Nordeste,0.3923026,53.8,34,39.23026,-14.569741058349607,True
Itacajá,TO,Norte,0.49165484,63.69,7,49.165485,-14.52451461791992,True
Coribe,BA,Nordeste,0.3813897,52.66,22,38.13897,-14.521030578613278,True
Catuípe,RS,Sul,0.65486395,80.0,7,65.4864,-14.513603210449219,True
Santa Maria,RS,Sul,0.5322596,67.72,194,53.22596,-14.494040222167968,True
Primavera,PE,Nordeste,0.63483363,77.9,8,63.483364,-14.416635894775396,True
Vera Mendes,PI,Nordeste,0.65603745,80.0,3,65.603745,-14.396255493164062,True
São José dos Quatro Marcos,MT,Centro-Oeste,0.6561952,80.0,16,65.61952,-14.380477905273438,True
Iuiú,BA,Nordeste,0.39768964,54.11,7,39.768963,-14.341037139892578,True
Sambaíba,MA,Nordeste,0.65661216,80.0,6,65.66122,-14.338783264160156,True
Arroio do Tigre,RS,Sul,0.6569003,80.0,13,65.690025,-14.309974670410156,True
Protásio Alves,RS,Sul,0.656954,79.98,3,65.6954,-14.28460357666016,True
Capitão,RS,Sul,0.6571949,80.0,3,65.71949,-14.280509948730469,True
Sapiranga,RS,Sul,0.5962416,73.9,83,59.62416,-14.275839233398443,True
Nova Ibiá,BA,Nordeste,0.40964535,55.22,6,40.964535,-14.255465240478514,True
Conceição do Rio Verde,MG,Sudeste,0.6574845,80.0,11,65.74844,-14.251556396484375,True
Bom Retiro do Sul,RS,Sul,0.6422618,78.46,11,64.22618,-14.233818969726556,True
Anori,AM,Norte,0.6238646,76.6,26,62.38646,-14.213540649414057,True
Marcação,PB,Nordeste,0.5648938,70.7,11,56.48938,-14.210620117187503,True
Malhada dos Bois,SE,Nordeste,0.32083237,46.27,4,32.083237,-14.186763305664066,True
Turuçu,RS,Sul,0.6582858,80.0,3,65.82858,-14.171417236328125,True
Luís Domingues,MA,Nordeste,0.63249606,77.39,12,63.249607,-14.14039291381836,True
Areial,PB,Nordeste,0.65902305,80.0,4,65.902306,-14.097694396972656,True
Assunção do Piauí,PI,Nordeste,0.6591406,80.0,8,65.91406,-14.0859375,True
Teixeira de Freitas,BA,Nordeste,0.42414293,56.5,140,42.41429,-14.085708618164062,True
Maravilha,SC,Sul,0.65920335,80.0,28,65.920334,-14.079666137695312,True
Boa Vista do Buricá,RS,Sul,0.6593546,80.0,7,65.93546,-14.064537048339844,True
Palmas de Monte Alto,BA,Nordeste,0.37029484,51.09,14,37.029484,-14.060516204833988,True
Doutor Severiano,RN,Nordeste,0.44167915,58.21,3,44.167915,-14.04208465576172,True
Viadutos,RS,Sul,0.6595846,80.0,7,65.95846,-14.041542053222656,True
Guanambi,BA,Nordeste,0.3972184,53.73,81,39.72184,-14.00816009521484,True
Mucugê,BA,Nordeste,0.33748016,47.73,15,33.748016,-13.981983642578122,True
Ubatuba,SP,Sudeste,0.3344968,47.43,52,33.44968,-13.980319671630859,True
Rio Crespo,RO,Norte,0.6606079,80.0,6,66.06079,-13.939208984375,True
Cerro Azul,PR,Sul,0.45041388,58.95,13,45.04139,-13.908610534667972,True
Pedra Mole,SE,Nordeste,0.39005923,52.91,4,39.005924,-13.904075775146481,True
Ibicuí,BA,Nordeste,0.48548937,62.42999999999999,11,48.548935,-13.881065063476555,True
Dom Basílio,BA,Nordeste,0.3966581,53.52,7,39.66581,-13.854190368652347,True
Toropi,RS,Sul,0.6615789,80.0,4,66.15789,-13.842109680175781,True
Urbano Santos,MA,Nordeste,0.634319,77.24,21,63.4319,-13.808099975585932,True
Padre Marcos,PI,Nordeste,0.662025,80.0,4,66.2025,-13.797500610351562,True
Alto Alegre do Maranhão,MA,Nordeste,0.5799969,71.78,19,57.999687,-13.780312805175782,True
Santo Amaro,BA,Nordeste,0.35896745,49.62,33,35.896744,-13.723256225585935,True
Candiba,BA,Nordeste,0.38427618,52.13000000000001,12,38.42762,-13.702380065917978,True
Mucuri,BA,Nordeste,0.40473768,54.16,37,40.473766,-13.6862336730957,True
Novo Airão,AM,Norte,0.6281827,76.5,30,62.81827,-13.68172836303711,True
Igarapé Grande,MA,Nordeste,0.66323936,80.0,10,66.32394,-13.676063537597656,True
Colônia Leopoldina,AL,Nordeste,0.6634205,80.0,20,66.34205,-13.657951354980469,True
Passagem Franca do Piauí,PI,Nordeste,0.6636149,80.0,7,66.361496,-13.638504028320312,True
São José da Safira,MG,Sudeste,0.60072136,73.69,4,60.072136,-13.617864074707029,True
Itaparica,BA,Nordeste,0.31118813,44.71,22,31.118813,-13.591187438964845,True
Moita Bonita,SE,Nordeste,0.35467038,49.04999999999999,5,35.467037,-13.582962799072256,True
Marizópolis,PB,Nordeste,0.6645765,80.0,4,66.45765,-13.542350769042969,True
Itamarati,AM,Norte,0.5857911,72.11,9,58.57911,-13.530890808105468,True
São Martinho da Serra,RS,Sul,0.63475204,77.0,3,63.475204,-13.524795532226562,True
Chapada,RS,Sul,0.62503266,76.02,12,62.503265,-13.516734619140621,True
Pedra Grande,RN,Nordeste,0.3757734,51.07,4,37.57734,-13.492660827636719,True
Alcobaça,BA,Nordeste,0.3746906,50.94,26,37.46906,-13.470941009521482,True
Santo Cristo,RS,Sul,0.6314966,76.62,15,63.149662,-13.470337982177739,True
Espumoso,RS,Sul,0.6652967,80.0,9,66.52967,-13.470329284667969,True
Cerro Largo,RS,Sul,0.62370616,75.82,12,62.370617,-13.449383087158196,True
Novo Hamburgo,RS,Sul,0.5182527,65.27,218,51.825268,-13.44473220825195,True
Lagoa de Pedras,RN,Nordeste,0.39553422,52.99,4,39.55342,-13.43657897949219,True
Adustina,BA,Nordeste,0.36934122,50.37,12,36.934124,-13.435876007080076,True
Feliz,RS,Sul,0.6046497,73.9,18,60.464973,-13.435026550292974,True
Araçagi,PB,Nordeste,0.5323339,66.65,17,53.23339,-13.416609191894537,True
Tomar do Geru,SE,Nordeste,0.35394537,48.79,11,35.39454,-13.395461120605468,True
Águas de Lindóia,SP,Sudeste,0.51071024,64.46,10,51.071022,-13.388977966308587,True
Tupandi,RS,Sul,0.6662189,80.0,8,66.62189,-13.37811279296875,True
Tupanciretã,RS,Sul,0.59827644,73.19,17,59.827644,-13.362355651855466,True
Alto do Rodrigues,RN,Nordeste,0.40225148,53.58,10,40.225147,-13.354852752685545,True
Laguna Carapã,MS,Centro-Oeste,0.6668354,80.0,13,66.68354,-13.316459655761719,True
Amargosa,BA,Nordeste,0.4256187,55.84,25,42.56187,-13.278129425048832,True
Campo Novo,RS,Sul,0.5245218,65.72,9,52.452183,-13.267817230224608,True
Tremedal,BA,Nordeste,0.41236496,54.5,10,41.236496,-13.263504028320312,True
Figueirópolis,TO,Norte,0.5200814,65.27,2,52.00814,-13.261859436035152,True
Caraíbas,BA,Nordeste,0.38825166,52.02,12,38.825165,-13.194835205078128,True
Tio Hugo,RS,Sul,0.6681571,80.0,4,66.81571,-13.184288024902344,True
Triunfo,PE,Nordeste,0.6685228,80.0,17,66.85228,-13.147720336914062,True
Ibipitanga,BA,Nordeste,0.36793372,49.93,10,36.793373,-13.136626892089843,True
Zé Doca,MA,Nordeste,0.66871387,80.0,53,66.87138,-13.128616333007812,True
Jaú do Tocantins,TO,Norte,0.5109203,64.21,8,51.09203,-13.11797042846679,True
São José de Ubá,RJ,Sudeste,0.62748986,75.86,6,62.748985,-13.111014709472656,True
Várzea Grande,PI,Nordeste,0.66904724,80.0,2,66.904724,-13.09527587890625,True
Mato Queimado,RS,Sul,0.66938615,80.0,1,66.938614,-13.061386108398438,True
Viamão,RS,Sul,0.49300316,62.36,238,49.300316,-13.059684143066406,True
Santa Maria do Cambucá,PE,Nordeste,0.6694139,80.0,11,66.94139,-13.058609008789062,True
São Paulo das Missões,RS,Sul,0.65021855,78.07,2,65.02186,-13.048141784667962,True
São Felipe,BA,Nordeste,0.3839216,51.43,20,38.39216,-13.037841491699218,True
Barra do Ribeiro,RS,Sul,0.5744862,70.43,7,57.44862,-12.98138015747071,True
Hulha Negra,RS,Sul,0.5876974,71.75,6,58.769737,-12.980262756347656,True
Coremas,PB,Nordeste,0.56228614,69.16,9,56.228615,-12.93138519287109,True
Gravataí,RS,Sul,0.5342989,66.33,245,53.42989,-12.90011032104492,True
Alto Paraíso de Goiás,GO,Centro-Oeste,0.6711979,80.0,11,67.11979,-12.880210876464844,True
Esperança do Sul,RS,Sul,0.67129344,80.0,4,67.12934,-12.870658874511719,True
São Gonçalo do Gurguéia,PI,Nordeste,0.6417363,77.0,4,64.17363,-12.826370239257812,True
Ji-Paraná,RO,Norte,0.6719157,80.0,137,67.191574,-12.808425903320312,True
Nova Boa Vista,RS,Sul,0.67204666,80.0,3,67.204666,-12.795333862304688,True
Ubaíra,BA,Nordeste,0.39918146,52.71,12,39.918144,-12.791855773925782,True
Boa Vista,PB,Nordeste,0.5763149,70.41,6,57.631493,-12.778507385253903,True
Juru,PB,Nordeste,0.5555814,68.31,12,55.55814,-12.751860198974612,True
Amaturá,AM,Norte,0.5278203,65.52,10,52.78203,-12.737971801757809,True
Pedra Lavrada,PB,Nordeste,0.6354845,76.28,7,63.54845,-12.731549530029298,True
Nova Candelária,RS,Sul,0.67291254,80.0,6,67.29125,-12.708747863769531,True
Passa Quatro,MG,Sudeste,0.67293006,80.0,13,67.29301,-12.706993103027344,True
Aldeias Altas,MA,Nordeste,0.57157874,69.85,26,57.157875,-12.692124938964838,True
Teolândia,BA,Nordeste,0.39959627,52.65,13,39.95963,-12.690370941162108,True
União de Minas,MG,Sudeste,0.6078475,73.46,3,60.78475,-12.67524810791015,True
Caturama,BA,Nordeste,0.39659637,52.31,5,39.659637,-12.650362548828127,True
Passa Sete,RS,Sul,0.6741465,80.0,5,67.41465,-12.585350036621094,True
Ipiranga do Sul,RS,Sul,0.6743069,80.0,3,67.430695,-12.569305419921875,True
Poção de Pedras,MA,Nordeste,0.67450947,80.0,12,67.45094,-12.549057006835938,True
Dom Inocêncio,PI,Nordeste,0.67461216,80.0,5,67.46122,-12.538780212402344,True
Paraíso das Águas,MS,Centro-Oeste,0.6438289,76.92,16,64.3829,-12.537103576660158,True
Tapejara,RS,Sul,0.5881348,71.34,32,58.813484,-12.526515808105472,True
Moema,MG,Sudeste,0.67475027,80.0,16,67.47503,-12.524971008300781,True
Laje,BA,Nordeste,0.39533037,52.04,15,39.533035,-12.506964721679687,True
Ituberá,BA,Nordeste,0.3735657,49.86,12,37.35657,-12.503428802490234,True
Puxinanã,PB,Nordeste,0.63756895,76.24,25,63.756897,-12.483103027343745,True
Faxinal do Soturno,RS,Sul,0.6682017,79.26,6,66.82017,-12.439832458496099,True
Ibotirama,BA,Nordeste,0.35931262,48.37,31,35.931263,-12.438737030029294,True
Ribeirão do Largo,BA,Nordeste,0.401568,52.59,4,40.1568,-12.433200683593753,True
Santo Antônio do Retiro,MG,Sudeste,0.6596504,78.39,7,65.96504,-12.424957885742188,True
São João da Urtiga,RS,Sul,0.6462762,77.05,7,64.62762,-12.422383117675778,True
Crissiumal,RS,Sul,0.61815447,74.23,12,61.815445,-12.414555053710941,True
Inhapi,AL,Nordeste,0.55079234,67.49,20,55.079235,-12.410764923095698,True
Lagoa do Mato,MA,Nordeste,0.6760879,80.0,7,67.608795,-12.391204833984375,True
Bom Sucesso,PB,Nordeste,0.5538148,67.77,7,55.38148,-12.3885188293457,True
Cocos,BA,Nordeste,0.41373602,53.76,24,41.3736,-12.386399993896482,True
Esteio,RS,Sul,0.53729707,66.11,79,53.729706,-12.380294189453124,True
Parnamirim,RN,Nordeste,0.37672383,50.04,140,37.672382,-12.367617645263671,True
Alcântara,MA,Nordeste,0.62103176,74.47,11,62.103176,-12.36682388305664,True
Ferreira Gomes,AP,Norte,0.6209238,74.45,14,62.09238,-12.357619476318362,True
Coronel Barros,RS,Sul,0.67645395,80.0,2,67.64539,-12.354606628417969,True
Felipe Guerra,RN,Nordeste,0.46271428,58.61,2,46.271427,-12.338572845458984,True
Santo Augusto,RS,Sul,0.6572616,78.05,8,65.72616,-12.323841857910153,True
Porto Real do Colégio,AL,Nordeste,0.57426685,69.69,17,57.426685,-12.263314666748045,True
Encruzilhada,BA,Nordeste,0.35656738,47.92,14,35.65674,-12.263261718750002,True
Paquetá,PI,Nordeste,0.67739874,80.0,5,67.739876,-12.260124206542969,True
Paraíso do Tocantins,TO,Norte,0.51524925,63.78,67,51.524925,-12.255074768066407,True
Currais,PI,Nordeste,0.6776834,80.0,4,67.76834,-12.231658935546875,True
Ilópolis,RS,Sul,0.67776173,80.0,3,67.77618,-12.223823547363281,True
Horizontina,RS,Sul,0.6038942,72.61,17,60.389416,-12.220584259033203,True
Quedas do Iguaçu,PR,Sul,0.60781056,73.0,41,60.781055,-12.218944549560547,True
Manaíra,PB,Nordeste,0.67790395,80.0,7,67.7904,-12.209602355957031,True
Uauá,BA,Nordeste,0.38383707,50.59,26,38.38371,-12.206291046142582,True
Santana do Manhuaçu,MG,Sudeste,0.67798793,80.0,8,67.79879,-12.201210021972656,True
Salete,SC,Sul,0.6609686,78.29,7,66.09686,-12.193137207031256,True
São Gonçalo do Abaeté,MG,Sudeste,0.67809534,80.0,3,67.80953,-12.190467834472656,True
Imaculada,PB,Nordeste,0.5704619,69.22,17,57.046192,-12.173807830810546,True
Sandolândia,TO,Norte,0.39122906,51.26,3,39.122906,-12.137094268798826,True
Maracaçumé,MA,Nordeste,0.49480453,61.61000000000001,37,49.480453,-12.129546508789069,True
Cupira,PE,Nordeste,0.661544,78.27,27,66.1544,-12.115596313476559,True
Vacaria,RS,Sul,0.5614169,68.24,65,56.141693,-12.09830688476562,True
Godofredo Viana,MA,Nordeste,0.6791214,80.0,22,67.91214,-12.087860107421875,True
Santa Luzia do Pará,PA,Norte,0.48273033,60.36,18,48.273033,-12.086966857910156,True
Ribeiro Gonçalves,PI,Nordeste,0.67939454,80.0,9,67.93945,-12.060546875,True
Centro do Guilherme,MA,Nordeste,0.6797587,80.0,7,67.975876,-12.024124145507812,True
Taquara,RS,Sul,0.5454709,66.57,47,54.54709,-12.022911376953118,True
Nova Bréscia,RS,Sul,0.656906,77.71,1,65.6906,-12.019402465820306,True
Corrente,PI,Nordeste,0.41011828,53.03,29,41.01183,-12.018170623779298,True
São João do Sabugi,RN,Nordeste,0.42500454,54.48,7,42.500454,-11.979546051025387,True
Jaicós,PI,Nordeste,0.67218035,79.14,16,67.21803,-11.921967163085938,True
Vale Verde,RS,Sul,0.68124175,80.0,4,68.124176,-11.875823974609375,True
Brejolândia,BA,Nordeste,0.35358578,47.23,5,35.358578,-11.871422271728512,True
Piatã,BA,Nordeste,0.3634552,48.21,23,36.34552,-11.86447998046875,True
Brasil Novo,PA,Norte,0.62399554,74.26,22,62.399555,-11.860444793701177,True
São Raimundo das Mangabeiras,MA,Nordeste,0.60582745,72.44,29,60.582745,-11.857255401611326,True
Caatiba,BA,Nordeste,0.41782558,53.61999999999999,9,41.78256,-11.837441558837881,True
Poções,BA,Nordeste,0.3795376,49.79,47,37.953762,-11.83623794555664,True
Bocaina,PI,Nordeste,0.68166083,80.0,2,68.166084,-11.833915710449219,True
Vila Nova dos Martírios,MA,Nordeste,0.6818273,80.0,24,68.18273,-11.817268371582031,True
Aguiar,PB,Nordeste,0.58732307,70.54,4,58.732307,-11.807692565917975,True
Montenegro,RS,Sul,0.56448704,68.22,68,56.448704,-11.771296234130858,True
Nova Roma do Sul,RS,Sul,0.682322,80.0,4,68.2322,-11.767799377441406,True
São Jorge,RS,Sul,0.6543803,77.17,2,65.438034,-11.731965942382814,True
Belo Campo,BA,Nordeste,0.41168076,52.89,15,41.168076,-11.721924438476563,True
Central do Maranhão,MA,Nordeste,0.68281907,80.0,9,68.281906,-11.718093872070312,True
Castro Alves,BA,Nordeste,0.38085055,49.79,23,38.085056,-11.704943695068359,True
Rio do Oeste,SC,Sul,0.6829872,80.0,5,68.29872,-11.701278686523438,True
Governador Archer,MA,Nordeste,0.6830168,80.0,8,68.30168,-11.698318481445312,True
São José da Barra,MG,Sudeste,0.6830929,80.0,8,68.30929,-11.690711975097656,True
Aveiro,PA,Norte,0.49320835,61.01,10,49.320835,-11.689164886474607,True
Vera Cruz,BA,Nordeste,0.33825383,45.5,26,33.825382,-11.674617767333984,True
Paraíso do Sul,RS,Sul,0.68344754,80.0,3,68.34476,-11.655242919921875,True
Torres,RS,Sul,0.5402593,65.68,46,54.02593,-11.654071502685554,True
Rosário Oeste,MT,Centro-Oeste,0.4637046,58.02,18,46.37046,-11.649539489746097,True
Cujubim,RO,Norte,0.6620778,77.84,26,66.20778,-11.632221069335941,True
Aurelino Leal,BA,Nordeste,0.36981836,48.61,7,36.981834,-11.628165588378906,True
Vicente Dutra,RS,Sul,0.6186313,73.49,1,61.86313,-11.62687133789062,True
Luiz Alves,SC,Sul,0.68402237,80.0,24,68.40224,-11.597763061523438,True
Francisco Dantas,RN,Nordeste,0.39058542,50.65,3,39.05854,-11.591459655761717,True
Paramirim,BA,Nordeste,0.4069906,52.28000000000001,17,40.69906,-11.580941467285164,True
Água Doce do Maranhão,MA,Nordeste,0.5777101,69.35,21,57.771008,-11.578992462158197,True
Custódia,PE,Nordeste,0.68448865,80.0,43,68.44887,-11.551132202148438,True
Varzedo,BA,Nordeste,0.38360664,49.91,7,38.360664,-11.549335632324215,True
Belém,AL,Nordeste,0.47663125,59.21,5,47.663124,-11.546875915527345,True
Bom Jesus da Serra,BA,Nordeste,0.36370674,47.9,3,36.370674,-11.529325866699217,True
Macaúbas,BA,Nordeste,0.37846217,49.35,29,37.84622,-11.503781890869142,True
Santana do Mundaú,AL,Nordeste,0.6850746,80.0,17,68.50746,-11.492538452148438,True
Nova Fátima,BA,Nordeste,0.40731558,52.21,3,40.73156,-11.478440246582032,True
Malta,PB,Nordeste,0.5881318,70.29,6,58.81318,-11.476820983886725,True
Itinga do Maranhão,MA,Nordeste,0.6847198,79.93,25,68.47198,-11.458022766113288,True
Bom Princípio,RS,Sul,0.63240266,74.68,18,63.240265,-11.439735107421882,True
Machados,PE,Nordeste,0.68565136,80.0,15,68.56514,-11.434860229492188,True
São Francisco do Oeste,RN,Nordeste,0.4931181,60.69,5,49.31181,-11.378190460205076,True
Engenho Velho,RS,Sul,0.6600548,77.38,2,66.00548,-11.374522094726558,True
São Desidério,BA,Nordeste,0.3901432,50.38,40,39.01432,-11.365679626464846,True
Presidente Lucena,RS,Sul,0.6864141,80.0,4,68.64141,-11.358589172363281,True
Caraá,RS,Sul,0.68643135,80.0,6,68.643135,-11.356864929199219,True
Couto Magalhães,TO,Norte,0.42036963,53.39,5,42.036964,-11.353035583496094,True
Santana do Maranhão,MA,Nordeste,0.6864889,80.0,6,68.648895,-11.351104736328125,True
Boca da Mata,AL,Nordeste,0.63245016,74.59,25,63.245018,-11.34498199462891,True
Maracanã,PA,Norte,0.58653885,69.99,23,58.653885,-11.336115112304682,True
Salgueiro,PE,Nordeste,0.6521861,76.55,66,65.21861,-11.33138732910156,True
Casinhas,PE,Nordeste,0.6822252,79.54,10,68.22252,-11.317481079101569,True
Gramado,RS,Sul,0.6793841,79.21,31,67.93841,-11.271592102050775,True
Doutor Maurício Cardoso,RS,Sul,0.6609843,77.35,2,66.09843,-11.251573181152338,True
Santa Rita de Cássia,BA,Nordeste,0.41086206,52.330000000000005,25,41.086205,-11.243795471191412,True
Itaquiraí,MS,Centro-Oeste,0.6316843,74.38,33,63.16843,-11.211569671630855,True
Cocal,PI,Nordeste,0.63009477,74.22,36,63.009476,-11.210524291992186,True
Bagé,RS,Sul,0.5377076,64.98,93,53.770763,-11.209236602783207,True
Trairão,PA,Norte,0.61082613,72.29,15,61.082615,-11.207385101318366,True
Jatobá,MA,Nordeste,0.62738,73.92999999999999,14,62.738003,-11.191997222900383,True
Glória de Dourados,MS,Centro-Oeste,0.6792184,79.07,14,67.921844,-11.148155517578118,True
Pinheiro Machado,RS,Sul,0.5804841,69.19,6,58.04841,-11.141591491699216,True
Cândido Godói,RS,Sul,0.6506072,76.2,7,65.06072,-11.139277648925784,True
Encanto,RN,Nordeste,0.41706222,52.83,7,41.706223,-11.12377746582031,True
Taipas do Tocantins,TO,Norte,0.48740768,59.86,1,48.74077,-11.119231567382812,True
Capanema,PA,Norte,0.53861254,64.97,66,53.861256,-11.108744354248046,True
Santa Cruz do Piauí,PI,Nordeste,0.68892884,80.0,6,68.89288,-11.10711669921875,True
Saubara,BA,Nordeste,0.37967664,49.07,11,37.967663,-11.102337188720703,True
Gurjão,PB,Nordeste,0.63248193,74.35,4,63.24819,-11.1018081665039,True
Francinópolis,PI,Nordeste,0.67172754,78.27,4,67.17275,-11.097247619628902,True
Balneário Barra do Sul,SC,Sul,0.5243907,63.53000000000001,19,52.43907,-11.09092834472657,True
Monte Alegre do Piauí,PI,Nordeste,0.5818556,69.24,10,58.18556,-11.054441680908198,True
Fortaleza dos Valos,RS,Sul,0.68959177,80.0,4,68.959175,-11.040824890136719,True
Itainópolis,PI,Nordeste,0.6401936,75.05,12,64.019356,-11.030644226074216,True
Eldorado,MS,Centro-Oeste,0.65069455,76.1,14,65.06946,-11.030541992187494,True
Cruz do Espírito Santo,PB,Nordeste,0.49332145,60.34,11,49.332146,-11.007854309082035,True
Rio Paranaíba,MG,Sudeste,0.6789814,78.89,13,67.89814,-10.99186004638672,True
Nova Xavantina,MT,Centro-Oeste,0.6198413,72.93,28,61.984127,-10.945872955322272,True
Axixá,MA,Nordeste,0.6906572,80.0,9,69.06572,-10.934280395507812,True
Arroio do Sal,RS,Sul,0.5860024,69.49,10,58.600243,-10.889757385253901,True
Cabaceiras,PB,Nordeste,0.5313606,64.02,5,53.136063,-10.883937377929684,True
Nova Floresta,PB,Nordeste,0.57510734,68.38,5,57.510735,-10.869265441894527,True
Andaraí,BA,Nordeste,0.39617214,50.48,19,39.617214,-10.862785797119137,True
Simplício Mendes,PI,Nordeste,0.69143564,80.0,12,69.14356,-10.856437683105469,True
Paulista,PB,Nordeste,0.54007643,64.86,6,54.007645,-10.852355346679687,True
São Bernardo,MA,Nordeste,0.6445105,75.28,36,64.45105,-10.828950195312501,True
Piracuruca,PI,Nordeste,0.6549181,76.3,32,65.491806,-10.80819396972656,True
Adamantina,SP,Sudeste,0.58639234,69.44,14,58.639233,-10.80076736450195,True
Uiraúna,PB,Nordeste,0.69201934,80.0,10,69.201935,-10.798065185546875,True
Cerrito,RS,Sul,0.65022725,75.82,6,65.02273,-10.7972720336914,True
Cachoeira do Sul,RS,Sul,0.5041704,61.21000000000001,55,50.41704,-10.792958221435555,True
Cruzeiro do Sul,RS,Sul,0.5933024,70.11,10,59.330242,-10.779757843017578,True
Manaquiri,AM,Norte,0.41591018,52.36999999999999,18,41.59102,-10.778981323242178,True
Itanhangá,MT,Centro-Oeste,0.692252,80.0,14,69.2252,-10.774803161621094,True
Pejuçara,RS,Sul,0.5377058,64.52,5,53.770576,-10.749423522949215,True
Marau,RS,Sul,0.5803688,68.78,51,58.03688,-10.743119506835939,True
Passira,PE,Nordeste,0.64942557,75.67,27,64.94256,-10.727441711425783,True
Marituba,PA,Norte,0.50374305,61.10000000000001,139,50.374306,-10.725694274902352,True
Tuparetama,PE,Nordeste,0.668147,77.54,13,66.814705,-10.725295104980475,True
Baianópolis,BA,Nordeste,0.35417002,46.14,16,35.417004,-10.722996368408204,True
Águas Mornas,SC,Sul,0.6928098,80.0,9,69.28098,-10.719017028808594,True
Carmópolis de Minas,MG,Sudeste,0.66685605,77.39,18,66.68561,-10.70439208984375,True
São Vicente do Seridó,PB,Nordeste,0.49180093,59.88,12,49.18009,-10.699908142089846,True
Bom Princípio do Piauí,PI,Nordeste,0.6930641,80.0,8,69.30641,-10.693588256835938,True
Getúlio Vargas,RS,Sul,0.63851523,74.54,19,63.851524,-10.688475646972663,True
Estrela Velha,RS,Sul,0.69313693,80.0,4,69.31369,-10.686309814453125,True
Santa Rita do Itueto,MG,Sudeste,0.6931813,80.0,8,69.31813,-10.681869506835938,True
São Pedro da Serra,RS,Sul,0.69327295,80.0,4,69.32729,-10.672706604003906,True
Abel Figueiredo,PA,Norte,0.5248233,63.15,8,52.48233,-10.667669677734374,True
Nova Brasilândia D'Oeste,RO,Norte,0.64943653,75.6,22,64.94366,-10.656343078613276,True
Mojuí dos Campos,PA,Norte,0.48656324,59.31,23,48.656322,-10.653677520751955,True
Santa Tereza do Tocantins,TO,Norte,0.4265771,53.31,5,42.657707,-10.652292785644534,True
Santa Luz,PI,Nordeste,0.6934796,80.0,6,69.34796,-10.65203857421875,True
Lago dos Rodrigues,MA,Nordeste,0.69351333,80.0,10,69.35133,-10.648666381835938,True
Anajatuba,MA,Nordeste,0.632785,73.92,17,63.278503,-10.641496582031252,True
Angélica,MS,Centro-Oeste,0.69366986,80.0,19,69.36699,-10.633010864257812,True
Rafael Jambeiro,BA,Nordeste,0.42953053,53.58,17,42.953053,-10.626947479248045,True
Sítio do Quinto,BA,Nordeste,0.39203182,49.830000000000005,13,39.203182,-10.626817779541021,True
Itaipava do Grajaú,MA,Nordeste,0.693793,80.0,22,69.3793,-10.620697021484375,True
Barra da Estiva,BA,Nordeste,0.42250484,52.87,23,42.250484,-10.619515533447263,True
Itaeté,BA,Nordeste,0.36840114,47.43,11,36.840115,-10.58988540649414,True
Terra de Areia,RS,Sul,0.5844214,69.02,16,58.44214,-10.577861328124996,True
Nova Colinas,MA,Nordeste,0.69425696,80.0,8,69.4257,-10.574302673339844,True
Pinhalzinho,SC,Sul,0.67946583,78.51,26,67.94659,-10.563413391113286,True
Lagoão,RS,Sul,0.6944098,80.0,7,69.44098,-10.55902099609375,True
Salgadinho,PB,Nordeste,0.633145,73.86,4,63.3145,-10.545501098632812,True
Uruguaiana,RS,Sul,0.5384537,64.39,109,53.84537,-10.54462875366211,True
Miraí,MG,Sudeste,0.6948665,80.0,12,69.48665,-10.513351440429688,True
Antas,BA,Nordeste,0.3940028,49.89,10,39.40028,-10.489720001220704,True
Alto Araguaia,MT,Centro-Oeste,0.6431403,74.79,17,64.31403,-10.475966491699225,True
Divina Pastora,SE,Nordeste,0.35212338,45.68,6,35.212337,-10.467662506103515,True
Redenção,PA,Norte,0.4873254,59.2,103,48.73254,-10.467459869384768,True
Dois Lajeados,RS,Sul,0.69542783,80.0,6,69.542786,-10.45721435546875,True
Boninal,BA,Nordeste,0.4024429,50.69,7,40.24429,-10.445710601806638,True
Olinda Nova do Maranhão,MA,Nordeste,0.6955631,80.0,5,69.556305,-10.443695068359375,True
Tubarão,SC,Sul,0.6141974,71.86,99,61.41974,-10.44026123046875,True
Raposa,MA,Nordeste,0.59551847,69.98,65,59.551846,-10.428154449462895,True
Vila Nova do Piauí,PI,Nordeste,0.6957252,80.0,3,69.57252,-10.427482604980469,True
Boa Vista do Sul,RS,Sul,0.63960606,74.36,3,63.960606,-10.399394378662109,True
Caetité,BA,Nordeste,0.43821642,54.21,34,43.82164,-10.388359985351563,True
Terra Santa,PA,Norte,0.618262,72.19,27,61.8262,-10.363801422119138,True
Fátima,BA,Nordeste,0.3811796,48.48,7,38.11796,-10.362038116455075,True
Bom Jesus do Tocantins,PA,Norte,0.5138366,61.74,19,51.383663,-10.356336822509768,True
Guarantã do Norte,MT,Centro-Oeste,0.5362551,63.98,54,53.62551,-10.354488830566403,True
Coaraci,BA,Nordeste,0.33446598,43.79999999999999,13,33.446598,-10.353401947021474,True
Pouso Alto,MG,Sudeste,0.6834671,78.67,5,68.34671,-10.323289794921877,True
Porto Estrela,MT,Centro-Oeste,0.69683313,80.0,3,69.68331,-10.316688537597656,True
Guimarães,MA,Nordeste,0.6968586,80.0,17,69.68586,-10.314140319824219,True
Governador Luiz Rocha,MA,Nordeste,0.6970494,80.0,11,69.70494,-10.295059204101562,True
São Sebastião de Lagoa de Roça,PB,Nordeste,0.5666836,66.95,7,56.668358,-10.281642150878909,True
Imigrante,RS,Sul,0.6822687,78.5,6,68.22687,-10.27313232421875,True
Urupema,SC,Sul,0.6972917,80.0,3,69.729164,-10.270835876464844,True
Modelo,SC,Sul,0.69733065,80.0,4,69.73306,-10.266937255859375,True
Simões Filho,BA,Nordeste,0.38323146,48.58,117,38.323147,-10.256853179931639,True
Milagres do Maranhão,MA,Nordeste,0.6974425,80.0,6,69.74425,-10.255752563476562,True
Santa Cruz Cabrália,BA,Nordeste,0.36427733,46.67,44,36.427734,-10.242265625000002,True
Muniz Ferreira,BA,Nordeste,0.4121211,51.44,7,41.21211,-10.22789138793945,True
José Raydan,MG,Sudeste,0.6899934,79.22,4,68.99934,-10.220663757324218,True
Banzaê,BA,Nordeste,0.36791867,46.98,18,36.791866,-10.188133697509762,True
Estrela,RS,Sul,0.5945137,69.6,34,59.45137,-10.148629760742182,True
Guarani das Missões,RS,Sul,0.6175188,71.9,5,61.751877,-10.148123168945318,True
Itatiba do Sul,RS,Sul,0.6985673,80.0,4,69.85673,-10.143272399902344,True
Bonfinópolis de Minas,MG,Sudeste,0.6988312,80.0,8,69.88312,-10.11688232421875,True
Santa Terezinha,SC,Sul,0.69886816,80.0,5,69.88682,-10.113182067871094,True
Taquaruçu do Sul,RS,Sul,0.6989797,80.0,4,69.897964,-10.102035522460938,True
Serra Branca,PB,Nordeste,0.5119436,61.29,13,51.19436,-10.095641174316405,True
Itaubal,AP,Norte,0.45247865,55.34000000000001,8,45.247864,-10.09213623046876,True
Lajedinho,BA,Nordeste,0.4483914,54.93,1,44.83914,-10.090858154296875,True
Delmiro Gouveia,AL,Nordeste,0.2806162,38.15,57,28.061619,-10.088381195068358,True
Cuparaque,MG,Sudeste,0.69915324,80.0,12,69.91532,-10.084678649902344,True
Porto Seguro,BA,Nordeste,0.42055368,52.13,218,42.055367,-10.074633483886721,True
Érico Cardoso,BA,Nordeste,0.5989883,69.97,3,59.89883,-10.07116958618164,True
Monte Alegre,PA,Norte,0.48213387,58.27,68,48.213387,-10.056613464355472,True
Campinas do Piauí,PI,Nordeste,0.6996869,80.0,4,69.96869,-10.03131103515625,True
Alvorada do Gurguéia,PI,Nordeste,0.6022645,70.23,7,60.22645,-10.003548126220707,True
Saltinho,SC,Sul,0.7001791,80.0,5,70.017914,-9.982086181640625,True
Arceburgo,MG,Sudeste,0.7001881,80.0,7,70.01881,-9.981193542480469,True
Feira Nova do Maranhão,MA,Nordeste,0.7002098,80.0,12,70.02098,-9.979019165039062,True
Nova Iorque,MA,Nordeste,0.6786017,77.81,5,67.86017,-9.949831542968752,True
Iguatama,MG,Sudeste,0.70055395,80.0,6,70.0554,-9.944602966308594,True
Bragança,PA,Norte,0.38779274,48.67,134,38.779274,-9.890726013183595,True
Mata de São João,BA,Nordeste,0.48437944,58.32,65,48.437943,-9.882057495117188,True
Cururupu,MA,Nordeste,0.5826426,68.14,30,58.264263,-9.875736846923829,True
Carazinho,RS,Sul,0.5664998,66.52,57,56.649982,-9.870017547607418,True
Alcinópolis,MS,Centro-Oeste,0.67340887,77.19,5,67.34089,-9.849111022949216,True
Remígio,PB,Nordeste,0.5243221,62.28,13,52.43221,-9.847790985107423,True
Ponte Alta do Tocantins,TO,Norte,0.43050972,52.89,7,43.050972,-9.83902801513672,True
Martins Soares,MG,Sudeste,0.6723494,77.07,7,67.23494,-9.83506042480468,True
Pau Brasil,BA,Nordeste,0.40517682,50.35,19,40.51768,-9.83231887817383,True
Barão,RS,Sul,0.7016841,80.0,5,70.16841,-9.831588745117188,True
Nova Santa Helena,MT,Centro-Oeste,0.6949931,79.33,11,69.499306,-9.830694274902342,True
Torixoréu,MT,Centro-Oeste,0.7017039,80.0,7,70.17039,-9.829612731933594,True
Campo Grande do Piauí,PI,Nordeste,0.70186704,80.0,7,70.18671,-9.81329345703125,True
Girau do Ponciano,AL,Nordeste,0.32634035,42.43,37,32.634033,-9.795966796875,True
Santa Rita de Caldas,MG,Sudeste,0.70206183,80.0,3,70.206184,-9.793815612792969,True
São Valentim do Sul,RS,Sul,0.70206857,80.0,2,70.206856,-9.793144226074219,True
Três Arroios,RS,Sul,0.70206857,80.0,1,70.206856,-9.793144226074219,True
Olho d'Água,PB,Nordeste,0.56969506,66.76,5,56.969505,-9.790494689941411,True
Ajuricaba,RS,Sul,0.7023032,80.0,2,70.230316,-9.769683837890625,True
Novo Repartimento,PA,Norte,0.4988304,59.650000000000006,73,49.88304,-9.766958618164068,True
Marajá do Sena,MA,Nordeste,0.7023497,80.0,3,70.23497,-9.765029907226562,True
Paim Filho,RS,Sul,0.69345134,79.11,6,69.34513,-9.764869079589843,True
Porto Xavier,RS,Sul,0.63293993,73.05,9,63.293995,-9.756005096435544,True
São Gonçalo dos Campos,BA,Nordeste,0.33286953,43.04,22,33.286953,-9.75304702758789,True
São Julião,PI,Nordeste,0.7025057,80.0,2,70.25057,-9.749427795410156,True
Monte Negro,RO,Norte,0.6367381,73.41,12,63.673813,-9.736187133789059,True
Coité do Nóia,AL,Nordeste,0.6601258,75.74,10,66.01258,-9.727419128417964,True
Irecê,BA,Nordeste,0.38329718,48.05,65,38.329716,-9.720284271240232,True
Ipubi,PE,Nordeste,0.6353102,73.25,43,63.531017,-9.718982696533203,True
Guajará,AM,Norte,0.55143404,64.85,21,55.143402,-9.70659790039062,True
Alhandra,PB,Nordeste,0.5139173,61.09,30,51.39173,-9.698268737792972,True
São Bernardino,SC,Sul,0.7033515,80.0,3,70.33515,-9.664848327636719,True
Rio Bonito,RJ,Sudeste,0.5020611,59.87,57,50.206112,-9.663888092041013,True
Maracás,BA,Nordeste,0.47380257,57.02,22,47.380257,-9.639743347167972,True
Arame,MA,Nordeste,0.6719555,76.81,15,67.19555,-9.614450988769534,True
Parazinho,RN,Nordeste,0.42769322,52.37,5,42.76932,-9.600678558349607,True
Durandé,MG,Sudeste,0.68868524,78.46,9,68.86852,-9.591477355957025,True
Itaberaí,GO,Centro-Oeste,0.6952066,79.11,55,69.52066,-9.589339599609374,True
Vespasiano Correa,RS,Sul,0.7042279,80.0,2,70.42279,-9.57720947265625,True
Governador Mangabeira,BA,Nordeste,0.3394799,43.51,15,33.94799,-9.56200958251953,True
Desterro de Entre Rios,MG,Sudeste,0.7047308,80.0,8,70.47308,-9.52691650390625,True
Santa Inês,BA,Nordeste,0.43159372,52.669999999999995,8,43.15937,-9.510629577636713,True
Porto de Moz,PA,Norte,0.6419558,73.69,56,64.19558,-9.494420471191404,True
Santa Terezinha do Tocantins,TO,Norte,0.50541914,60.03,7,50.541912,-9.48808792114258,True
Cândido Sales,BA,Nordeste,0.35087615,44.57,19,35.087616,-9.482384033203125,True
Amaral Ferrador,RS,Sul,0.6258577,72.06,2,62.58577,-9.47423034667969,True
Ouro Velho,PB,Nordeste,0.70542336,80.0,3,70.542336,-9.457664489746094,True
Sapucaia do Sul,RS,Sul,0.5315539,62.6,155,53.15539,-9.444608306884767,True
Vila Flores,RS,Sul,0.7055706,80.0,5,70.55706,-9.442939758300781,True
Conde,BA,Nordeste,0.37349054,46.79,20,37.349052,-9.44094757080078,True
Jaçanã,RN,Nordeste,0.42942873,52.38,10,42.94287,-9.437128906250003,True
Vitória do Xingu,PA,Norte,0.54394144,63.83,24,54.394142,-9.435857849121092,True
Pedro Osório,RS,Sul,0.60259473,69.69,7,60.25947,-9.43052810668945,True
Linha Nova,RS,Sul,0.7057418,80.0,2,70.57418,-9.425819396972656,True
Glória do Goitá,PE,Nordeste,0.62653357,72.07,23,62.65336,-9.416641540527337,True
Imbaú,PR,Sul,0.63773465,73.19,23,63.773464,-9.416535797119138,True
Entre Rios do Sul,RS,Sul,0.70134145,79.55,4,70.13415,-9.415852355957028,True
Matina,BA,Nordeste,0.38385212,47.77,16,38.385212,-9.384788055419925,True
Porto Grande,AP,Norte,0.58254534,67.62,43,58.254536,-9.365464324951176,True
Alpestre,RS,Sul,0.66351193,75.71,6,66.3512,-9.358803710937494,True
Triunfo,RS,Sul,0.59620804,68.96,22,59.620804,-9.339196166992181,True
Araguanã,MA,Nordeste,0.7067115,80.0,8,70.67115,-9.328849792480469,True
Segredo,RS,Sul,0.6646004,75.76,6,66.46004,-9.299962768554693,True
Santa Maria das Barreiras,PA,Norte,0.48710415,58.01,22,48.710415,-9.299585113525389,True
Caracol,PI,Nordeste,0.54825664,64.12,9,54.825665,-9.294335479736333,True
Ibarama,RS,Sul,0.63152367,72.44,3,63.152367,-9.287633361816404,True
Piritiba,BA,Nordeste,0.39683464,48.96999999999999,16,39.683464,-9.286535949707023,True
Pindorama do Tocantins,TO,Norte,0.4344422,52.73,8,43.444218,-9.285782318115231,True
Delfinópolis,MG,Sudeste,0.7005534,79.34,7,70.05534,-9.284656372070316,True
Brusque,SC,Sul,0.6122178,70.5,134,61.22178,-9.278221130371094,True
Tabuleiro,MG,Sudeste,0.7072239,80.0,8,70.72239,-9.277610778808594,True
Nova Bandeirantes,MT,Centro-Oeste,0.65068895,74.34,16,65.06889,-9.271106567382816,True
Itamaraju,BA,Nordeste,0.40569,49.84,55,40.569,-9.270999755859378,True
Vargeão,SC,Sul,0.7074279,80.0,2,70.74279,-9.257209777832031,True
Mendes Pimentel,MG,Sudeste,0.7044967,79.7,5,70.44967,-9.250331115722659,True
Ingá,PB,Nordeste,0.5183987,61.08,14,51.83987,-9.240129547119139,True
Teutônia,RS,Sul,0.7076488,80.0,24,70.764885,-9.235115051269531,True
Campo Alegre,AL,Nordeste,0.5863022,67.86,37,58.630222,-9.229777679443359,True
Teotônio Vilela,AL,Nordeste,0.4780095,57.029999999999994,44,47.80095,-9.229050903320307,True
Maraial,PE,Nordeste,0.6172664,70.93,4,61.726643,-9.203357391357429,True
Pouso Novo,RS,Sul,0.7079706,80.0,2,70.79706,-9.20294189453125,True
Piçarra,PA,Norte,0.52690154,61.89,15,52.690155,-9.199844970703126,True
Serranópolis de Minas,MG,Sudeste,0.7083237,80.0,4,70.832375,-9.167625427246094,True
Planalto,BA,Nordeste,0.37191793,46.35,17,37.19179,-9.158208465576173,True
Monsenhor Hipólito,PI,Nordeste,0.7084319,80.0,11,70.84319,-9.156806945800781,True
Barra do Corda,MA,Nordeste,0.5866818,67.82,68,58.66818,-9.151821441650384,True
Campestre do Maranhão,MA,Nordeste,0.58069324,67.22,20,58.069324,-9.150675506591796,True
Iraí,RS,Sul,0.60148305,69.28,3,60.148304,-9.131696014404298,True
Santa Cruz da Baixa Verde,PE,Nordeste,0.6694967,76.08,14,66.94967,-9.130331115722655,True
Cotegipe,BA,Nordeste,0.37819993,46.95,8,37.819992,-9.130007934570315,True
Ananindeua,PA,Norte,0.5338771,62.510000000000005,437,53.387707,-9.122293243408208,True
Campo Alegre de Lourdes,BA,Nordeste,0.34174022,43.29,24,34.174023,-9.115977325439452,True
São José do Egito,PE,Nordeste,0.6042632,69.54,31,60.42632,-9.113680877685553,True
Bom Jardim,MA,Nordeste,0.70890296,80.0,37,70.8903,-9.109703063964844,True
Alagoinha,PB,Nordeste,0.51960194,61.059999999999995,18,51.960194,-9.099806365966792,True
Santana do Araguaia,PA,Norte,0.49655548,58.75,54,49.65555,-9.094451904296875,True
Carmo da Mata,MG,Sudeste,0.7009646,79.19,10,70.096466,-9.093533935546873,True
Panambi,RS,Sul,0.6691,76.0,41,66.909996,-9.090003967285156,True
São Bentinho,PB,Nordeste,0.59177077,68.26,7,59.17708,-9.082921752929693,True
Paulo Ramos,MA,Nordeste,0.6774193,76.82,17,67.74193,-9.078071899414056,True
Acauã,PI,Nordeste,0.70921963,80.0,5,70.92197,-9.078033447265625,True
Chuvisca,RS,Sul,0.63385296,72.46,5,63.385296,-9.074704132080072,True
Santa Luzia do Paruá,MA,Nordeste,0.7092774,80.0,29,70.92774,-9.072257995605469,True
Dário Meira,BA,Nordeste,0.35244042,44.31,9,35.24404,-9.065958557128909,True
Una,BA,Nordeste,0.3532338,44.38,18,35.32338,-9.05662048339844,True
Cristalândia do Piauí,PI,Nordeste,0.7088414,79.94,6,70.88414,-9.05585998535156,True
Tenório,PB,Nordeste,0.5604745,65.1,4,56.04745,-9.052548980712885,True
Buritirana,MA,Nordeste,0.5540492,64.45,14,55.40492,-9.045081329345706,True
Riachão do Jacuípe,BA,Nordeste,0.35810366,44.85,16,35.810368,-9.039632415771486,True
Guarda-Mor,MG,Sudeste,0.7015201,79.19,7,70.15201,-9.037991943359373,True
Caravelas,BA,Nordeste,0.38042948,47.08,18,38.042946,-9.037054138183592,True
Barrocas,BA,Nordeste,0.3909329,48.11,9,39.09329,-9.01671157836914,True
Taperoá,PB,Nordeste,0.69562936,78.57,19,69.562935,-9.007065124511712,True
São José dos Ramos,PB,Nordeste,0.53382695,62.36,5,53.382694,-8.977305755615234,True
Amaraji,PE,Nordeste,0.61576265,70.55,7,61.576263,-8.973736572265622,True
Açu,RN,Nordeste,0.39215976,48.18,41,39.215977,-8.964023284912109,True
Sangão,SC,Sul,0.62026966,70.98,13,62.026966,-8.9530339050293,True
Riacho de Santana,BA,Nordeste,0.392205,48.17,19,39.2205,-8.94949905395508,True
Mulungu,PB,Nordeste,0.51261204,60.21,8,51.261204,-8.94879623413086,True
Riachuelo,RN,Nordeste,0.3824155,47.19,8,38.24155,-8.948449554443357,True
Panelas,PE,Nordeste,0.68360454,77.3,18,68.36045,-8.939549255371091,True
Buenópolis,MG,Sudeste,0.7108024,80.0,13,71.08024,-8.919761657714844,True
São Bento do Sul,SC,Sul,0.6526679,74.17,74,65.266785,-8.903215332031252,True
Ijaci,MG,Sudeste,0.6502113,73.92,3,65.021126,-8.89887420654297,True
Cajapió,MA,Nordeste,0.5942221,68.3,7,59.422215,-8.877785491943357,True
Bugre,MG,Sudeste,0.71135396,80.0,8,71.1354,-8.864601135253906,True
Soure,PA,Norte,0.5676824,65.61,47,56.768238,-8.841761932373046,True
Carlos Barbosa,RS,Sul,0.6060988,69.44,41,60.60988,-8.830121459960935,True
Acari,RN,Nordeste,0.4101009,49.84,7,41.01009,-8.829910125732425,True
Limoeiro,PE,Nordeste,0.6463813,73.45,43,64.63813,-8.811869812011722,True
Oliveira dos Brejinhos,BA,Nordeste,0.35773754,44.58,24,35.773754,-8.806245880126951,True
Lábrea,AM,Norte,0.5810321,66.9,49,58.10321,-8.796789550781256,True
Quixabeira,BA,Nordeste,0.36337307,45.13,10,36.337307,-8.792693023681643,True
Bela Vista do Toldo,SC,Sul,0.7120837,80.0,7,71.20837,-8.791633605957031,True
Pedra Branca do Amapari,AP,Norte,0.59689796,68.48,26,59.689796,-8.790203552246098,True
Junqueiro,AL,Nordeste,0.48932484,57.72,35,48.932484,-8.787516326904296,True
Bacurituba,MA,Nordeste,0.7121519,80.0,4,71.21519,-8.784812927246094,True
Capinzal,SC,Sul,0.6471169,73.49,26,64.71169,-8.778307189941401,True
Santo Ângelo,RS,Sul,0.5814726,66.92,53,58.14726,-8.77274124145508,True
Maranhãozinho,MA,Nordeste,0.6817887,76.95,9,68.17887,-8.771128845214847,True
Lima Campos,MA,Nordeste,0.71229064,80.0,7,71.229065,-8.77093505859375,True
Coxilha,RS,Sul,0.573757,66.14,4,57.375698,-8.764301910400391,True
Belém,PB,Nordeste,0.5191855,60.65,18,51.91855,-8.731451416015624,True
Capitólio,MG,Sudeste,0.7127699,80.0,11,71.27699,-8.723007202148438,True
Branquinha,AL,Nordeste,0.68256336,76.97,9,68.25634,-8.71365997314453,True
Macambira,SE,Nordeste,0.36038145,44.75,2,36.038147,-8.71185302734375,True
Pastos Bons,MA,Nordeste,0.6635153,75.06,18,66.35153,-8.708468017578127,True
São João Evangelista,MG,Sudeste,0.7130952,80.0,12,71.30952,-8.690483093261719,True
Timon,MA,Nordeste,0.610927,69.77,192,61.092697,-8.677302856445309,True
Riachão do Poço,PB,Nordeste,0.61453223,70.13,5,61.453224,-8.67677581787109,True
Novo Progresso,PA,Norte,0.5583282,64.5,44,55.83282,-8.667179107666016,True
Recife,PE,Nordeste,0.5663218,65.29,949,56.63218,-8.6578207397461,True
São Domingos,SC,Sul,0.700312,78.68,8,70.031204,-8.648795776367194,True
Rondon do Pará,PA,Norte,0.54801935,63.45000000000001,45,54.801933,-8.648066711425791,True
Poço Fundo,MG,Sudeste,0.7135683,80.0,12,71.35683,-8.643173217773438,True
Trajano de Moraes,RJ,Sudeste,0.6901172,77.65,6,69.01172,-8.638281250000006,True
Monte Belo do Sul,RS,Sul,0.7137382,80.0,1,71.37382,-8.626182556152344,True
Paverama,RS,Sul,0.576585,66.28,8,57.6585,-8.621499328613282,True
Piratuba,SC,Sul,0.71388423,80.0,10,71.38842,-8.611579895019531,True
Madre de Deus,BA,Nordeste,0.3829181,46.9,16,38.29181,-8.608190917968749,True
Três Passos,RS,Sul,0.7139851,80.0,17,71.398506,-8.601493835449219,True
Canoinhas,SC,Sul,0.6628675,74.87,65,66.28675,-8.583249206542973,True
Riacho Frio,PI,Nordeste,0.7145427,80.0,6,71.45427,-8.545730590820312,True
Luís Correia,PI,Nordeste,0.56488246,65.03,57,56.488247,-8.541753082275392,True
Solidão,PE,Nordeste,0.6691205,75.45,7,66.91205,-8.537951660156253,True
Frei Miguelinho,PE,Nordeste,0.6143122,69.96,11,61.431217,-8.528782806396478,True
Itaara,RS,Sul,0.5390657,62.43,7,53.90657,-8.523429565429687,True
Eldorado do Carajás,PA,Norte,0.48846796,57.37,26,48.846798,-8.523202056884763,True
Ibaretama,CE,Nordeste,0.63329536,71.84,20,63.329536,-8.510463562011722,True
Cotiporã,RS,Sul,0.66412175,74.92,2,66.41218,-8.50782196044922,True
Santa Vitória do Palmar,RS,Sul,0.51482904,59.989999999999995,24,51.482903,-8.507097473144526,True
Nhamundá,AM,Norte,0.58674955,67.18,14,58.674957,-8.505042724609382,True
Campina das Missões,RS,Sul,0.7150189,80.0,3,71.50189,-8.49810791015625,True
Rio Piracicaba,MG,Sudeste,0.6896544,77.46,21,68.96544,-8.494561157226556,True
Conceição do Jacuípe,BA,Nordeste,0.32627165,41.12,25,32.627167,-8.492833251953122,True
Içara,SC,Sul,0.6290623,71.39,63,62.90623,-8.483769073486329,True
Careaçu,MG,Sudeste,0.7152895,80.0,8,71.528946,-8.471054077148438,True
Canaã dos Carajás,PA,Norte,0.5659882,65.05,137,56.59882,-8.451180267333982,True
Cocal dos Alves,PI,Nordeste,0.7156229,80.0,5,71.56229,-8.437713623046875,True
Novo Cabrais,RS,Sul,0.7156819,80.0,5,71.56819,-8.431808471679688,True
Lagoa do Ouro,PE,Nordeste,0.65355766,73.78,8,65.35577,-8.424233703613282,True
Aripuanã,MT,Centro-Oeste,0.5501725,63.44,34,55.01725,-8.422749938964841,True
Nazária,PI,Nordeste,0.6958773,78.0,8,69.58773,-8.412269592285156,True
Saudades,SC,Sul,0.7158852,80.0,16,71.588524,-8.411476135253906,True
Governador Edison Lobão,MA,Nordeste,0.7158888,80.0,29,71.58888,-8.411117553710938,True
Barra do Mendes,BA,Nordeste,0.37189108,45.6,8,37.18911,-8.410890197753908,True
Rubelita,MG,Sudeste,0.71596414,80.0,4,71.59641,-8.403587341308594,True
Eliseu Martins,PI,Nordeste,0.71600646,80.0,3,71.60065,-8.39935302734375,True
Treze de Maio,SC,Sul,0.64763373,73.15,10,64.763374,-8.386625671386724,True
Serra do Ramalho,BA,Nordeste,0.34463343,42.83,36,34.463345,-8.366655426025389,True
Agrestina,PE,Nordeste,0.6465589,73.01,14,64.65589,-8.354108581542974,True
Tabira,PE,Nordeste,0.6567998,74.03,34,65.67998,-8.350022583007814,True
Irani,SC,Sul,0.6648653,74.83,10,66.486534,-8.343465881347655,True
Peixe,TO,Norte,0.43577042,51.92,3,43.57704,-8.34295837402344,True
Rubim,MG,Sudeste,0.71657574,80.0,5,71.65758,-8.342422485351562,True
Coronel Ezequiel,RN,Nordeste,0.38512927,46.85,4,38.512928,-8.337071990966798,True
Ipiranga do Piauí,PI,Nordeste,0.71664286,80.0,5,71.66428,-8.335716247558594,True
Jaborandi,BA,Nordeste,0.38735762,47.06,7,38.735764,-8.324236450195315,True
Jaraguá do Sul,SC,Sul,0.6559034,73.91,183,65.59034,-8.319660339355465,True
Simões,PI,Nordeste,0.6204144,70.36,21,62.04144,-8.318560943603515,True
Manoel Vitorino,BA,Nordeste,0.3754522,45.86,9,37.54522,-8.31478057861328,True
Anchieta,SC,Sul,0.69575644,77.89,7,69.575645,-8.314354553222657,True
Balneário Piçarras,SC,Sul,0.5624404,64.55,37,56.24404,-8.305958557128903,True
Espigão D'Oeste,RO,Norte,0.7169553,80.0,52,71.69553,-8.304466247558594,True
Duque Bacelar,MA,Nordeste,0.62804383,71.09,19,62.804382,-8.285617675781253,True
Prainha,PA,Norte,0.5282649,61.1,43,52.82649,-8.273511505126955,True
Glorinha,RS,Sul,0.59263426,67.53,10,59.263428,-8.266572265625001,True
Marcolândia,PI,Nordeste,0.7173584,80.0,19,71.73584,-8.26416015625,True
Montadas,PB,Nordeste,0.59920126,68.18,6,59.920128,-8.259872131347663,True
Curimatá,PI,Nordeste,0.6183915,70.09,18,61.83915,-8.250850524902347,True
Seara,SC,Sul,0.7175292,80.0,29,71.752914,-8.247085571289062,True
Sobrado,PB,Nordeste,0.55066365,63.31,6,55.066364,-8.243635711669924,True
Itaporã,MS,Centro-Oeste,0.6255022,70.79,28,62.550224,-8.239775695800788,True
Canhoba,SE,Nordeste,0.4280692,51.04,3,42.80692,-8.233080902099609,True
Rurópolis,PA,Norte,0.5339009,61.62,33,53.39009,-8.229909057617185,True
Presidente Sarney,MA,Nordeste,0.5740973,65.63,31,57.40973,-8.220270996093745,True
Lindóia do Sul,SC,Sul,0.7179854,80.0,9,71.79854,-8.201461791992188,True
Mairi,BA,Nordeste,0.38798884,46.99,14,38.798885,-8.191114654541018,True
Mercês,MG,Sudeste,0.71813697,80.0,6,71.8137,-8.186302185058594,True
Santo Expedito do Sul,RS,Sul,0.718143,80.0,4,71.8143,-8.185699462890625,True
Ruy Barbosa,BA,Nordeste,0.36538842,44.71,28,36.53884,-8.171158752441407,True
Camargo,RS,Sul,0.71835333,80.0,1,71.835335,-8.164665222167969,True
Santo Inácio do Piauí,PI,Nordeste,0.6627789,74.44,8,66.27789,-8.162106933593748,True
Iaciara,GO,Centro-Oeste,0.5847348,66.63,17,58.47348,-8.15651977539062,True
Aguanil,MG,Sudeste,0.71844006,80.0,4,71.84401,-8.155990600585938,True
Rosário do Catete,SE,Nordeste,0.37385726,45.54,8,37.385727,-8.154273071289062,True
Ulianópolis,PA,Norte,0.5662929,64.77,29,56.629288,-8.140712280273434,True
Arcos,MG,Sudeste,0.70864064,79.0,29,70.86407,-8.135932922363281,True
Aracatu,BA,Nordeste,0.39863238,47.99,7,39.86324,-8.126760711669924,True
Deodápolis,MS,Centro-Oeste,0.71881425,80.0,22,71.881424,-8.118576049804688,True
Bom Jesus,RS,Sul,0.6563898,73.75,16,65.63898,-8.11102294921875,True
Vista Alegre,RS,Sul,0.71900785,80.0,4,71.90079,-8.099212646484375,True
Itaberaba,BA,Nordeste,0.4016176,48.230000000000004,35,40.16176,-8.068241577148441,True
Montes Altos,MA,Nordeste,0.64612883,72.68,15,64.612885,-8.067115478515632,True
Belterra,PA,Norte,0.55769867,63.83,20,55.769867,-8.060133056640623,True
Itanhandu,MG,Sudeste,0.71949184,80.0,11,71.94918,-8.050819396972656,True
Inconfidentes,MG,Sudeste,0.71970093,80.0,11,71.97009,-8.0299072265625,True
Santo Amaro das Brotas,SE,Nordeste,0.33341703,41.37,15,33.3417,-8.028298492431638,True
Dona Emma,SC,Sul,0.71973056,80.0,6,71.97305,-8.026947021484375,True
Palmeira do Piauí,PI,Nordeste,0.6425398,72.28,3,64.25398,-8.026017456054689,True
Cachoeirinha,RS,Sul,0.5367572,61.68,135,53.675716,-8.004283599853515,True
Campo Formoso,BA,Nordeste,0.3538281,43.38,65,35.38281,-7.997191314697268,True
São José de Ribamar,MA,Nordeste,0.57200164,65.19,213,57.200165,-7.989835205078123,True
Balneário Pinhal,RS,Sul,0.53981346,61.97,13,53.981346,-7.988653869628905,True
Barro Preto,BA,Nordeste,0.3765824,45.64,7,37.65824,-7.981758728027344,True
Mata Roma,MA,Nordeste,0.6334903,71.33,19,63.349033,-7.980966644287108,True
Pedro do Rosário,MA,Nordeste,0.6015051,68.13,23,60.15051,-7.979491119384761,True
Porto dos Gaúchos,MT,Centro-Oeste,0.6829262,76.25,6,68.29262,-7.9573822021484375,True
Barra de Guabiraba,PE,Nordeste,0.7205006,80.0,15,72.05006,-7.949943542480469,True
Governador Newton Bello,MA,Nordeste,0.6292151,70.87,9,62.921513,-7.948487396240239,True
Botuporã,BA,Nordeste,0.57086664,65.03,10,57.086666,-7.943333892822267,True
Rondinha,RS,Sul,0.72059315,80.0,6,72.05932,-7.940681457519531,True
Irajuba,BA,Nordeste,0.38631943,46.57,6,38.631943,-7.938057250976563,True
Salto do Céu,MT,Centro-Oeste,0.7206394,80.0,6,72.06394,-7.936058044433594,True
Santa Bárbara do Sul,RS,Sul,0.6037777,68.31,8,60.37777,-7.9322305297851585,True
Guaramirim,SC,Sul,0.63939667,71.87,61,63.939667,-7.9303332519531295,True
São José do Alegre,MG,Sudeste,0.69824535,77.75,6,69.82453,-7.925468444824219,True
São Raimundo Nonato,PI,Nordeste,0.62163395,70.08,43,62.163395,-7.916605072021483,True
Porto Nacional,TO,Norte,0.527475,60.65,63,52.7475,-7.902498626708983,True
Santarém,PA,Norte,0.51189953,59.08,404,51.189953,-7.890047149658201,True
Boca do Acre,AM,Norte,0.5467087,62.56000000000001,32,54.67087,-7.889128265380869,True
Saquarema,RJ,Sudeste,0.58365256,66.24,124,58.365257,-7.874742736816401,True
Palmeiras,BA,Nordeste,0.416904,49.55,12,41.6904,-7.859600830078122,True
Itapetinga,BA,Nordeste,0.3809151,45.94,55,38.09151,-7.84848922729492,True
Alto Boa Vista,MT,Centro-Oeste,0.7215175,80.0,10,72.15175,-7.8482513427734375,True
Tamboril do Piauí,PI,Nordeste,0.62704945,70.55,5,62.704945,-7.845055389404294,True
Lagoa de Itaenga,PE,Nordeste,0.6403768,71.87,13,64.03768,-7.832318420410161,True
Paraibano,MA,Nordeste,0.7119214,79.02,33,71.19214,-7.827861328124996,True
Dom Viçoso,MG,Sudeste,0.7218194,80.0,2,72.18194,-7.818061828613281,True
Glória,BA,Nordeste,0.3479894,42.59,10,34.798943,-7.791057434082035,True
Roteiro,AL,Nordeste,0.5914066,66.92,9,59.14066,-7.779340667724611,True
Munhoz,MG,Sudeste,0.7045498,78.23,8,70.45498,-7.77502105712891,True
Porto Velho,RO,Norte,0.59730244,67.5,576,59.730244,-7.769756317138672,True
São Lourenço do Oeste,SC,Sul,0.6499318,72.76,30,64.99318,-7.766820678710943,True
Tenente Laurentino Cruz,RN,Nordeste,0.4257408,50.34,10,42.57408,-7.765918579101566,True
São José da Laje,AL,Nordeste,0.71569294,79.33,24,71.56929,-7.760709838867186,True
São Gabriel,RS,Sul,0.56499505,64.25,45,56.499504,-7.750495910644531,True
Cedral,MA,Nordeste,0.6368443,71.43,10,63.68443,-7.745570831298835,True
Miguelópolis,SP,Sudeste,0.5913855,66.88,8,59.13855,-7.7414501953124955,True
Baraúna,PB,Nordeste,0.5504595,62.78,4,55.04595,-7.734048156738282,True
Ibertioga,MG,Sudeste,0.7227203,80.0,9,72.27203,-7.72796630859375,True
São Mateus do Sul,PR,Sul,0.72273886,80.0,40,72.27389,-7.726112365722656,True
Cachoeira do Piriá,PA,Norte,0.45289454,53.0,18,45.289455,-7.710544586181641,True
Brejo Grande do Araguaia,PA,Norte,0.5692249,64.62,8,56.92249,-7.697510833740239,True
Vertente do Lério,PE,Nordeste,0.72306776,80.0,7,72.30678,-7.6932220458984375,True
Boquira,BA,Nordeste,0.38114744,45.79999999999999,10,38.114746,-7.68525390624999,True
Porto Lucena,RS,Sul,0.71100664,78.78,6,71.10066,-7.679337768554689,True
Ouro,SC,Sul,0.6607755,73.74,4,66.077545,-7.66245483398437,True
Santa Cruz da Vitória,BA,Nordeste,0.4309917,50.76,7,43.09917,-7.660829315185545,True
Salvaterra,PA,Norte,0.4892227,56.58,15,48.92227,-7.657728271484373,True
Santo Antônio do Amparo,MG,Sudeste,0.7234582,80.0,22,72.34582,-7.654182434082031,True
Guabiruba,SC,Sul,0.64086837,71.73,35,64.08684,-7.6431622314453165,True
Uruará,PA,Norte,0.60239524,67.88,45,60.239525,-7.640475158691402,True
Apuarema,BA,Nordeste,0.3594434,43.58,7,35.94434,-7.635660247802733,True
Floresta do Piauí,PI,Nordeste,0.7237117,80.0,2,72.37117,-7.6288299560546875,True
São José do Rio Claro,MT,Centro-Oeste,0.66618854,74.23,28,66.61885,-7.6111492919921915,True
Naque,MG,Sudeste,0.7200208,79.61,9,72.002075,-7.607924804687499,True
Santana de Mangueira,PB,Nordeste,0.72400844,80.0,2,72.40084,-7.599159240722656,True
Jatobá,PE,Nordeste,0.6913333,76.72,8,69.13333,-7.586668701171874,True
Cairu,BA,Nordeste,0.35935917,43.5,24,35.935917,-7.564083099365234,True
Sagrada Família,RS,Sul,0.7141636,78.98,3,71.41636,-7.563641052246098,True
Antônio Prado,RS,Sul,0.6067295,68.22,12,60.67295,-7.547049255371093,True
Antônio Carlos,SC,Sul,0.67773175,75.32,17,67.77318,-7.546821899414056,True
Japonvar,MG,Sudeste,0.68177915,75.72,13,68.17792,-7.542082519531249,True
Jacobina,BA,Nordeste,0.30259946,37.79,72,30.259947,-7.530053176879882,True
Pareci Novo,RS,Sul,0.66571724,74.1,10,66.571724,-7.528276062011713,True
Paudalho,PE,Nordeste,0.5828087,65.79,51,58.28087,-7.509131469726569,True
Itarantim,BA,Nordeste,0.3713186,44.64000000000001,17,37.131863,-7.508137359619148,True
Caibi,SC,Sul,0.6866215,76.16,5,68.66215,-7.49785247802734,True
Carrapateira,PB,Nordeste,0.63234663,70.72,3,63.234665,-7.485335083007811,True
Santana do São Francisco,SE,Nordeste,0.28568166,36.03,8,28.568167,-7.461833267211915,True
Monte Alegre dos Campos,RS,Sul,0.585509,66.01,2,58.5509,-7.459100494384771,True
Faro,PA,Norte,0.48364714,55.82000000000001,14,48.364716,-7.455284423828132,True
Porto Vera Cruz,RS,Sul,0.5848131,65.93,1,58.48131,-7.448688201904304,True
Bonito,BA,Nordeste,0.3898317,46.43,21,38.98317,-7.446830444335937,True
Tucumã,PA,Norte,0.54867065,62.31,55,54.867065,-7.442934570312502,True
Descanso,SC,Sul,0.7257015,80.0,4,72.57015,-7.429847717285156,True
Vista Alegre do Prata,RS,Sul,0.7257323,80.0,1,72.573235,-7.426765441894531,True
Rio Grande,RS,Sul,0.5102422,58.45,174,51.024223,-7.425776672363284,True
São José do Cedro,SC,Sul,0.69506127,76.92,17,69.50613,-7.413873596191408,True
Timbó,SC,Sul,0.64143324,71.48,66,64.143326,-7.3366741943359415,True
Ipanema,MG,Sudeste,0.71696836,79.02,17,71.69684,-7.323161621093746,True
Antônio Carlos,MG,Sudeste,0.7100142,78.32,9,71.00142,-7.318580932617181,True
Águas Belas,PE,Nordeste,0.53974676,61.28,59,53.974678,-7.30532196044922,True
Jaguari,RS,Sul,0.6007072,67.37,11,60.070717,-7.299283142089848,True
Itapitanga,BA,Nordeste,0.30761006,38.06,7,30.761007,-7.298992691040041,True
Camacan,BA,Nordeste,0.3354172,40.84,26,33.54172,-7.298278656005863,True
Brejinho,PE,Nordeste,0.6551686,72.8,10,65.51686,-7.283139038085935,True
Rio Doce,MG,Sudeste,0.72718835,80.0,3,72.718834,-7.281166076660156,True
Anadia,AL,Nordeste,0.50564986,57.84000000000001,11,50.564987,-7.275012817382823,True
Iati,PE,Nordeste,0.6129126,68.56,13,61.29126,-7.268740234375002,True
Inhacorá,RS,Sul,0.58241355,65.51,2,58.241356,-7.268644104003911,True
Anagé,BA,Nordeste,0.3592537,43.17,14,35.92537,-7.244630737304689,True
Aroeiras,PB,Nordeste,0.62647474,69.89,31,62.647472,-7.242527618408204,True
Estrela do Indaiá,MG,Sudeste,0.72770023,80.0,4,72.77002,-7.22998046875,True
Demerval Lobão,PI,Nordeste,0.64490336,71.72,11,64.49033,-7.229666442871093,True
Rio do Pires,BA,Nordeste,0.3590407,43.13,3,35.90407,-7.225928192138674,True
Itaperuna,RJ,Sudeste,0.6324194,70.46,70,63.24194,-7.218060455322259,True
Água Doce,SC,Sul,0.60022926,67.24,8,60.022926,-7.217073669433589,True
Japaratuba,SE,Nordeste,0.40952012,48.16,16,40.95201,-7.207988891601559,True
Conceição de Ipanema,MG,Sudeste,0.72796327,80.0,2,72.796326,-7.20367431640625,True
Mirangaba,BA,Nordeste,0.33393225,40.59,14,33.393227,-7.196773376464847,True
Iporã do Oeste,SC,Sul,0.7281949,80.0,9,72.81949,-7.180511474609375,True
Itanhaém,SP,Sudeste,0.5141145,58.59,78,51.41145,-7.1785505676269565,True
São João do Manhuaçu,MG,Sudeste,0.70049554,77.22,16,70.04955,-7.17044708251953,True
Ouro Preto do Oeste,RO,Norte,0.6642939,73.58,34,66.42939,-7.150610046386717,True
Cajamar,SP,Sudeste,0.48560062,55.71,48,48.560062,-7.149937591552735,True
São José do Divino,PI,Nordeste,0.7285785,80.0,8,72.85785,-7.14215087890625,True
Piracanjuba,GO,Centro-Oeste,0.6276584,69.9,18,62.765842,-7.134157562255865,True
Virgolândia,MG,Sudeste,0.72869045,80.0,4,72.86904,-7.130958557128906,True
Rio Preto,MG,Sudeste,0.65433586,72.56,5,65.433586,-7.1264138793945335,True
Alvorada,TO,Norte,0.4599092,53.11,8,45.99092,-7.119078979492187,True
Flores,PE,Nordeste,0.6802208,75.14,18,68.02208,-7.117920532226563,True
Nova Monte Verde,MT,Centro-Oeste,0.70490104,77.58,12,70.490105,-7.0898953247070295,True
Astolfo Dutra,MG,Sudeste,0.6858295,75.66,13,68.582954,-7.077045593261715,True
Águas de Chapecó,SC,Sul,0.6640302,73.48,7,66.40302,-7.076977233886723,True
Belém do Brejo do Cruz,PB,Nordeste,0.54160297,61.23,6,54.160297,-7.069702606201169,True
Ipecaetá,BA,Nordeste,0.3454066,41.61,7,34.54066,-7.069339141845703,True
Biquinhas,MG,Sudeste,0.7293383,80.0,2,72.93383,-7.066169738769531,True
Monteiro,PB,Nordeste,0.52106386,59.17,44,52.106388,-7.063611907958986,True
Ribeirópolis,SE,Nordeste,0.3347696,40.54,18,33.47696,-7.063040771484374,True
Catolé do Rocha,PB,Nordeste,0.5226095,59.32,26,52.26095,-7.0590518188476565,True
Chalé,MG,Sudeste,0.7295156,80.0,3,72.95156,-7.048439025878906,True
Matutina,MG,Sudeste,0.72962505,80.0,2,72.9625,-7.037498474121094,True
Amélia Rodrigues,BA,Nordeste,0.36992034,44.02,12,36.992035,-7.027965087890628,True
Benevides,PA,Norte,0.5677318,63.79999999999999,93,56.77318,-7.0268218994140526,True
Quebrangulo,AL,Nordeste,0.54194665,61.22,15,54.194664,-7.025335998535155,True
Itapiranga,SC,Sul,0.6588237,72.9,17,65.88237,-7.017630004882818,True
Cabo de Santo Agostinho,PE,Nordeste,0.52233875,59.25,210,52.233875,-7.016124725341797,True
Penedo,AL,Nordeste,0.40008757,47.02,56,40.008755,-7.011245269775394,True
Santo Antônio do Içá,AM,Norte,0.5604355,63.05,60,56.04355,-7.006451416015622,True
Buriti,MA,Nordeste,0.43615904,50.62,22,43.615906,-7.004094238281247,True
Curionópolis,PA,Norte,0.48582786,55.58,26,48.582787,-6.9972134399414045,True
Carpina,PE,Nordeste,0.6068782,67.68,59,60.68782,-6.992179565429694,True
Bom Jesus do Galho,MG,Sudeste,0.7300995,80.0,17,73.00995,-6.99005126953125,True
Colinas do Tocantins,TO,Norte,0.48800978,55.79,52,48.80098,-6.989020385742187,True
Lençóis,BA,Nordeste,0.3584854,42.830000000000005,10,35.84854,-6.98145874023438,True
Riachão do Dantas,SE,Nordeste,0.3748557,44.45,13,37.48557,-6.964430999755862,True
Barra de Santa Rosa,PB,Nordeste,0.53346145,60.31,7,53.346146,-6.96385437011719,True
Pedreiras,MA,Nordeste,0.6305618,70.02,23,63.056183,-6.963817138671871,True
Belém do Piauí,PI,Nordeste,0.7303647,80.0,5,73.03647,-6.963531494140625,True
Aquidauana,MS,Centro-Oeste,0.646696,71.59,67,64.66959,-6.920406188964847,True
Sinimbu,RS,Sul,0.6438485,71.29,7,64.38485,-6.9051504516601625,True
São Francisco do Brejão,MA,Nordeste,0.58608663,65.51,16,58.60866,-6.901338348388677,True
Córrego Danta,MG,Sudeste,0.73099816,80.0,2,73.099815,-6.900184631347656,True
Nossa Senhora Aparecida,SE,Nordeste,0.3767284,44.57,4,37.67284,-6.897159881591797,True
Caeté,MG,Sudeste,0.67594707,74.49,30,67.5947,-6.895296325683589,True
Pintadas,BA,Nordeste,0.4369637,50.59,5,43.69637,-6.893630828857425,True
Arraial,PI,Nordeste,0.7311531,80.0,7,73.11531,-6.8846893310546875,True
Petrolina,PE,Nordeste,0.61540914,68.42,488,61.540913,-6.879087371826174,True
Cruz das Almas,BA,Nordeste,0.34570235,41.43,47,34.570236,-6.859763793945312,True
Lago Verde,MA,Nordeste,0.5821685,65.07,12,58.21685,-6.853149719238274,True
Witmarsum,SC,Sul,0.73121506,79.97,8,73.121506,-6.848494262695311,True
Dom Eliseu,PA,Norte,0.55911225,62.75,48,55.911224,-6.838775634765625,True
Rio Claro,RJ,Sudeste,0.6109148,67.93,17,61.091484,-6.838515930175788,True
Santo Antônio de Jesus,BA,Nordeste,0.33523887,40.35,43,33.523888,-6.826112365722658,True
Curral de Dentro,MG,Sudeste,0.725399,79.36,8,72.5399,-6.820098266601562,True
Lavras do Sul,RS,Sul,0.54741365,61.56,4,54.741364,-6.818636474609377,True
Jequié,BA,Nordeste,0.3755571,44.37,82,37.55571,-6.81429016113281,True
Novo Cruzeiro,MG,Sudeste,0.69459754,76.27,33,69.459755,-6.81024505615234,True
Itagi,BA,Nordeste,0.37450522,44.26,16,37.450523,-6.809476623535154,True
Santarém Novo,PA,Norte,0.4996524,56.760000000000005,7,49.96524,-6.79475952148438,True
São Geraldo do Baixio,MG,Sudeste,0.6577737,72.56,6,65.77737,-6.7826333618164085,True
Palmas,TO,Norte,0.55418825,62.199999999999996,293,55.418823,-6.781176757812496,True
Sucupira do Riachão,MA,Nordeste,0.6931691,76.09,2,69.31691,-6.773090209960941,True
São Leopoldo,RS,Sul,0.540673,60.830000000000005,225,54.067303,-6.7626972961425835,True
Cristal,RS,Sul,0.61769783,68.53,8,61.769783,-6.76021697998047,True
Peixe-Boi,PA,Norte,0.51353693,58.11,7,51.35369,-6.756308898925781,True
Santa Cecília do Sul,RS,Sul,0.69005674,75.76,2,69.00568,-6.754323730468755,True
Lagoa Grande do Maranhão,MA,Nordeste,0.7325645,80.0,15,73.256454,-6.7435455322265625,True
Iguaraci,PE,Nordeste,0.6700694,73.75,8,67.00694,-6.7430572509765625,True
Paty do Alferes,RJ,Sudeste,0.619526,68.68,26,61.952602,-6.7273976135253974,True
Calumbi,PE,Nordeste,0.6854525,75.27,8,68.54525,-6.724750061035152,True
Santa Rita do Tocantins,TO,Norte,0.5920414,65.92,2,59.204136,-6.715864105224611,True
Canápolis,BA,Nordeste,0.37145135,43.85,11,37.145134,-6.704866027832033,True
Macaparana,PE,Nordeste,0.6707565,73.76,14,67.07565,-6.68434692382813,True
Indiaroba,SE,Nordeste,0.38108248,44.78000000000001,20,38.108246,-6.671754150390633,True
Soledade,RS,Sul,0.61811674,68.48,30,61.811672,-6.668327789306645,True
Monte Santo,BA,Nordeste,0.3128326,37.95,40,31.28326,-6.6667396545410185,True
Quissamã,RJ,Sudeste,0.6179681,68.46,22,61.796806,-6.663193664550775,True
Igarassu,PE,Nordeste,0.5881623,65.47,111,58.81623,-6.653769226074218,True
Cruzaltense,RS,Sul,0.7146622,78.11,2,71.46622,-6.643782958984374,True
Cabrobó,PE,Nordeste,0.63497293,70.14,39,63.49729,-6.642708435058594,True
Nova Glória,GO,Centro-Oeste,0.7336147,80.0,10,73.361465,-6.6385345458984375,True
Macaé,RJ,Sudeste,0.5655398,63.19,326,56.553978,-6.636022033691404,True
Vidal Ramos,SC,Sul,0.67693233,74.32,7,67.69324,-6.626762695312493,True
Arari,MA,Nordeste,0.6288802,69.51,30,62.88802,-6.621980438232427,True
Belém de Maria,PE,Nordeste,0.66005754,72.62,10,66.00575,-6.614247436523442,True
Santa Cruz do Sul,RS,Sul,0.60706645,67.32,106,60.706646,-6.613354034423821,True
Papanduva,SC,Sul,0.65417737,72.03,18,65.41774,-6.612260131835939,True
Igreja Nova,AL,Nordeste,0.46560168,53.17,24,46.56017,-6.609830780029299,True
Rio das Ostras,RJ,Sudeste,0.6152072,68.13,166,61.52072,-6.6092785644531205,True
Tapiramutá,BA,Nordeste,0.333723,39.97,10,33.3723,-6.597700805664061,True
Capim,PB,Nordeste,0.53416514,60.010000000000005,11,53.416515,-6.593484649658208,True
Salvador,BA,Nordeste,0.38928688,45.52,1342,38.928688,-6.591311950683597,True
Currais Novos,RN,Nordeste,0.40742338,47.33,21,40.742336,-6.587663726806639,True
Vera Cruz,RS,Sul,0.6207517,68.66,14,62.07517,-6.584831390380856,True
Santa Terezinha,PE,Nordeste,0.63623977,70.19,12,63.623978,-6.566022338867185,True
Livramento de Nossa Senhora,BA,Nordeste,0.38310665,44.87,51,38.310665,-6.559334869384763,True
Itapissuma,PE,Nordeste,0.71476233,78.03,39,71.476234,-6.553765563964845,True
Cruzília,MG,Sudeste,0.7346064,80.0,16,73.46064,-6.539360046386719,True
Canguaretama,RN,Nordeste,0.37673298,44.21,28,37.673298,-6.536702117919923,True
Ubatã,BA,Nordeste,0.31934965,38.45,11,31.934965,-6.515034866333011,True
Atalaia,PR,Sul,0.73506445,80.0,5,73.50645,-6.493553161621094,True
Santo Antônio de Lisboa,PI,Nordeste,0.57849777,64.31,7,57.849777,-6.460222778320315,True
Quixaba,PE,Nordeste,0.73540926,80.0,12,73.540924,-6.459075927734375,True
Taquarussu,MS,Centro-Oeste,0.7257082,79.02,5,72.570816,-6.4491839599609335,True
Portão,RS,Sul,0.5357899,60.02,43,53.57899,-6.441009063720706,True
Coqueiral,MG,Sudeste,0.662381,72.67,6,66.2381,-6.431901855468752,True
São Domingos das Dores,MG,Sudeste,0.7357486,80.0,10,73.57486,-6.425140380859375,True
Aratuípe,BA,Nordeste,0.46725625,53.15,10,46.725624,-6.424375915527342,True
Piancó,PB,Nordeste,0.4752671,53.95,14,47.52671,-6.423289489746097,True
Guaraciaba,SC,Sul,0.73578054,80.0,12,73.57806,-6.421943664550781,True
Parnaguá,PI,Nordeste,0.63239616,69.66,16,63.239616,-6.420383605957028,True
Maringá,PR,Sul,0.73583925,80.0,320,73.58392,-6.41607666015625,True
Paragominas,PA,Norte,0.5893163,65.34,136,58.93163,-6.4083708190918,True
Tupanatinga,PE,Nordeste,0.64011717,70.41,20,64.01172,-6.398281249999997,True
Nilo Peçanha,BA,Nordeste,0.3634401,42.73,9,36.34401,-6.385990600585934,True
Liberato Salzano,RS,Sul,0.6795179,74.33,2,67.95179,-6.378210144042967,True
Tangará,RN,Nordeste,0.42464802,48.84,17,42.4648,-6.375198211669925,True
Brasilândia de Minas,MG,Sudeste,0.70860106,77.23,16,70.86011,-6.369892578125004,True
Pescador,MG,Sudeste,0.73632574,80.0,6,73.632576,-6.367424011230469,True
Paranatama,PE,Nordeste,0.6867752,75.04,8,68.67752,-6.362479248046881,True
Conselheiro Pena,MG,Sudeste,0.6266562,69.02,22,62.66562,-6.354381103515621,True
Mar Vermelho,AL,Nordeste,0.5611375,62.46,5,56.11375,-6.346249542236329,True
São Joaquim do Monte,PE,Nordeste,0.6402538,70.35,25,64.025375,-6.324624633789057,True
Lagoa Seca,PB,Nordeste,0.6240025,68.72,23,62.400253,-6.319746704101561,True
Pontes e Lacerda,MT,Centro-Oeste,0.6362893,69.94,54,63.62893,-6.311070861816404,True
Pendências,RN,Nordeste,0.4073878,47.04,16,40.73878,-6.301219024658202,True
Bandeirantes do Tocantins,TO,Norte,0.3604148,42.34,4,36.04148,-6.298518981933597,True
Urupá,RO,Norte,0.66068196,72.36,13,66.0682,-6.291800842285156,True
Ielmo Marinho,RN,Nordeste,0.41115057,47.4,11,41.11506,-6.284941101074217,True
Cumaru do Norte,PA,Norte,0.4876941,55.05,18,48.769413,-6.2805870056152315,True
Jurema,PI,Nordeste,0.7373183,80.0,9,73.73183,-6.2681732177734375,True
São Pedro das Missões,RS,Sul,0.73787326,80.0,2,73.78732,-6.212677001953125,True
Pedra do Indaiá,MG,Sudeste,0.7379292,80.0,2,73.79292,-6.2070770263671875,True
Morro do Chapéu,BA,Nordeste,0.36671874,42.87,23,36.671875,-6.198124999999997,True
Iguaba Grande,RJ,Sudeste,0.59144557,65.34,32,59.144558,-6.195442047119144,True
Gurinhatã,MG,Sudeste,0.71196574,77.39,3,71.19657,-6.193428649902344,True
Wenceslau Guimarães,BA,Nordeste,0.38663912,44.82,10,38.66391,-6.156090087890625,True
Anápolis,GO,Centro-Oeste,0.6727448,73.43,301,67.27448,-6.155517272949226,True
Oeiras,PI,Nordeste,0.62057734,68.21,42,62.05773,-6.152268371582025,True
Martins,RN,Nordeste,0.4154826,47.7,11,41.54826,-6.151740264892581,True
Blumenau,SC,Sul,0.6038862,66.53,330,60.38862,-6.14138153076172,True
Itajuípe,BA,Nordeste,0.35041037,41.18,9,35.04104,-6.138961486816406,True
Maçambará,RS,Sul,0.6294464,69.08,5,62.944637,-6.135362701416014,True
Paracambi,RJ,Sudeste,0.60751176,66.88,44,60.751175,-6.128825073242183,True
Dianópolis,TO,Norte,0.50347906,56.46999999999999,20,50.347908,-6.1220919799804605,True
Brejo do Cruz,PB,Nordeste,0.5182933,57.95,17,51.82933,-6.120669555664065,True
Pavão,MG,Sudeste,0.7388307,80.0,7,73.88307,-6.1169281005859375,True
São José do Peixe,PI,Nordeste,0.7050119,76.6,5,70.50119,-6.098809814453119,True
Colônia do Piauí,PI,Nordeste,0.5712558,63.22,8,57.12558,-6.094420166015624,True
Parobé,RS,Sul,0.55421275,61.51,65,55.421276,-6.088723907470701,True
Santa Luzia D'Oeste,RO,Norte,0.70613027,76.7,6,70.61303,-6.086970520019534,True
Cortês,PE,Nordeste,0.5873782,64.81,9,58.73782,-6.072180328369143,True
Cabo Verde,MG,Sudeste,0.67181253,73.25,11,67.18125,-6.068748474121094,True
Sant'Ana do Livramento,RS,Sul,0.48658654,54.720000000000006,61,48.658653,-6.061346740722662,True
Caicó,RN,Nordeste,0.36242843,42.3,27,36.242844,-6.05715637207031,True
Santo Antônio de Pádua,RJ,Sudeste,0.6252515,68.58,47,62.525146,-6.054853515624998,True
Encruzilhada do Sul,RS,Sul,0.60469824,66.52,25,60.469826,-6.05017425537109,True
Charqueadas,RS,Sul,0.6037994,66.43,44,60.37994,-6.0500599670410224,True
Pirapora do Bom Jesus,SP,Sudeste,0.43286383,49.33,16,43.286385,-6.043615417480467,True
Altamira,PA,Norte,0.46049792,52.089999999999996,170,46.049793,-6.040206756591793,True
Cândido Mendes,MA,Nordeste,0.58618826,64.65,28,58.618824,-6.031175994873053,True
Resplendor,MG,Sudeste,0.6685187,72.87,14,66.851875,-6.018124694824223,True
Ribeirão Cascalheira,MT,Centro-Oeste,0.6012439,66.14,11,60.12439,-6.015610351562501,True
Juazeiro,BA,Nordeste,0.3219531,38.21,264,32.19531,-6.0146913146972665,True
Vitória da Conquista,BA,Nordeste,0.47097814,53.11,306,47.097813,-6.012187347412109,True
Rio Fortuna,SC,Sul,0.7259079,78.6,10,72.59079,-6.009210205078119,True
Limoeiro do Ajuru,PA,Norte,0.46921366,52.92,34,46.921368,-5.99863235473633,True
Valente,BA,Nordeste,0.33211577,39.21,9,33.21158,-5.998421630859376,True
Esperança,PB,Nordeste,0.585808,64.55,34,58.5808,-5.969200897216794,True
Caçapava,SP,Sudeste,0.5155837,57.51,33,51.55837,-5.95163131713867,True
Augustinópolis,TO,Norte,0.48991,54.93999999999999,22,48.991,-5.9489988708496,True
Santa Cruz,PE,Nordeste,0.65034944,70.98,10,65.03494,-5.945057373046879,True
Correntina,BA,Nordeste,0.3737668,43.32,23,37.376682,-5.94331771850586,True
Belo Vale,MG,Sudeste,0.7405848,80.0,7,74.05848,-5.941520690917969,True
São José do Vale do Rio Preto,RJ,Sudeste,0.668456,72.76,25,66.845604,-5.914396057128911,True
Coronel Freitas,SC,Sul,0.69266343,75.16,16,69.26634,-5.893657836914059,True
Itaituba,PA,Norte,0.5825502,64.14,198,58.255024,-5.884976043701172,True
Urussanga,SC,Sul,0.6476528,70.65,21,64.76528,-5.884718322753912,True
Caiçara,PB,Nordeste,0.5228817,58.17,3,52.28817,-5.881830139160158,True
São Francisco de Paula,MG,Sudeste,0.729809,78.86,7,72.980896,-5.879104003906249,True
Arroio Trinta,SC,Sul,0.741444,80.0,5,74.1444,-5.855598449707031,True
São João Batista do Glória,MG,Sudeste,0.74146223,80.0,10,74.146225,-5.8537750244140625,True
Barra do Choça,BA,Nordeste,0.3691592,42.76,35,36.91592,-5.844079742431639,True
Orobó,PE,Nordeste,0.58499527,64.34,13,58.499527,-5.840473022460941,True
Guaíba,RS,Sul,0.4886063,54.7,94,48.86063,-5.839369964599612,True
Ribeira do Pombal,BA,Nordeste,0.35361686,41.2,49,35.361687,-5.838313293457034,True
Caturité,PB,Nordeste,0.51639396,57.47,7,51.639397,-5.83060333251953,True
Senhora dos Remédios,MG,Sudeste,0.741742,80.0,10,74.1742,-5.825798034667969,True
Pombal,PB,Nordeste,0.5637,62.19,28,56.370003,-5.8199972534179665,True
Camaragibe,PE,Nordeste,0.5638974,62.20000000000001,109,56.389736,-5.810263824462901,True
Serra Alta,SC,Sul,0.74193233,80.0,7,74.19323,-5.806770324707031,True
Salgadinho,PE,Nordeste,0.74195594,80.0,7,74.195595,-5.804405212402344,True
São Miguel do Oeste,SC,Sul,0.6465581,70.46,54,64.65581,-5.804192504882806,True
Major Vieira,SC,Sul,0.6501877,70.82,10,65.01877,-5.801231689453118,True
Nova Ponte,MG,Sudeste,0.67745185,73.54,21,67.745186,-5.794814147949225,True
Matupá,MT,Centro-Oeste,0.6215986,67.95,35,62.15986,-5.790141296386722,True
Wanderlândia,TO,Norte,0.3613374,41.91,13,36.13374,-5.77626052856445,True
Ivinhema,MS,Centro-Oeste,0.59063286,64.82,46,59.063286,-5.756714172363274,True
Urucará,AM,Norte,0.5508464,60.83,26,55.08464,-5.745359497070311,True
Milagres,CE,Nordeste,0.7025768,76.0,21,70.25768,-5.742317199707031,True
Junco do Seridó,PB,Nordeste,0.5443817,60.17,3,54.438168,-5.731832427978517,True
Botuverá,SC,Sul,0.65312135,71.04,11,65.31213,-5.727866210937506,True
São Gabriel,BA,Nordeste,0.3436568,40.09,17,34.36568,-5.724319305419925,True
Nossa Senhora do Livramento,MT,Centro-Oeste,0.64658415,70.38,6,64.65842,-5.7215832519531205,True
Nova Friburgo,RJ,Sudeste,0.61971915,67.69,166,61.971916,-5.718083801269529,True
Campina Verde,MG,Sudeste,0.71958077,77.67,13,71.95808,-5.7119235229492205,True
Cascavel,PR,Sul,0.7428873,80.0,332,74.288734,-5.711265563964844,True
Brochier,RS,Sul,0.6157969,67.29,5,61.579693,-5.710307159423834,True
São Valério do Sul,RS,Sul,0.67069983,72.78,2,67.069984,-5.710015563964845,True
Barra do Rocha,BA,Nordeste,0.38917106,44.61,4,38.917107,-5.692893371582031,True
Engenheiro Paulo de Frontin,RJ,Sudeste,0.6011395,65.8,14,60.11395,-5.686051177978513,True
Lago da Pedra,MA,Nordeste,0.74319166,80.0,38,74.31917,-5.6808319091796875,True
Centralina,MG,Sudeste,0.7286153,78.54,7,72.86153,-5.678473510742194,True
Aurora do Tocantins,TO,Norte,0.5172744,57.4,4,51.72744,-5.672560119628905,True
Alto Paraguai,MT,Centro-Oeste,0.63899666,69.57,10,63.899666,-5.670334167480462,True
Xinguara,PA,Norte,0.49149716,54.82000000000001,52,49.149715,-5.670284576416023,True
Novo Santo Antônio,MT,Centro-Oeste,0.66940755,72.61,7,66.94076,-5.669242248535156,True
Nossa Senhora dos Remédios,PI,Nordeste,0.61117065,66.78,15,61.117065,-5.662934570312501,True
Santana de Cataguases,MG,Sudeste,0.74348146,80.0,4,74.348145,-5.65185546875,True
Irineópolis,SC,Sul,0.6745121,73.1,11,67.45121,-5.648789978027338,True
São João do Oriente,MG,Sudeste,0.7435672,80.0,9,74.35672,-5.643280029296875,True
Graça Aranha,MA,Nordeste,0.6826361,73.9,9,68.26361,-5.636389160156256,True
Piraquara,PR,Sul,0.5628934,61.92,130,56.289337,-5.630662841796877,True
Bujaru,PA,Norte,0.5049307,56.12,19,50.49307,-5.626931304931638,True
Magalhães Barata,PA,Norte,0.52694744,58.32,8,52.694744,-5.625255889892578,True
Montauri,RS,Sul,0.74375844,80.0,1,74.37585,-5.624153137207031,True
Xexéu,PE,Nordeste,0.5989923,65.51,11,59.899227,-5.610772857666021,True
Santo Antônio do Grama,MG,Sudeste,0.74399203,80.0,4,74.3992,-5.600799560546875,True
Itaiópolis,SC,Sul,0.6228027,67.88,28,62.280266,-5.599734191894527,True
Atalaia,AL,Nordeste,0.33721644,39.32,46,33.721645,-5.598354644775391,True
Santa Luzia,PB,Nordeste,0.5340493,59.0,19,53.404926,-5.595073699951172,True
Nova Olinda do Norte,AM,Norte,0.50519043,56.11,27,50.519043,-5.590957031249999,True
Tocantinópolis,TO,Norte,0.3564471,41.22,22,35.64471,-5.5752894592285145,True
Cajazeiras,PB,Nordeste,0.50785685,56.35999999999999,59,50.785683,-5.574317321777336,True
Mandirituba,PR,Sul,0.73898464,79.47,28,73.89847,-5.571531982421874,True
Jussari,BA,Nordeste,0.36973718,42.54,10,36.973717,-5.566283264160155,True
Ourilândia do Norte,PA,Norte,0.48252812,53.81,47,48.25281,-5.557188568115237,True
Água Clara,MS,Centro-Oeste,0.6619344,71.75,33,66.193436,-5.5565643310546875,True
Nova Timboteua,PA,Norte,0.49654227,55.21,14,49.65423,-5.555771789550782,True
Baixa Grande,BA,Nordeste,0.373904,42.94,9,37.3904,-5.54960006713867,True
Picos,PI,Nordeste,0.51883787,57.43,59,51.883785,-5.546214752197265,True
Arauá,SE,Nordeste,0.32525012,38.07,12,32.525013,-5.544987030029297,True
Presidente Olegário,MG,Sudeste,0.7221546,77.76,14,72.21546,-5.544538269042974,True
Caxambu,MG,Sudeste,0.713942,76.93,15,71.394196,-5.535804443359382,True
Muitos Capões,RS,Sul,0.65015966,70.55,5,65.01597,-5.534031677246091,True
Passo Fundo,RS,Sul,0.5657922,62.10000000000001,191,56.57922,-5.520780181884774,True
Maués,AM,Norte,0.52097046,57.61,54,52.097046,-5.512954101562499,True
Humberto de Campos,MA,Nordeste,0.59118044,64.63,28,59.118046,-5.51195419311523,True
Barreiras,BA,Nordeste,0.38958958,44.47,168,38.958958,-5.511042327880858,True
Olho d'Água Grande,AL,Nordeste,0.7449443,80.0,3,74.49443,-5.5055694580078125,True
Dias d'Ávila,BA,Nordeste,0.36716574,42.22,50,36.716576,-5.503424377441405,True
Barrinha,SP,Sudeste,0.54016834,59.519999999999996,13,54.016834,-5.503165740966793,True
Catanduvas,SC,Sul,0.6467822,70.18,8,64.67822,-5.501777343750007,True
João Dourado,BA,Nordeste,0.35930976,41.43,29,35.930977,-5.4990231323242185,True
Malhador,SE,Nordeste,0.35624927,41.11,18,35.624928,-5.485072479248046,True
Presidente Juscelino,MG,Sudeste,0.74520564,80.0,2,74.52056,-5.479438781738281,True
Oriximiná,PA,Norte,0.35842952,41.32,67,35.842953,-5.477047271728516,True
São Félix,BA,Nordeste,0.33573195,39.05,13,33.573196,-5.476803588867185,True
São Francisco de Assis,RS,Sul,0.56347585,61.82,11,56.347584,-5.472416229248047,True
Alto Caparaó,MG,Sudeste,0.74532306,80.0,9,74.5323,-5.4676971435546875,True
Iomerê,SC,Sul,0.6984763,75.31,3,69.84763,-5.462366638183596,True
Palmeira,PR,Sul,0.67495954,72.95,29,67.49596,-5.454043579101565,True
Araújos,MG,Sudeste,0.6946963,74.92,13,69.46963,-5.450372619628908,True
Manhumirim,MG,Sudeste,0.64985245,70.43,19,64.985245,-5.444755249023444,True
São João do Pacuí,MG,Sudeste,0.6963912,75.08,2,69.63912,-5.4408779907226545,True
São José da Tapera,AL,Nordeste,0.48670343,54.11,34,48.67034,-5.439658508300781,True
Barra de São Miguel,PB,Nordeste,0.58294517,63.73,4,58.294518,-5.435482482910153,True
Ponte Branca,MT,Centro-Oeste,0.71816736,77.25,3,71.816734,-5.433265686035156,True
Luzerna,SC,Sul,0.68578094,74.01,4,68.578094,-5.43190551757813,True
Barroso,MG,Sudeste,0.6923842,74.67,14,69.23842,-5.431581420898439,True
Exu,PE,Nordeste,0.55116636,60.53,42,55.116634,-5.413365631103517,True
Guiratinga,MT,Centro-Oeste,0.74591273,80.0,8,74.59127,-5.408729553222656,True
Natuba,PB,Nordeste,0.5689304,62.3,11,56.89304,-5.4069602966308565,True
Tabatinga,SP,Sudeste,0.5991741,65.32,8,59.917408,-5.40259201049804,True
Novo Oriente do Piauí,PI,Nordeste,0.6536248,70.76,5,65.36248,-5.397519836425786,True
Carira,SE,Nordeste,0.35002655,40.4,10,35.002655,-5.397344970703124,True
Nossa Senhora das Dores,SE,Nordeste,0.3424967,39.64,22,34.24967,-5.39033187866211,True
Ibiaçá,RS,Sul,0.6648812,71.87,3,66.48812,-5.381878967285161,True
Palma Sola,SC,Sul,0.746253,80.0,6,74.625305,-5.37469482421875,True
São Mateus do Maranhão,MA,Nordeste,0.61718106,67.09,38,61.718105,-5.371894683837894,True
Tracuateua,PA,Norte,0.4825873,53.63,19,48.25873,-5.371268157958987,True
Colares,PA,Norte,0.5328281,58.64000000000001,8,53.28281,-5.357189788818367,True
Coelho Neto,MA,Nordeste,0.5840722,63.75,41,58.40722,-5.342781066894531,True
Icatu,MA,Nordeste,0.63410187,68.75,24,63.410187,-5.339813232421875,True
Sul Brasil,SC,Sul,0.71441424,76.76,4,71.44142,-5.318578491210943,True
Butiá,RS,Sul,0.50676125,55.99,25,50.676125,-5.313875427246096,True
Feira Nova,PE,Nordeste,0.7468921,80.0,21,74.68921,-5.310791015625,True
Dom Feliciano,RS,Sul,0.57706827,63.01,13,57.706825,-5.303174743652342,True
Aceguá,RS,Sul,0.66262466,71.55,7,66.26247,-5.287533569335935,True
Monsenhor Gil,PI,Nordeste,0.58298266,63.580000000000005,10,58.298267,-5.281732635498052,True
São José de Mipibu,RN,Nordeste,0.36149153,41.43,57,36.149155,-5.280845336914062,True
Capela do Alto Alegre,BA,Nordeste,0.3728724,42.56,10,37.287243,-5.272757110595705,True
Agrolândia,SC,Sul,0.7474335,80.0,19,74.74335,-5.25665283203125,True
São Gonçalo do Sapucaí,MG,Sudeste,0.7157571,76.83,26,71.57571,-5.2542935180664045,True
Lajeado Novo,MA,Nordeste,0.5857682,63.83,8,58.57682,-5.253179626464842,True
Mário Campos,MG,Sudeste,0.66647583,71.88,13,66.64758,-5.2324169921874955,True
Nova Veneza,SC,Sul,0.6600045,71.23,20,66.00045,-5.22954986572266,True
Sinop,MT,Centro-Oeste,0.5561484,60.839999999999996,254,55.61484,-5.225158538818356,True
Condado,PB,Nordeste,0.5495744,60.18,3,54.957436,-5.2225643920898435,True
Serra do Salitre,MG,Sudeste,0.5799171,63.21,16,57.991707,-5.21829315185547,True
São Thomé das Letras,MG,Sudeste,0.7478664,80.0,9,74.78664,-5.2133636474609375,True
Santa Margarida,MG,Sudeste,0.6802703,73.24,16,68.02703,-5.212969055175776,True
Boa Nova,BA,Nordeste,0.44759732,49.96999999999999,15,44.75973,-5.210268707275382,True
Afogados da Ingazeira,PE,Nordeste,0.63560236,68.77,41,63.560234,-5.209765930175777,True
Pratinha,MG,Sudeste,0.74792266,80.0,4,74.79227,-5.207733154296875,True
Mampituba,RS,Sul,0.6326377,68.47,4,63.263767,-5.206232757568358,True
Tenente Ananias,RN,Nordeste,0.4360395,48.81,10,43.60395,-5.206049499511721,True
Dom Pedrito,RS,Sul,0.5598477,61.19,29,55.98477,-5.205228271484373,True
Santa Helena,MA,Nordeste,0.5572791,60.92999999999999,18,55.727913,-5.202087097167961,True
Feira de Santana,BA,Nordeste,0.33754662,38.95,371,33.75466,-5.195338439941409,True
Xique-Xique,BA,Nordeste,0.32866555,38.06000000000001,50,32.866554,-5.193445739746103,True
Marabá,PA,Norte,0.5097724,56.17,318,50.97724,-5.1927584838867205,True
São João do Paraíso,MG,Sudeste,0.6678846,71.98,26,66.78846,-5.191540222167973,True
Cachoeira do Arari,PA,Norte,0.5153832,56.720000000000006,35,51.53832,-5.181681365966803,True
Davinópolis,MA,Nordeste,0.63724786,68.9,20,63.724785,-5.175215148925787,True
Carinhanha,BA,Nordeste,0.30531782,35.7,28,30.531782,-5.168217849731448,True
Cruzeta,RN,Nordeste,0.51292634,56.46,9,51.292633,-5.167366943359376,True
Campo Florido,MG,Sudeste,0.7140542,76.57000000000001,14,71.405426,-5.164573974609382,True
Recreio,MG,Sudeste,0.6824344,73.4,3,68.24344,-5.156561279296881,True
Ipiaú,BA,Nordeste,0.35354316,40.51,25,35.354317,-5.155683288574217,True
Cachoeira Alta,GO,Centro-Oeste,0.69099385,74.25,17,69.09939,-5.150611877441406,True
Murici dos Portelas,PI,Nordeste,0.63901114,69.05,11,63.901115,-5.148884582519528,True
Maravilha,AL,Nordeste,0.6545392,70.6,9,65.453926,-5.146073913574213,True
Jardinópolis,SC,Sul,0.74857426,80.0,3,74.85742,-5.142578125,True
Serra Talhada,PE,Nordeste,0.7156992,76.71,89,71.569916,-5.140084228515619,True
Malacacheta,MG,Sudeste,0.72500825,77.62,13,72.500824,-5.1191760253906295,True
Colméia,TO,Norte,0.48509422,53.62,7,48.509422,-5.110577697753904,True
Lagoa Vermelha,RS,Sul,0.5905751,64.16,32,59.05751,-5.102489624023434,True
Senador Rui Palmeira,AL,Nordeste,0.5143796,56.54,21,51.43796,-5.1020384216308585,True
Desterro,PB,Nordeste,0.54778725,59.88,8,54.778725,-5.101275329589846,True
Miranorte,TO,Norte,0.5198905,57.09,9,51.989048,-5.100951995849613,True
Terenos,MS,Centro-Oeste,0.58568513,63.66,32,58.568512,-5.091488037109372,True
Soledade de Minas,MG,Sudeste,0.6910315,74.19,10,69.10315,-5.086850585937498,True
Galvão,SC,Sul,0.7491905,80.0,7,74.91905,-5.0809478759765625,True
Ibirataia,BA,Nordeste,0.34660167,39.72,13,34.660168,-5.059832305908202,True
Paineiras,MG,Sudeste,0.7404046,79.1,7,74.04046,-5.059541320800776,True
Olinda,PE,Nordeste,0.5789152,62.95,263,57.891518,-5.058482360839847,True
Bom Jesus da Lapa,BA,Nordeste,0.35671714,40.73,74,35.671715,-5.058285217285153,True
Gália,SP,Sudeste,0.740189,79.07,2,74.0189,-5.051101989746087,True
Xanxerê,SC,Sul,0.6374397,68.79,35,63.743973,-5.046027221679694,True
Pitangui,MG,Sudeste,0.7496988,80.0,20,74.96988,-5.030120849609375,True
Nova Mutum,MT,Centro-Oeste,0.61774445,66.79,92,61.774445,-5.015555419921881,True
Jateí,MS,Centro-Oeste,0.6383575,68.83,7,63.83575,-4.994249420166014,True
Pato Branco,PR,Sul,0.7348876,78.48,105,73.48876,-4.991238098144535,True
Santa Rita,MA,Nordeste,0.57936424,62.92,32,57.936424,-4.983575744628908,True
Borborema,PB,Nordeste,0.75021905,80.0,2,75.021904,-4.978096008300781,True
Lontras,SC,Sul,0.5819376,63.169999999999995,17,58.19376,-4.976240081787104,True
Serrano do Maranhão,MA,Nordeste,0.64957035,69.93,10,64.95703,-4.972968750000007,True
Sertaneja,PR,Sul,0.7503409,80.0,4,75.03409,-4.965911865234375,True
Santa Maria do Herval,RS,Sul,0.735865,78.55,4,73.5865,-4.963497924804685,True
Valença,BA,Nordeste,0.3312185,38.08,43,33.121853,-4.958147125244139,True
Alto Alegre dos Parecis,RO,Norte,0.6623217,71.19,14,66.23217,-4.957829895019529,True
Itaboraí,RJ,Sudeste,0.5109116,56.04,267,51.09116,-4.9488401794433585,True
Nobres,MT,Centro-Oeste,0.5582327,60.77,26,55.823273,-4.946727294921878,True
Ministro Andreazza,RO,Norte,0.6872344,73.67,8,68.72344,-4.946557922363283,True
Santa Bárbara,MG,Sudeste,0.6658152,71.52,38,66.58152,-4.93847991943359,True
Anapu,PA,Norte,0.48949575,53.88,51,48.949577,-4.930422668457034,True
Terra Nova,PE,Nordeste,0.6006787,64.99,9,60.067867,-4.9221327209472605,True
Bandeira do Sul,MG,Sudeste,0.69514745,74.43,7,69.51475,-4.915252380371101,True
Perdões,MG,Sudeste,0.67708355,72.62,18,67.70836,-4.911641235351567,True
Campos Novos,SC,Sul,0.6195193,66.86,40,61.95193,-4.90806900024414,True
Guarapuava,PR,Sul,0.70364606,75.27,235,70.36461,-4.9053912353515585,True
São Miguel do Anta,MG,Sudeste,0.7075097,75.65,6,70.75097,-4.899031066894537,True
São Tiago,MG,Sudeste,0.7510621,80.0,12,75.10621,-4.893791198730469,True
São Miguel do Guaporé,RO,Norte,0.648366,69.73,32,64.83659,-4.8934063720703165,True
Lagoa Grande,MG,Sudeste,0.7512127,80.0,11,75.12127,-4.878730773925781,True
São Domingos,SE,Nordeste,0.3182227,36.7,5,31.82227,-4.877730560302737,True
Sarzedo,MG,Sudeste,0.7513089,80.0,55,75.13089,-4.869110107421875,True
Monte Alegre de Minas,MG,Sudeste,0.70710915,75.58,16,70.710915,-4.869085388183592,True
Campo Maior,PI,Nordeste,0.5198606,56.83,46,51.98606,-4.843938903808592,True
Araioses,MA,Nordeste,0.5532736,60.17,29,55.327362,-4.842637939453127,True
São João do Carú,MA,Nordeste,0.62758505,67.59,22,62.758507,-4.83149322509766,True
Picuí,PB,Nordeste,0.5223046,57.06,16,52.23046,-4.8295388793945335,True
Jussiape,BA,Nordeste,0.3425599,39.08,10,34.25599,-4.824010925292967,True
Garopaba,SC,Sul,0.6727176,72.08,32,67.27176,-4.808240966796873,True
Barra do Quaraí,RS,Sul,0.59360105,64.15,5,59.360104,-4.789896392822271,True
Tacima,PB,Nordeste,0.5513071,59.919999999999995,4,55.130707,-4.78929321289062,True
Parauapebas,PA,Norte,0.5379573,58.58,274,53.79573,-4.784269409179686,True
Iporá,GO,Centro-Oeste,0.738172,78.6,30,73.8172,-4.782800292968744,True
Cabo Frio,RJ,Sudeste,0.54024065,58.8,215,54.024063,-4.775936889648435,True
Mossoró,RN,Nordeste,0.39769045,44.54,198,39.769043,-4.770957031249999,True
Entre Folhas,MG,Sudeste,0.74072826,78.84,4,74.07282,-4.767177429199222,True
Marcelino Ramos,RS,Sul,0.69512886,74.28,3,69.512886,-4.76711395263672,True
Cajuru,SP,Sudeste,0.6830843,73.07,12,68.30843,-4.761566467285149,True
Santa Cruz de Salinas,MG,Sudeste,0.7525013,80.0,6,75.25013,-4.749870300292969,True
Moeda,MG,Sudeste,0.7345522,78.2,3,73.45522,-4.744776916503909,True
Gandu,BA,Nordeste,0.35420442,40.160000000000004,25,35.42044,-4.739559326171879,True
Itatiaia,RJ,Sudeste,0.627134,67.45,35,62.7134,-4.736598205566409,True
Irituia,PA,Norte,0.4615932,50.89,13,46.15932,-4.730679168701172,True
Jericó,PB,Nordeste,0.53125656,57.85,5,53.125656,-4.724343872070314,True
Novo Horizonte do Oeste,RO,Norte,0.6897677,73.7,13,68.97677,-4.723231506347659,True
São Brás,AL,Nordeste,0.64540714,69.26,6,64.54071,-4.719289550781255,True
Ibipeba,BA,Nordeste,0.32181752,36.9,10,32.18175,-4.7182487487792955,True
Populina,SP,Sudeste,0.735021,78.22,2,73.5021,-4.717901916503905,True
Tapes,RS,Sul,0.57423234,62.14000000000001,12,57.423233,-4.716766967773445,True
Água Santa,RS,Sul,0.6241457,67.13,3,62.41457,-4.715430145263667,True
Jandaia,GO,Centro-Oeste,0.72904,77.61,7,72.904,-4.706000671386718,True
Barreiros,PE,Nordeste,0.6009379,64.79,56,60.093792,-4.696208038330084,True
Jaguapitã,PR,Sul,0.72128165,76.81,19,72.12817,-4.6818338012695335,True
Treze Tílias,SC,Sul,0.7052207,75.2,17,70.52207,-4.677928161621097,True
Caiapônia,GO,Centro-Oeste,0.72422504,77.1,19,72.4225,-4.677499389648432,True
Ibirama,SC,Sul,0.6482515,69.5,26,64.82515,-4.6748504638671875,True
Apuí,AM,Norte,0.55970895,60.64,23,55.970894,-4.669106140136719,True
Assaí,PR,Sul,0.75341564,80.0,14,75.34157,-4.6584320068359375,True
Ibititá,BA,Nordeste,0.28660065,33.31,4,28.660065,-4.649935302734377,True
Perdigão,MG,Sudeste,0.7535716,80.0,14,75.35716,-4.6428375244140625,True
Santa Luzia,MA,Nordeste,0.54029304,58.67,77,54.029305,-4.6406954956054705,True
Juazeiro do Piauí,PI,Nordeste,0.65877354,70.51,7,65.87736,-4.632642517089849,True
Anguera,BA,Nordeste,0.40520704,45.15,9,40.520702,-4.629297637939452,True
Itaocara,RJ,Sudeste,0.6309255,67.71,23,63.09255,-4.617451629638666,True
Eunápolis,BA,Nordeste,0.36803645,41.41,89,36.803646,-4.606353912353512,True
Grão Mogol,MG,Sudeste,0.68294847,72.9,13,68.294846,-4.605154418945318,True
Braganey,PR,Sul,0.75398,80.0,7,75.397995,-4.6020050048828125,True
Pinheiro,MA,Nordeste,0.52904326,57.5,52,52.904327,-4.595672607421875,True
Várzea Nova,BA,Nordeste,0.35153103,39.73,16,35.153103,-4.5768971252441375,True
Ubaitaba,BA,Nordeste,0.32319137,36.89,12,32.319138,-4.570862426757813,True
Cambuci,RJ,Sudeste,0.6619069,70.76,9,66.19069,-4.569310913085943,True
Paraíso,SC,Sul,0.7543509,80.0,4,75.43509,-4.564910888671875,True
Camacho,MG,Sudeste,0.7543628,80.0,2,75.43628,-4.563720703125,True
Angra dos Reis,RJ,Sudeste,0.56259406,60.82,197,56.259407,-4.560592956542969,True
Chapecó,SC,Sul,0.5561299,60.17,282,55.612988,-4.557012481689455,True
Poção,PE,Nordeste,0.6087183,65.42,13,60.871826,-4.548173828125002,True
Cuiabá,MT,Centro-Oeste,0.5371398,58.26,584,53.713978,-4.546022186279295,True
Passa Tempo,MG,Sudeste,0.7545573,80.0,3,75.455734,-4.5442657470703125,True
Ilhéus,BA,Nordeste,0.34677136,39.22,168,34.677135,-4.542864532470702,True
Buritama,SP,Sudeste,0.62099415,66.64,10,62.099415,-4.540585174560547,True
Armação dos Búzios,RJ,Sudeste,0.6473538,69.27,65,64.73538,-4.534617919921871,True
Euclides da Cunha,BA,Nordeste,0.3544806,39.98,38,35.44806,-4.531940917968747,True
Salgado,SE,Nordeste,0.36106986,40.63,13,36.106987,-4.523013000488284,True
Colinas,MA,Nordeste,0.58379126,62.900000000000006,33,58.379128,-4.520872497558599,True
Landri Sales,PI,Nordeste,0.7548354,80.0,12,75.48354,-4.516456604003906,True
Leopoldo de Bulhões,GO,Centro-Oeste,0.73494214,78.01,9,73.49422,-4.515783081054693,True
Cumaru,PE,Nordeste,0.72459567,76.97,7,72.459564,-4.510435791015624,True
Maricá,RJ,Sudeste,0.5601347,60.519999999999996,184,56.01347,-4.506530303955074,True
Paulistana,PI,Nordeste,0.46205997,50.71,27,46.205997,-4.504002532958985,True
Ouriçangas,BA,Nordeste,0.38118908,42.62,9,38.118908,-4.501092071533201,True
Praia Grande,SC,Sul,0.63459665,67.96,16,63.459663,-4.5003366088867125,True
Campina da Lagoa,PR,Sul,0.7551707,80.0,20,75.51707,-4.482933044433594,True
Canaã,MG,Sudeste,0.7211139,76.58,4,72.11139,-4.468610839843748,True
Morro da Fumaça,SC,Sul,0.6548843,69.95,22,65.48843,-4.461573791503909,True
Goianá,MG,Sudeste,0.7129871,75.76,3,71.29871,-4.461286315917974,True
Rio Bonito do Iguaçu,PR,Sul,0.755476,80.0,17,75.5476,-4.452400207519531,True
São Francisco de Itabapoana,RJ,Sudeste,0.44912678,49.36,60,44.912678,-4.447322235107421,True
Coimbra,MG,Sudeste,0.7294687,77.38,11,72.94687,-4.4331311035156205,True
Prado,BA,Nordeste,0.37235212,41.65,47,37.235214,-4.414785766601561,True
Massaranduba,SC,Sul,0.6800201,72.41,16,68.00201,-4.407993469238278,True
Urubici,SC,Sul,0.590566,63.46,14,59.0566,-4.403401336669923,True
Leoberto Leal,SC,Sul,0.71363306,75.76,2,71.363304,-4.396695861816411,True
Xaxim,SC,Sul,0.643856,68.78,37,64.3856,-4.394402770996095,True
Urutaí,GO,Centro-Oeste,0.7399907,78.38,2,73.99907,-4.380930786132808,True
Gurupi,TO,Norte,0.4578907,50.17,70,45.78907,-4.3809298706054705,True
Caruaru,PE,Nordeste,0.54729944,59.10999999999999,300,54.729946,-4.380053863525383,True
Santa Isabel do Pará,PA,Norte,0.42600772,46.98,68,42.600773,-4.379227142333981,True
Fagundes,PB,Nordeste,0.59521383,63.9,1,59.52138,-4.3786186218261705,True
Turilândia,MA,Nordeste,0.5597185,60.34,28,55.971848,-4.368152465820316,True
Curitiba,PR,Sul,0.6756212,71.93,1319,67.56212,-4.367881469726569,True
Sombrio,SC,Sul,0.6304207,67.39,41,63.04207,-4.347931518554688,True
Itapuranga,GO,Centro-Oeste,0.7565342,80.0,13,75.65342,-4.346580505371094,True
Tomé-Açu,PA,Norte,0.48888025,53.23,117,48.888023,-4.341976623535153,True
Jacarezinho,PR,Sul,0.54911494,59.25,33,54.911495,-4.338504791259766,True
Nova Olinda do Maranhão,MA,Nordeste,0.56613624,60.95,16,56.613625,-4.336375427246097,True
Castanheira,MT,Centro-Oeste,0.615473,65.88,7,61.5473,-4.332701568603511,True
Santa Rosa de Lima,SC,Sul,0.7567001,80.0,2,75.67001,-4.329986572265625,True
Armazém,SC,Sul,0.6769333,72.02,7,67.69333,-4.326671142578121,True
Canavieiras,BA,Nordeste,0.3180416,36.12,25,31.80416,-4.3158408355712865,True
Piranhas,GO,Centro-Oeste,0.7406568,78.38,7,74.06568,-4.314318542480464,True
Palmeirina,PE,Nordeste,0.5947004,63.78,7,59.47004,-4.30996063232422,True
Naviraí,MS,Centro-Oeste,0.59224176,63.53,88,59.224174,-4.305825500488282,True
Vila Propício,GO,Centro-Oeste,0.7099495,75.29,6,70.99495,-4.295050659179694,True
Claraval,MG,Sudeste,0.71450007,75.74,7,71.450005,-4.289995422363276,True
Boa Hora,PI,Nordeste,0.5797049,62.26,5,57.97049,-4.289510498046873,True
Santa Isabel,SP,Sudeste,0.69161737,73.45,30,69.161736,-4.288264465332034,True
São José de Espinharas,PB,Nordeste,0.5594703,60.23,4,55.94703,-4.282970886230466,True
Terezinha,PE,Nordeste,0.65870565,70.15,9,65.87057,-4.279432678222662,True
Regente Feijó,SP,Sudeste,0.7379239,78.07,3,73.79239,-4.277611083984368,True
Carnaubeira da Penha,PE,Nordeste,0.7572404,80.0,5,75.724045,-4.2759552001953125,True
Pesqueira,PE,Nordeste,0.58744115,63.02,59,58.744114,-4.2758860778808625,True
Olindina,BA,Nordeste,0.37026134,41.3,25,37.026134,-4.2738655090332,True
Novo Acordo,TO,Norte,0.41318431,45.59,8,41.31843,-4.2715681457519565,True
Ilha das Flores,SE,Nordeste,0.2989947,34.17,9,29.89947,-4.27053062438965,True
Goiana,PE,Nordeste,0.5332303,57.59,71,53.32303,-4.266971435546878,True
Guarará,MG,Sudeste,0.75746435,80.0,5,75.74644,-4.253562927246094,True
Juruti,PA,Norte,0.49959442,54.21000000000001,82,49.959442,-4.250557861328133,True
Lindóia,SP,Sudeste,0.7329037,77.54,1,73.290375,-4.249625244140631,True
Sertão,RS,Sul,0.5890503,63.15,2,58.90503,-4.244970703124999,True
Caçador,SC,Sul,0.67237157,71.48,95,67.23716,-4.242840270996098,True
Cerro Branco,RS,Sul,0.6890944,73.15,2,68.90944,-4.240560913085943,True
Orleans,SC,Sul,0.6390159,68.14,33,63.901592,-4.238407745361329,True
São João de Meriti,RJ,Sudeste,0.398924,44.12,247,39.8924,-4.227601165771482,True
Tonantins,AM,Norte,0.4722364,51.45,28,47.22364,-4.226359558105472,True
Juazeiro do Norte,CE,Nordeste,0.59555554,63.78,236,59.555553,-4.224446563720704,True
Esplanada,BA,Nordeste,0.22730081,26.95,40,22.730082,-4.21991844177246,True
Nordestina,BA,Nordeste,0.34072345,38.28000000000001,11,34.072346,-4.20765426635743,True
Volta Redonda,RJ,Sudeste,0.5921848,63.410000000000004,238,59.21848,-4.191520843505863,True
Pontal do Paraná,PR,Sul,0.68392086,72.58,41,68.39209,-4.187910156249998,True
Orizona,GO,Centro-Oeste,0.7582275,80.0,12,75.822754,-4.17724609375,True
Quinze de Novembro,RS,Sul,0.66493857,70.67,4,66.49386,-4.176141662597658,True
Patrocínio do Muriaé,MG,Sudeste,0.6963032,73.79,8,69.63032,-4.159682312011725,True
Jaboatão dos Guararapes,PE,Nordeste,0.5687214,61.03,462,56.872143,-4.157857208251954,True
Santa Maria Madalena,RJ,Sudeste,0.6290228,67.06,6,62.90228,-4.157721099853518,True
São Pedro da Cipa,MT,Centro-Oeste,0.6984547,74.0,9,69.84547,-4.154533386230469,True
Pão de Açúcar,AL,Nordeste,0.48779264,52.92999999999999,21,48.779263,-4.150737457275383,True
Paulino Neves,MA,Nordeste,0.6319105,67.34,17,63.19105,-4.1489485168457065,True
Valença,RJ,Sudeste,0.5780271,61.949999999999996,72,57.80271,-4.1472885131835895,True
Jaraguá,GO,Centro-Oeste,0.7586313,80.0,39,75.86313,-4.136871337890625,True
Franciscópolis,MG,Sudeste,0.75869614,80.0,8,75.86961,-4.1303863525390625,True
Candeal,BA,Nordeste,0.33841348,37.97,5,33.841347,-4.128653259277343,True
Medina,MG,Sudeste,0.6770592,71.82,25,67.70592,-4.114082641601556,True
Matinha,MA,Nordeste,0.6248901,66.6,26,62.48901,-4.11099014282226,True
Quatipuru,PA,Norte,0.49889123,53.99,12,49.889122,-4.100877990722658,True
Alto Bela Vista,SC,Sul,0.7591808,80.0,4,75.918076,-4.0819244384765625,True
Coronel Domingos Soares,PR,Sul,0.744606,78.53,10,74.4606,-4.069398193359376,True
Matipó,MG,Sudeste,0.75930864,80.0,21,75.93086,-4.0691375732421875,True
Felício dos Santos,MG,Sudeste,0.75944865,80.0,4,75.94486,-4.055137634277344,True
Boa Vista do Incra,RS,Sul,0.68619215,72.67,2,68.61922,-4.050783081054689,True
Inhuma,PI,Nordeste,0.5542476,59.47,12,55.424763,-4.045237274169921,True
Abelardo Luz,SC,Sul,0.6326229,67.3,25,63.26229,-4.037709045410153,True
Barra Mansa,RJ,Sudeste,0.5860477,62.63999999999999,144,58.60477,-4.035229339599603,True
Feira Nova,SE,Nordeste,0.32659873,36.69,6,32.659874,-4.030126037597654,True
Bom Jesus das Selvas,MA,Nordeste,0.62270033,66.3,40,62.270035,-4.029965209960935,True
Glória D'Oeste,MT,Centro-Oeste,0.75977707,80.0,7,75.97771,-4.0222930908203125,True
Nazário,GO,Centro-Oeste,0.7513428,79.15,15,75.13428,-4.015722656250006,True
Santa Isabel do Ivaí,PR,Sul,0.75985605,80.0,6,75.9856,-4.014396667480469,True
Fátima do Sul,MS,Centro-Oeste,0.599556,63.970000000000006,37,59.955605,-4.01439544677735,True
Borborema,SP,Sudeste,0.7598788,80.0,8,75.987885,-4.012115478515625,True
Porto União,SC,Sul,0.68010676,72.02,26,68.01067,-4.009326477050777,True
Campo Azul,MG,Sudeste,0.7599308,80.0,3,75.99308,-4.006919860839844,True
Grandes Rios,PR,Sul,0.63467616,67.46,11,63.467617,-3.9923829650878844,True
Sapucaia,RJ,Sudeste,0.6395513,67.94,13,63.955128,-3.9848722839355446,True
Princesa Isabel,PB,Nordeste,0.7601571,80.0,19,76.01571,-3.9842910766601562,True
Xangri-lá,RS,Sul,0.56698495,60.68,20,56.698494,-3.9815060424804685,True
Pindobaçu,BA,Nordeste,0.37025303,41.0,23,37.025303,-3.9746971130371094,True
General Carneiro,PR,Sul,0.7522077,79.18999999999998,12,75.22077,-3.9692282104492023,True
Sarutaiá,SP,Sudeste,0.7514662,79.11,4,75.14662,-3.963378295898437,True
Caém,BA,Nordeste,0.38142553,42.1,3,38.14255,-3.957448577880861,True
Erechim,RS,Sul,0.6035582,64.31,98,60.35582,-3.9541802978515648,True
Afonso Cunha,MA,Nordeste,0.6940666,73.36,9,69.40666,-3.953338012695312,True
Nova Santa Rita,RS,Sul,0.57100827,61.05,48,57.100826,-3.949173736572263,True
Pimenteiras,PI,Nordeste,0.5978233,63.73,12,59.782333,-3.9476666259765594,True
Juazeirinho,PB,Nordeste,0.5180135,55.739999999999995,17,51.801346,-3.9386541748046824,True
Natividade,RJ,Sudeste,0.59623265,63.56,13,59.623264,-3.9367356872558616,True
Araripina,PE,Nordeste,0.56799537,60.73,101,56.799538,-3.9304623413085906,True
Aruanã,GO,Centro-Oeste,0.7592519,79.85,8,75.925186,-3.924813842773432,True
Piraí,RJ,Sudeste,0.5838944,62.31,26,58.38944,-3.9205613708496116,True
Entre Rios de Minas,MG,Sudeste,0.76079744,80.0,17,76.07974,-3.920257568359375,True
Vargem,SP,Sudeste,0.7138094,75.3,2,71.380936,-3.9190643310546847,True
Abadiânia,GO,Centro-Oeste,0.7519157,79.11,12,75.19157,-3.918433532714843,True
São Sebastião do Uatumã,AM,Norte,0.5251568,56.43,13,52.51568,-3.914321594238281,True
Arapongas,PR,Sul,0.7268423,76.59,129,72.68423,-3.9057730102539097,True
São Gonçalo do Rio Abaixo,MG,Sudeste,0.76097816,80.0,16,76.09782,-3.9021835327148438,True
Joaquim Pires,PI,Nordeste,0.55698425,59.6,14,55.698425,-3.9015747070312514,True
Monção,MA,Nordeste,0.5271112,56.61,33,52.711117,-3.898883209228515,True
Itacaré,BA,Nordeste,0.3538648,39.28000000000001,24,35.38648,-3.8935215759277426,True
Medianeira,PR,Sul,0.75447834,79.33,64,75.44783,-3.882169799804686,True
Dom Aquino,MT,Centro-Oeste,0.7612627,80.0,11,76.126274,-3.8737258911132812,True
Manaus,AM,Norte,0.5293125,56.8,2272,52.931248,-3.8687522888183565,True
Brejão,PE,Nordeste,0.65264064,69.12,8,65.26406,-3.855939025878911,True
Laurentino,SC,Sul,0.63006824,66.86,3,63.006824,-3.8531755065917963,True
Luisburgo,MG,Sudeste,0.7615114,80.0,5,76.15114,-3.8488616943359375,True
Cambé,PR,Sul,0.7539462,79.24,122,75.394615,-3.845384826660151,True
São Pedro da Aldeia,RJ,Sudeste,0.5634722,60.17,103,56.34722,-3.822778625488283,True
Morada Nova de Minas,MG,Sudeste,0.76180476,80.0,6,76.18047,-3.8195266723632812,True
Pontal do Araguaia,MT,Centro-Oeste,0.67508376,71.32,5,67.50838,-3.8116229248046807,True
Craíbas,AL,Nordeste,0.47454798,51.26,27,47.4548,-3.8052003479003886,True
São João do Oeste,SC,Sul,0.7619594,80.0,7,76.19594,-3.8040618896484375,True
Diogo de Vasconcelos,MG,Sudeste,0.74846417,78.65,3,74.84642,-3.803579711914068,True
Chã de Alegria,PE,Nordeste,0.61986506,65.79,19,61.986507,-3.803492584228522,True
Boa Vista do Tupim,BA,Nordeste,0.36494717,40.29,17,36.494717,-3.7952833557128898,True
São Sebastião da Boa Vista,PA,Norte,0.49516678,53.3,44,49.516678,-3.7833221435546847,True
Lagoa dos Gatos,PE,Nordeste,0.68588144,72.37,14,68.58814,-3.7818576049804733,True
Santa Cruz do Arari,PA,Norte,0.5104337,54.82,17,51.043365,-3.7766345214843753,True
Cerquilho,SP,Sudeste,0.6031248,64.08,17,60.31248,-3.7675190734863264,True
São João do Triunfo,PR,Sul,0.75042903,78.79,13,75.0429,-3.7470999145507875,True
Joaquim Nabuco,PE,Nordeste,0.50833404,54.58,14,50.833405,-3.7465954589843733,True
Jaboticatubas,MG,Sudeste,0.6733025,71.06,14,67.330246,-3.7297540283203148,True
Santa Maria da Vitória,BA,Nordeste,0.35562757,39.29,43,35.562756,-3.7272444152832023,True
Nazaré,TO,Norte,0.47735292,51.46,8,47.73529,-3.724709472656251,True
Carmo da Cachoeira,MG,Sudeste,0.7149552,75.21,14,71.49552,-3.7144784545898375,True
Brejo,MA,Nordeste,0.5149058,55.2,23,51.49058,-3.709418487548831,True
Angical,BA,Nordeste,0.40822795,44.53,15,40.822796,-3.7072041320800793,True
Areia,PB,Nordeste,0.7629378,80.0,33,76.29378,-3.7062225341796875,True
Maratá,RS,Sul,0.6608475,69.78,3,66.08475,-3.695252685546876,True
Lucena,PB,Nordeste,0.48848447,52.54,20,48.848446,-3.6915541076660148,True
Riacho das Almas,PE,Nordeste,0.62910604,66.6,17,62.910606,-3.6893936157226506,True
Curral de Cima,PB,Nordeste,0.57240635,60.93,2,57.240635,-3.689365081787109,True
Jataí,GO,Centro-Oeste,0.6294098,66.63,109,62.94098,-3.6890209960937455,True
Ipuaçu,SC,Sul,0.59201634,62.89,7,59.201633,-3.68836654663086,True
Bom Jesus do Itabapoana,RJ,Sudeste,0.5788229,61.57000000000001,26,57.88229,-3.687710113525398,True
Braço do Norte,SC,Sul,0.6015742,63.84,52,60.157417,-3.682582702636722,True
Lins,SP,Sudeste,0.7145539,75.13,28,71.45539,-3.674609069824214,True
Lago do Junco,MA,Nordeste,0.7632664,80.0,6,76.32664,-3.6733627319335938,True
Apiúna,SC,Sul,0.6268387,66.35,10,62.68387,-3.6661315917968693,True
Areal,RJ,Sudeste,0.61676186,65.34,16,61.676186,-3.663814392089847,True
Brasília de Minas,MG,Sudeste,0.721529,75.81,30,72.1529,-3.657099304199221,True
Abaíra,BA,Nordeste,0.37715387,41.37,6,37.715385,-3.6546145629882787,True
Mondaí,SC,Sul,0.6677967,70.43,15,66.77967,-3.6503292846679756,True
Cândido Mota,SP,Sudeste,0.7022103,73.87,13,70.22103,-3.648968811035161,True
Ubaporanga,MG,Sudeste,0.6668309,70.32,16,66.68309,-3.6369097900390557,True
Cutias,AP,Norte,0.48735657,52.37,11,48.735657,-3.6343432617187474,True
Paripueira,AL,Nordeste,0.54188204,57.82,20,54.1882,-3.6317980957031253,True
Coronel Vivida,PR,Sul,0.7637511,80.0,19,76.37511,-3.6248931884765625,True
Cruzália,SP,Sudeste,0.76375484,80.0,2,76.37549,-3.62451171875,True
Belágua,MA,Nordeste,0.6061665,64.24,13,60.61665,-3.623350372314448,True
Vicentinópolis,GO,Centro-Oeste,0.7487971,78.5,6,74.879715,-3.6202850341796875,True
Santa Lúcia,PR,Sul,0.759532,79.57,3,75.9532,-3.6167987060546807,True
Bandeirantes,PR,Sul,0.72503656,76.11,43,72.503654,-3.6063455200195307,True
Barcarena,PA,Norte,0.48388785,51.99,143,48.388786,-3.6012136840820332,True
Belo Jardim,PE,Nordeste,0.51070404,54.67,61,51.070404,-3.5995959472656267,True
Antônio Cardoso,BA,Nordeste,0.3714571,40.74,2,37.14571,-3.594290008544924,True
Lagoa do Barro do Piauí,PI,Nordeste,0.5611918,59.71,6,56.11918,-3.5908212280273446,True
Araguaçu,TO,Norte,0.4663685,50.21,10,46.63685,-3.5731515502929696,True
Pajeú do Piauí,PI,Nordeste,0.64717335,68.29,5,64.71733,-3.5726690673828188,True
Conceição da Feira,BA,Nordeste,0.3511166,38.68,13,35.11166,-3.5683399963378903,True
Miracema,RJ,Sudeste,0.66002136,69.57,18,66.00214,-3.567863769531243,True
Monte Azul Paulista,SP,Sudeste,0.7044627,74.01,3,70.44627,-3.5637261962890676,True
Frederico Westphalen,RS,Sul,0.6242669,65.99,24,62.426693,-3.5633070373535105,True
Santo Estêvão,BA,Nordeste,0.36027807,39.59,51,36.027805,-3.562194671630863,True
Penalva,MA,Nordeste,0.5596942,59.53,37,55.969418,-3.5605824279785168,True
Conquista,MG,Sudeste,0.6699483,70.54,5,66.99483,-3.5451727294921938,True
Independência,RS,Sul,0.65232193,68.77,3,65.23219,-3.5378070068359335,True
Bertópolis,MG,Sudeste,0.5933862,62.87,4,59.338615,-3.5313845825195287,True
Campo do Meio,MG,Sudeste,0.66027236,69.55,6,66.02724,-3.5227630615234347,True
Vassouras,RJ,Sudeste,0.64277875,67.8,28,64.27788,-3.5221221923828097,True
Francisco Beltrão,PR,Sul,0.76204175,79.72,101,76.20418,-3.5158221435546864,True
São Francisco,PB,Nordeste,0.5696737,60.48,2,56.967373,-3.5126271057128875,True
Salto Veloso,SC,Sul,0.7649018,80.0,5,76.49018,-3.5098190307617188,True
Canoas,RS,Sul,0.54090863,57.6,282,54.090862,-3.5091377258300795,True
Ataléia,MG,Sudeste,0.6569942,69.2,13,65.699425,-3.500575256347659,True
Altinho,PE,Nordeste,0.5849253,61.989999999999995,16,58.49253,-3.4974691772460886,True
Wenceslau Braz,PR,Sul,0.7650517,80.0,25,76.50517,-3.4948272705078125,True
Serrolândia,BA,Nordeste,0.3627595,39.77,10,36.27595,-3.4940486145019563,True
Pau D'Arco,PA,Norte,0.51998276,55.49,10,51.998276,-3.4917242431640645,True
Paulo Afonso,BA,Nordeste,0.2852042,32.01,97,28.52042,-3.4895799255371074,True
Nova Andradina,MS,Centro-Oeste,0.584853,61.97,56,58.4853,-3.4847018432617176,True
Mossâmedes,GO,Centro-Oeste,0.7651726,80.0,5,76.51726,-3.4827423095703125,True
Ponto dos Volantes,MG,Sudeste,0.7030093,73.78,6,70.300934,-3.479066162109376,True
Trindade,PE,Nordeste,0.59577256,63.05,42,59.577255,-3.4727447509765597,True
Tenente Portela,RS,Sul,0.66139174,69.61,9,66.139175,-3.470824584960937,True
Sete de Setembro,RS,Sul,0.75309354,78.78,3,75.30936,-3.470643310546876,True
Itagibá,BA,Nordeste,0.40046322,43.51,22,40.04632,-3.4636781311035136,True
Patis,MG,Sudeste,0.739187,77.38,10,73.9187,-3.4612988281249955,True
Campo Mourão,PR,Sul,0.7449722,77.95,108,74.49722,-3.452777099609378,True
Betânia,PE,Nordeste,0.68517774,71.97,8,68.51778,-3.4522235107421864,True
Ponta Grossa,PR,Sul,0.72983766,76.43,283,72.983765,-3.446235351562507,True
Cornélio Procópio,PR,Sul,0.7381738,77.26,45,73.817375,-3.4426248168945364,True
Assis Chateaubriand,PR,Sul,0.7655965,80.0,34,76.559654,-3.4403457641601562,True
Paranaguá,PR,Sul,0.6144971,64.89,120,61.44971,-3.440289154052735,True
São Domingos do Araguaia,PA,Norte,0.48129904,51.56,19,48.129906,-3.4300942993164085,True
Contenda,PR,Sul,0.7519682,78.62,23,75.19682,-3.423176879882817,True
Euclides da Cunha Paulista,SP,Sudeste,0.73162484,76.58,4,73.16248,-3.417516784667967,True
Lagamar,MG,Sudeste,0.76584977,80.0,7,76.58498,-3.4150238037109375,True
Itapecerica,MG,Sudeste,0.70145357,73.56,15,70.145355,-3.4146447753906273,True
Pau dos Ferros,RN,Nordeste,0.41838276,45.25,29,41.838276,-3.411724090576172,True
Pimenta Bueno,RO,Norte,0.67964464,71.37,44,67.96446,-3.405537719726567,True
Santo Antônio do Sudoeste,PR,Sul,0.76181865,79.58,27,76.18186,-3.398138122558592,True
São Bernardo do Campo,SP,Sudeste,0.5622726,59.62,323,56.22726,-3.392739410400388,True
Santa Luzia,BA,Nordeste,0.3695231,40.34,5,36.952312,-3.3876875305175815,True
Dormentes,PE,Nordeste,0.6400951,67.39,11,64.009514,-3.380486145019532,True
Angico,TO,Norte,0.43029565,46.41,4,43.029564,-3.380436096191403,True
São Gonçalo do Piauí,PI,Nordeste,0.7662986,80.0,5,76.62986,-3.3701400756835938,True
Irati,PR,Sul,0.766311,80.0,67,76.631096,-3.3689041137695312,True
Sirinhaém,PE,Nordeste,0.6019664,63.56,46,60.19664,-3.3633599853515648,True
Muquém de São Francisco,BA,Nordeste,0.3465951,38.02,13,34.65951,-3.3604884338378938,True
Viana,MA,Nordeste,0.5852491,61.88,48,58.524914,-3.3550862121582057,True
Nova Canaã Paulista,SP,Sudeste,0.7574677,79.1,1,75.746765,-3.3532348632812443,True
Presidente Médici,MA,Nordeste,0.7280123,76.15,6,72.80123,-3.348768615722662,True
Alagoinhas,BA,Nordeste,0.37091428,40.44,99,37.091427,-3.3485731506347634,True
Sampaio,TO,Norte,0.4609269,49.44,9,46.09269,-3.3473104858398415,True
Trombudo Central,SC,Sul,0.6669711,70.04,9,66.697105,-3.3428945922851625,True
Alto Taquari,MT,Centro-Oeste,0.7017766,73.52,13,70.177666,-3.3423342895507773,True
Olivença,AL,Nordeste,0.5158798,54.93,17,51.587982,-3.3420178222656247,True
Ipira,SC,Sul,0.76660156,80.0,10,76.66016,-3.33984375,True
Queimada Nova,PI,Nordeste,0.6015302,63.49,12,60.15302,-3.3369810485839864,True
Santo Antônio do Tauá,PA,Norte,0.29604056,32.94,33,29.604057,-3.335942687988279,True
Barueri,SP,Sudeste,0.6229978,65.63,250,62.29978,-3.330218200683589,True
Iranduba,AM,Norte,0.4755001,50.85,96,47.55001,-3.2999893188476577,True
Cafelândia,PR,Sul,0.7670116,80.0,25,76.70116,-3.2988433837890625,True
Estreito,MA,Nordeste,0.5575678,59.05,56,55.75678,-3.2932212829589815,True
Dueré,TO,Norte,0.38432974,41.72,7,38.432972,-3.2870280456542957,True
Lajinha,MG,Sudeste,0.7000054,73.28,18,70.00054,-3.2794583129882824,True
São Vicente Ferrer,MA,Nordeste,0.6089907,64.17,17,60.899075,-3.2709254455566423,True
Goianápolis,GO,Centro-Oeste,0.7198912,75.26,13,71.98912,-3.2708795166015676,True
Espera Feliz,MG,Sudeste,0.696798,72.95,21,69.6798,-3.270198059082034,True
Madeiro,PI,Nordeste,0.61744624,65.01,15,61.744625,-3.2653749084472707,True
Itabuna,BA,Nordeste,0.35355544,38.61,115,35.355545,-3.254454956054687,True
Alvorada,RS,Sul,0.48747796,52.0,221,48.747795,-3.2522048950195312,True
Santo Antônio do Monte,MG,Sudeste,0.7675396,80.0,32,76.75396,-3.2460403442382812,True
Santa Inês,PR,Sul,0.7675913,80.0,3,76.75913,-3.2408676147460938,True
Inhambupe,BA,Nordeste,0.33371538,36.61,19,33.371536,-3.238463745117187,True
Capela Nova,MG,Sudeste,0.76762426,80.0,5,76.76243,-3.2375717163085938,True
Sertãozinho,PB,Nordeste,0.533959,56.63,5,53.395897,-3.234103088378909,True
Mafra,SC,Sul,0.70836335,74.07,66,70.836334,-3.233665771484368,True
Morretes,PR,Sul,0.67052454,70.28,24,67.05245,-3.2275479125976574,True
São Francisco do Conde,BA,Nordeste,0.33884388,37.11,29,33.884388,-3.2256120300292963,True
Sabáudia,PR,Sul,0.7677561,80.0,14,76.77561,-3.2243881225585938,True
Taipu,RN,Nordeste,0.3995735,43.169999999999995,13,39.95735,-3.212648315429682,True
Olivedos,PB,Nordeste,0.5531789,58.529999999999994,9,55.31789,-3.212109832763666,True
Bom Lugar,MA,Nordeste,0.7679226,80.0,7,76.79226,-3.2077407836914062,True
Echaporã,SP,Sudeste,0.74974847,78.18,4,74.974846,-3.205154113769538,True
São José do Sabugi,PB,Nordeste,0.5300556,56.21,4,53.005558,-3.2044419860839852,True
Tijucas do Sul,PR,Sul,0.75744146,78.94,34,75.74415,-3.1958517456054665,True
Varjão,GO,Centro-Oeste,0.7680665,80.0,7,76.806656,-3.1933441162109375,True
Capanema,PR,Sul,0.75497156,78.69,27,75.497154,-3.192845764160154,True
Lagarto,SE,Nordeste,0.3911825,42.31000000000001,69,39.11825,-3.1917481994629,True
Central de Minas,MG,Sudeste,0.69461006,72.65,12,69.461006,-3.1889938354492244,True
Bananeiras,PB,Nordeste,0.5263762,55.82000000000001,12,52.63762,-3.18238098144532,True
Várzea da Roça,BA,Nordeste,0.36344606,39.52,9,36.344604,-3.175395507812503,True
Treviso,SC,Sul,0.67247653,70.42,4,67.24765,-3.1723498535156267,True
São Sebastião,AL,Nordeste,0.40104178,43.27,32,40.10418,-3.1658206176757844,True
São Salvador do Tocantins,TO,Norte,0.49760687,52.91,3,49.76069,-3.1493112182617153,True
Portel,PA,Norte,0.4636436,49.51,74,46.36436,-3.145639190673826,True
São José do Norte,RS,Sul,0.5508521,58.23,24,55.085213,-3.1447872924804656,True
Itaíba,PE,Nordeste,0.5975736,62.9,14,59.75736,-3.142641448974608,True
Santos,SP,Sudeste,0.56782323,59.92,111,56.782322,-3.137678070068361,True
Miracema do Tocantins,TO,Norte,0.4449557,47.63,18,44.49557,-3.134428863525393,True
São João,PE,Nordeste,0.60850626,63.98,23,60.850628,-3.129372100830075,True
Marmeleiro,PR,Sul,0.7544583,78.57000000000001,16,75.44583,-3.1241687011718824,True
Água Preta,PE,Nordeste,0.61144626,64.26,18,61.144627,-3.1153733825683645,True
Monte Carlo,SC,Sul,0.63315946,66.43,9,63.315945,-3.1140553283691474,True
Vargem Alegre,MG,Sudeste,0.7689235,80.0,8,76.89235,-3.1076507568359375,True
Chopinzinho,PR,Sul,0.76896054,80.0,22,76.89606,-3.10394287109375,True
Taquaritinga do Norte,PE,Nordeste,0.5992457,63.02,24,59.924572,-3.0954280090332063,True
Tibagi,PR,Sul,0.7500114,78.09,28,75.00114,-3.088863220214847,True
União da Vitória,PR,Sul,0.7263443,75.71,49,72.63443,-3.0755700683593687,True
Duque de Caxias,RJ,Sudeste,0.49425545,52.5,700,49.425545,-3.0744552612304688,True
Rio do Campo,SC,Sul,0.66871154,69.94,9,66.871155,-3.0688452148437477,True
Lauro Muller,SC,Sul,0.6297376,66.04,20,62.973763,-3.066237487792975,True
Macaíba,RN,Nordeste,0.33224046,36.28,38,33.224045,-3.0559552001953136,True
Coração de Maria,BA,Nordeste,0.34936067,37.99,13,34.936066,-3.053934326171877,True
Moreno,PE,Nordeste,0.54737544,57.79,43,54.737545,-3.0524549865722648,True
Capistrano,CE,Nordeste,0.749658,77.99,18,74.9658,-3.0242025756835886,True
Poço Verde,SE,Nordeste,0.34816235,37.82,13,34.816235,-3.0037654113769534,True
Ourém,PA,Norte,0.50691086,53.67999999999999,17,50.691086,-2.988914184570305,True
Ipixuna do Pará,PA,Norte,0.43012804,46.0,31,43.012802,-2.9871978759765625,True
Ribeira do Amparo,BA,Nordeste,0.32886133,35.87,20,32.88613,-2.9838687133789037,True
Cristalina,GO,Centro-Oeste,0.6688899,69.87,97,66.888985,-2.9810153198242233,True
Sertão Santana,RS,Sul,0.72590756,75.57,1,72.59076,-2.979240722656243,True
Santa Tereza do Oeste,PR,Sul,0.7137108,74.35,18,71.37108,-2.978921508789057,True
Irati,SC,Sul,0.7702577,80.0,3,77.02577,-2.9742279052734375,True
Cristiano Otoni,MG,Sudeste,0.70382804,73.35,7,70.382805,-2.9671951293945256,True
Santo Expedito,SP,Sudeste,0.77047724,80.0,1,77.04772,-2.9522781372070312,True
Ibirapitanga,BA,Nordeste,0.35311022,38.26,20,35.311024,-2.948976287841795,True
Tapauá,AM,Norte,0.5136255,54.31,28,51.36255,-2.9474511718750023,True
Sete Quedas,MS,Centro-Oeste,0.5557323,58.52,11,55.57323,-2.9467692565918,True
Itu,SP,Sudeste,0.6472071,67.66,79,64.72071,-2.9392892456054653,True
Serra Dourada,BA,Nordeste,0.3319103,36.13,13,33.191032,-2.938967590332034,True
Jacuípe,AL,Nordeste,0.5561113,58.54999999999999,8,55.611126,-2.938874053955068,True
Cuité,PB,Nordeste,0.5255714,55.49,14,52.55714,-2.932859649658205,True
Campo Alegre,SC,Sul,0.65752995,68.68,10,65.753,-2.9270016479492256,True
Pomerode,SC,Sul,0.6301548,65.94,29,63.01548,-2.9245199584960915,True
Fraiburgo,SC,Sul,0.65808177,68.73,41,65.808174,-2.9218258666992227,True
Araxá,MG,Sudeste,0.6767192,70.59,121,67.67192,-2.918079223632816,True
Pureza,RN,Nordeste,0.39672503,42.59,14,39.672504,-2.9174955749511753,True
Cabedelo,PB,Nordeste,0.5110402,54.02,58,51.10402,-2.9159808349609406,True
Serra Preta,BA,Nordeste,0.3591959,38.83,10,35.91959,-2.9104100036621077,True
Arealva,SP,Sudeste,0.7086209,73.77,5,70.86209,-2.907908935546871,True
Cristalândia,TO,Norte,0.4935698,52.25,7,49.35698,-2.8930206298828125,True
Antônio Gonçalves,BA,Nordeste,0.36628574,39.52,7,36.628574,-2.8914256286621125,True
Sítio Novo do Tocantins,TO,Norte,0.42962086,45.85,13,42.962086,-2.8879142761230483,True
Albertina,MG,Sudeste,0.68353164,71.23,4,68.353165,-2.8768353271484415,True
Acaiaca,MG,Sudeste,0.7712372,80.0,1,77.12372,-2.87628173828125,True
Mandaguari,PR,Sul,0.771249,80.0,43,77.1249,-2.8750991821289062,True
Colômbia,SP,Sudeste,0.77131975,80.0,7,77.13197,-2.8680267333984375,True
Mirinzal,MA,Nordeste,0.7714096,80.0,10,77.14096,-2.859039306640625,True
Itaguatins,TO,Norte,0.36635017,39.48,9,36.635017,-2.8449826049804656,True
Londrina,PR,Sul,0.71976435,74.82,470,71.97643,-2.8435671997070244,True
São José da Boa Vista,PR,Sul,0.7715733,80.0,9,77.15733,-2.8426666259765625,True
Bagre,PA,Norte,0.49298483,52.12,29,49.298485,-2.8215151977539037,True
Uibaí,BA,Nordeste,0.37180954,40.0,8,37.180954,-2.8190460205078125,True
Apucarana,PR,Sul,0.7718204,80.0,122,77.182045,-2.8179550170898438,True
Pongaí,SP,Sudeste,0.77184266,80.0,3,77.184265,-2.81573486328125,True
Bom Conselho,PE,Nordeste,0.6047568,63.29,39,60.475677,-2.814322509765624,True
Cachoeira Dourada,MG,Sudeste,0.77186465,80.0,1,77.18646,-2.81353759765625,True
São Pedro dos Ferros,MG,Sudeste,0.77199924,80.0,5,77.19992,-2.800079345703125,True
São José do Ouro,RS,Sul,0.6262092,65.42,3,62.62092,-2.7990817260742205,True
Joinville,SC,Sul,0.6544008,68.23,565,65.44008,-2.7899212646484415,True
Piraúba,MG,Sudeste,0.72751576,75.54,15,72.75158,-2.7884207153320375,True
Barão de Melgaço,MT,Centro-Oeste,0.60553,63.34,10,60.553,-2.7869985961914097,True
Concórdia,SC,Sul,0.7415504,76.94,94,74.15504,-2.7849630737304665,True
Curiúva,PR,Sul,0.7721958,80.0,24,77.21958,-2.7804183959960938,True
Sengés,PR,Sul,0.7722173,80.0,21,77.221725,-2.7782745361328125,True
Tucano,BA,Nordeste,0.3334369,36.12,41,33.34369,-2.7763110351562474,True
Chapadinha,MA,Nordeste,0.49689373,52.46,69,49.689373,-2.770626983642579,True
Escada,PE,Nordeste,0.5597602,58.74,46,55.97602,-2.7639791870117207,True
Ponte Alta do Norte,SC,Sul,0.6393633,66.7,8,63.93633,-2.7636711120605497,True
Iacanga,SP,Sudeste,0.7725385,80.0,5,77.253845,-2.74615478515625,True
Sento Sé,BA,Nordeste,0.30879122,33.62,45,30.879122,-2.7408782196044896,True
Itatiaiuçu,MG,Sudeste,0.7083624,73.57,16,70.83624,-2.733757324218743,True
Areado,MG,Sudeste,0.694802,72.21,17,69.4802,-2.7297982788085875,True
Carrancas,MG,Sudeste,0.691613,71.89,3,69.1613,-2.728699340820313,True
Oiapoque,AP,Norte,0.3057167,33.3,40,30.571669,-2.7283313751220675,True
Uruçuca,BA,Nordeste,0.34372443,37.1,13,34.372444,-2.72755584716797,True
Jundiaí,SP,Sudeste,0.6821285,70.94,153,68.21285,-2.727147521972654,True
Nova Palmeira,PB,Nordeste,0.60113424,62.84,2,60.113422,-2.7265776062011753,True
Barras,PI,Nordeste,0.5699807,59.72,63,56.99807,-2.721930236816405,True
Camaquã,RS,Sul,0.5943845,62.16,60,59.43845,-2.721550140380856,True
Macieira,SC,Sul,0.7728048,80.0,4,77.28048,-2.7195205688476562,True
Camaçari,BA,Nordeste,0.3771366,40.43,285,37.713657,-2.716342620849609,True
Parapuã,SP,Sudeste,0.7353546,76.25,5,73.53546,-2.71453857421875,True
Rondon,PR,Sul,0.6756744,70.28,11,67.56744,-2.7125637817382824,True
Fazenda Rio Grande,PR,Sul,0.6794256,70.65,207,67.94256,-2.707441711425787,True
Casimiro de Abreu,RJ,Sudeste,0.56391317,59.09,51,56.391315,-2.6986845397949253,True
Itauçu,GO,Centro-Oeste,0.773069,80.0,8,77.3069,-2.6930999755859375,True
Cruzeiro do Iguaçu,PR,Sul,0.7730739,80.0,6,77.30739,-2.6926116943359375,True
Alambari,SP,Sudeste,0.70218587,72.91,2,70.21859,-2.691410217285153,True
Cruz Alta,RS,Sul,0.584825,61.17,65,58.4825,-2.687501831054689,True
Almadina,BA,Nordeste,0.35539153,38.22,6,35.539154,-2.680845947265624,True
Salto do Lontra,PR,Sul,0.7732019,80.0,19,77.32019,-2.6798095703125,True
Paulo Lopes,SC,Sul,0.63171697,65.85,11,63.171696,-2.6783042907714787,True
Tabocas do Brejo Velho,BA,Nordeste,0.39854386,42.53,13,39.854385,-2.6756146240234386,True
Santa Helena,PR,Sul,0.76649237,79.32,33,76.64924,-2.670761413574212,True
Santa Inês,PB,Nordeste,0.5451321,57.18,3,54.51321,-2.6667897033691403,True
Igrapiúna,BA,Nordeste,0.34716052,37.38,8,34.716053,-2.6639469909667994,True
Angelim,PE,Nordeste,0.62346256,65.01,13,62.346256,-2.6637437438964895,True
Goianésia,GO,Centro-Oeste,0.77158874,79.82,91,77.158875,-2.661125488281243,True
Teofilândia,BA,Nordeste,0.32570457,35.23,15,32.570457,-2.659542541503903,True
Pouso Redondo,SC,Sul,0.6603505,68.69,20,66.03505,-2.6549505615234352,True
Petrópolis,RJ,Sudeste,0.6274654,65.4,254,62.746544,-2.653456115722662,True
Itagimirim,BA,Nordeste,0.37086707,39.74,9,37.086708,-2.6532919311523457,True
Ribeirão,PE,Nordeste,0.6195905,64.61,21,61.959053,-2.650946960449218,True
Ibicaré,SC,Sul,0.73689896,76.34,4,73.689896,-2.650104370117191,True
Mineiros,GO,Centro-Oeste,0.7735352,80.0,94,77.353516,-2.646484375,True
Urupês,SP,Sudeste,0.773596,80.0,3,77.3596,-2.6404037475585938,True
Peritoró,MA,Nordeste,0.58431005,61.07,17,58.431007,-2.638992614746094,True
Caridade do Piauí,PI,Nordeste,0.6186197,64.49,9,61.86197,-2.62803100585937,True
Vilhena,RO,Norte,0.6533501,67.96,130,65.335014,-2.624985656738275,True
Niterói,RJ,Sudeste,0.53947777,56.56,276,53.947777,-2.6122232055664085,True
Barra do Garças,MT,Centro-Oeste,0.6166905,64.28,70,61.669052,-2.6109478759765636,True
Mendes,RJ,Sudeste,0.59345824,61.95,16,59.345825,-2.604174804687503,True
Timbé do Sul,SC,Sul,0.7006096,72.66,6,70.06096,-2.599041137695309,True
Joaquim Távora,PR,Sul,0.7740348,80.0,19,77.40348,-2.5965194702148438,True
Ipuã,SP,Sudeste,0.7494649,77.52,4,74.946495,-2.5735049438476523,True
Abdon Batista,SC,Sul,0.70729655,73.3,3,70.72965,-2.570347595214841,True
Pilão Arcado,BA,Nordeste,0.2855524,31.119999999999997,33,28.55524,-2.564759368896482,True
Porto Real,RJ,Sudeste,0.61405575,63.97,30,61.405575,-2.5644252014160145,True
Balbinos,SP,Sudeste,0.774443,80.0,3,77.4443,-2.5557022094726562,True
Apiaí,SP,Sudeste,0.6773502,70.29,14,67.73502,-2.55497650146485,True
Pariquera-Açu,SP,Sudeste,0.64446723,67.0,13,64.446724,-2.5532760620117188,True
São Bento do Una,PE,Nordeste,0.57344896,59.89,60,57.344894,-2.545105590820313,True
Coronel João Sá,BA,Nordeste,0.3330944,35.85,12,33.30944,-2.5405593872070327,True
Barra,BA,Nordeste,0.3150222,34.04,45,31.50222,-2.5377798461914054,True
Planalto Alegre,SC,Sul,0.77097696,79.63,4,77.097694,-2.532305603027339,True
Andorinha,BA,Nordeste,0.37351826,39.88,8,37.351826,-2.5281742858886744,True
Princesa,SC,Sul,0.77472126,80.0,4,77.47213,-2.5278701782226562,True
Heliópolis,BA,Nordeste,0.3589504,38.42,7,35.895042,-2.524957580566408,True
Anita Garibaldi,SC,Sul,0.65795135,68.32,7,65.795135,-2.524864501953118,True
Balsas,MA,Nordeste,0.43607646,46.11999999999999,107,43.607647,-2.5123530578613185,True
Mangueirinha,PR,Sul,0.7092876,73.44,14,70.92876,-2.5112432861328102,True
Campo Grande,AL,Nordeste,0.53699535,56.21,7,53.699535,-2.510464630126954,True
Alexânia,GO,Centro-Oeste,0.7433122,76.84,43,74.331215,-2.508785095214847,True
Florânia,RN,Nordeste,0.40407023,42.91,5,40.407024,-2.5029756164550747,True
Gameleira,PE,Nordeste,0.5960553,62.1,12,59.605534,-2.494466400146486,True
Lassance,MG,Sudeste,0.7750661,80.0,3,77.50661,-2.4933929443359375,True
América Dourada,BA,Nordeste,0.3667163,39.160000000000004,24,36.67163,-2.4883691406250037,True
Pompéu,MG,Sudeste,0.65132225,67.62,29,65.132225,-2.487774963378911,True
Cipotânea,MG,Sudeste,0.7168725,74.17,9,71.68725,-2.482751770019533,True
Floriano,PI,Nordeste,0.5173773,54.220000000000006,55,51.737732,-2.482268066406256,True
Monte Aprazível,SP,Sudeste,0.720607,74.54,8,72.0607,-2.4793005371093813,True
Atibaia,SP,Sudeste,0.69578546,72.05,80,69.578545,-2.4714553833007784,True
Junqueirópolis,SP,Sudeste,0.7492935,77.4,8,74.92935,-2.4706481933593807,True
Reserva do Iguaçu,PR,Sul,0.75750023,78.22,9,75.75002,-2.469977111816405,True
São Miguel dos Campos,AL,Nordeste,0.52530414,55.0,51,52.530415,-2.469585418701172,True
Não-Me-Toque,RS,Sul,0.6592365,68.38,21,65.92365,-2.456347351074214,True
Ocauçu,SP,Sudeste,0.7755499,80.0,2,77.55499,-2.44500732421875,True
Nipoã,SP,Sudeste,0.7755499,80.0,3,77.55499,-2.44500732421875,True
Braúna,SP,Sudeste,0.7755499,80.0,1,77.55499,-2.44500732421875,True
Goioerê,PR,Sul,0.6955555,72.0,28,69.55555,-2.4444503784179688,True
Lagoinha do Piauí,PI,Nordeste,0.7755684,80.0,1,77.55684,-2.4431610107421875,True
Sertânia,PE,Nordeste,0.6016618,62.599999999999994,34,60.16618,-2.4338203430175724,True
Campo Alegre de Goiás,GO,Centro-Oeste,0.77478516,79.91,9,77.478516,-2.4314843749999966,True
Lagoa dos Três Cantos,RS,Sul,0.6245898,64.89,4,62.45898,-2.431019439697266,True
Buriti dos Montes,PI,Nordeste,0.7757161,80.0,6,77.57161,-2.4283905029296875,True
Sem-Peixe,MG,Sudeste,0.74581254,77.0,4,74.58125,-2.4187469482421875,True
São Ludgero,SC,Sul,0.6575057,68.15,30,65.75057,-2.399427795410162,True
Astorga,PR,Sul,0.77232015,79.63,26,77.23202,-2.3979824829101517,True
Pirambu,SE,Nordeste,0.30632836,33.03,5,30.632835,-2.3971646118164074,True
Palestina de Goiás,GO,Centro-Oeste,0.7721645,79.61,4,77.21645,-2.3935464477539057,True
Jupi,PE,Nordeste,0.61477405,63.87,12,61.477406,-2.3925944519042943,True
Nioaque,MS,Centro-Oeste,0.5586998,58.26,20,55.86998,-2.3900201416015605,True
Santa Helena,PB,Nordeste,0.5494072,57.330000000000005,7,54.94072,-2.389280395507818,True
Nova Aurora,PR,Sul,0.77621883,80.0,13,77.62188,-2.3781204223632812,True
Garanhuns,PE,Nordeste,0.5448707,56.86,140,54.48707,-2.372931823730468,True
Cametá,PA,Norte,0.44261765,46.63,133,44.261765,-2.368235473632815,True
Forquilhinha,SC,Sul,0.5987475,62.239999999999995,36,59.87475,-2.365251770019526,True
Guaribas,PI,Nordeste,0.59360117,61.72,8,59.360115,-2.3598849487304676,True
Guarapari,ES,Sudeste,0.7074023,73.1,176,70.74023,-2.3597732543945256,True
Nova Santa Bárbara,PR,Sul,0.7764193,80.0,1,77.64193,-2.3580703735351562,True
Botucatu,SP,Sudeste,0.6020668,62.56,61,60.20668,-2.3533197021484398,True
Baldim,MG,Sudeste,0.72785294,75.13,5,72.78529,-2.344706420898433,True
Itaquara,BA,Nordeste,0.38840783,41.17,5,38.840782,-2.329217834472658,True
Rancho Alegre,PR,Sul,0.7513221,77.46,5,75.13221,-2.3277902221679625,True
Dumont,SP,Sudeste,0.74926186,77.25,6,74.926186,-2.3238143920898438,True
Nova Canaã,BA,Nordeste,0.34277758,36.6,10,34.27776,-2.3222404479980483,True
Rio Bom,PR,Sul,0.77679634,80.0,3,77.679634,-2.3203659057617188,True
Tarabai,SP,Sudeste,0.7637002,78.69,6,76.37002,-2.319981994628904,True
Itajobi,SP,Sudeste,0.7768709,80.0,5,77.68709,-2.3129119873046875,True
Jaguariúna,SP,Sudeste,0.6333811,65.65,22,63.33811,-2.3118881225585994,True
Morpará,BA,Nordeste,0.36468345,38.78,5,36.468346,-2.3116543579101574,True
Santa Rita,PB,Nordeste,0.4468986,47.0,111,44.68986,-2.310138702392578,True
Colorado,PR,Sul,0.7769898,80.0,26,77.69898,-2.3010177612304688,True
Pedro Alexandre,BA,Nordeste,0.33973935,36.27,12,33.973934,-2.2960658264160188,True
Limoeiro de Anadia,AL,Nordeste,0.47004217,49.3,34,47.004215,-2.2957847595214815,True
Campo Largo,PR,Sul,0.72081214,74.37,162,72.081215,-2.2887850952148483,True
Parecis,RO,Norte,0.61882406,64.17,6,61.88241,-2.287591857910158,True
Palmeira,SC,Sul,0.6695024,69.23,4,66.95024,-2.2797589111328165,True
Alta Floresta D'Oeste,RO,Norte,0.64807534,67.08,22,64.80753,-2.272466735839842,True
Cambira,PR,Sul,0.77727544,80.0,15,77.72755,-2.2724533081054688,True
Senhora de Oliveira,MG,Sudeste,0.7712213,79.39,10,77.12213,-2.2678686523437506,True
São Jorge d'Oeste,PR,Sul,0.7773424,80.0,7,77.73424,-2.2657623291015625,True
Guarujá do Sul,SC,Sul,0.77734596,80.0,6,77.7346,-2.2654037475585938,True
Maribondo,AL,Nordeste,0.49766064,52.02,14,49.766064,-2.2539363098144563,True
Ponta Porã,MS,Centro-Oeste,0.5920976,61.45,185,59.20976,-2.240241241455081,True
Itapetim,PE,Nordeste,0.65444875,67.68,13,65.44488,-2.235122375488288,True
Parisi,SP,Sudeste,0.7499646,77.23,1,74.99646,-2.233540039062504,True
Itirapuã,SP,Sudeste,0.7262867,74.86,4,72.62867,-2.231330261230468,True
Mamborê,PR,Sul,0.7777023,80.0,13,77.770226,-2.2297744750976562,True
Joanópolis,SP,Sudeste,0.70920295,73.15,6,70.920296,-2.2297042846679744,True
Campo Verde,MT,Centro-Oeste,0.57934815,60.16,65,57.934814,-2.2251855468749966,True
Cansanção,BA,Nordeste,0.3457523,36.8,32,34.57523,-2.2247703552246065,True
Paranavaí,PR,Sul,0.7778117,80.0,98,77.78117,-2.2188262939453125,True
Arantina,MG,Sudeste,0.735412,75.76,1,73.5412,-2.218801269531255,True
Vila Velha,ES,Sudeste,0.67781824,70.0,431,67.78182,-2.2181777954101562,True
Dois Irmãos do Tocantins,TO,Norte,0.51585144,53.79999999999999,7,51.585144,-2.21485595703124,True
Humaitá,AM,Norte,0.52940434,55.15,74,52.940434,-2.209566497802733,True
Juruaia,MG,Sudeste,0.7651522,78.72,13,76.51522,-2.204779357910155,True
Diorama,GO,Centro-Oeste,0.77798194,80.0,4,77.798195,-2.2018051147460938,True
Indaiatuba,SP,Sudeste,0.5987073,62.07,143,59.87073,-2.1992686462402347,True
Capão Bonito do Sul,RS,Sul,0.55984014,58.18,2,55.984013,-2.195987396240234,True
Angical do Piauí,PI,Nordeste,0.62368244,64.55,15,62.368244,-2.181755828857419,True
Jeremoabo,BA,Nordeste,0.3206779,34.24,18,32.06779,-2.17220901489258,True
Dona Inês,PB,Nordeste,0.5180996,53.98,14,51.80996,-2.170040588378903,True
Machadinho,RS,Sul,0.67560345,69.73,7,67.56035,-2.1696514892578165,True
Carnaíba,PE,Nordeste,0.7783584,80.0,31,77.83584,-2.1641616821289062,True
Campo do Brito,SE,Nordeste,0.4337729,45.54,13,43.37729,-2.162711181640624,True
Pirajuí,SP,Sudeste,0.5572315,57.88000000000001,10,55.72315,-2.156851654052744,True
Apodi,RN,Nordeste,0.41308784,43.46,21,41.308784,-2.1512155151367196,True
Buíque,PE,Nordeste,0.549359,57.08,45,54.9359,-2.144098358154295,True
Luziânia,GO,Centro-Oeste,0.64516175,66.66,293,64.516174,-2.1438256835937466,True
Ilha de Itamaracá,PE,Nordeste,0.5547423,57.61,30,55.474228,-2.135772094726562,True
Ivaiporã,PR,Sul,0.6662463,68.76,29,66.624626,-2.1353738403320364,True
Taboão da Serra,SP,Sudeste,0.49028808,51.16,123,49.02881,-2.1311914062499966,True
Manari,PE,Nordeste,0.58611405,60.72999999999999,15,58.611404,-2.1185955810546773,True
Alto Alegre do Pindaré,MA,Nordeste,0.40595347,42.71,41,40.59535,-2.114651641845704,True
Guaraniaçu,PR,Sul,0.7789661,80.0,19,77.896614,-2.1033859252929688,True
Belford Roxo,RJ,Sudeste,0.39414623,41.51,360,39.414623,-2.095376739501951,True
Nova Iguaçu,RJ,Sudeste,0.3804269,40.13,619,38.04269,-2.087309722900393,True
Itiúba,BA,Nordeste,0.3288661,34.97,30,32.88661,-2.083391876220702,True
São Lourenço do Piauí,PI,Nordeste,0.7792089,80.0,1,77.92089,-2.0791091918945312,True
Ipirá,BA,Nordeste,0.3499171,37.07,41,34.99171,-2.0782893371582034,True
Itiruçu,BA,Nordeste,0.3771347,39.79,7,37.71347,-2.076529541015624,True
Imbituva,PR,Sul,0.7792467,80.0,40,77.92467,-2.0753326416015625,True
Silva Jardim,RJ,Sudeste,0.5740033,59.46999999999999,26,57.40033,-2.0696704101562418,True
Tracunhaém,PE,Nordeste,0.6068417,62.75,12,60.68417,-2.0658302307128906,True
Capitão de Campos,PI,Nordeste,0.55974233,58.04,16,55.97423,-2.065768280029296,True
Petrolândia,PE,Nordeste,0.54459023,56.52,44,54.459023,-2.060977478027347,True
Criciúma,SC,Sul,0.60481876,62.54,206,60.481876,-2.0581236267089835,True
Abaetetuba,PA,Norte,0.43973038,46.03,132,43.973038,-2.0569622802734386,True
São Lourenço da Serra,SP,Sudeste,0.6240401,64.46,5,62.404015,-2.05598541259765,True
Paulista,PE,Nordeste,0.53924555,55.98,200,53.924553,-2.055447082519528,True
Campo do Tenente,PR,Sul,0.7794459,80.0,13,77.94459,-2.0554122924804688,True
São Sebastião do Alto,RJ,Sudeste,0.643262,66.38,5,64.3262,-2.0537976074218705,True
Santa Terezinha de Itaipu,PR,Sul,0.77950203,80.0,21,77.9502,-2.0497970581054688,True
Flórida Paulista,SP,Sudeste,0.77953565,80.0,1,77.95357,-2.0464324951171875,True
Irapuru,SP,Sudeste,0.77953565,80.0,2,77.95357,-2.0464324951171875,True
Bernardino Batista,PB,Nordeste,0.62416714,64.46,5,62.416714,-2.0432862854003844,True
Turvo,PR,Sul,0.7796076,80.0,21,77.96076,-2.0392379760742188,True
Mariana,MG,Sudeste,0.5611567,58.11999999999999,68,56.11567,-2.004330749511709,True
São Jerônimo da Serra,PR,Sul,0.77997136,80.0,8,77.99714,-2.0028610229492188,True
Acará,PA,Norte,0.4339924,45.4,58,43.39924,-2.0007614135742173,True
Goianésia do Pará,PA,Norte,0.4955958,51.56,32,49.55958,-2.0004182434082054,True
Maracaju,MS,Centro-Oeste,0.448208,46.82,78,44.8208,-1.9991992187500003,True
Capitão Poço,PA,Norte,0.5377799,55.769999999999996,61,53.777992,-1.9920077514648398,True
Jurema,PE,Nordeste,0.5587168,57.86,16,55.871677,-1.9883226013183588,True
Aliança,PE,Nordeste,0.5728175,59.27,19,57.28175,-1.9882502746582063,True
Maurilândia,GO,Centro-Oeste,0.7670265,78.68999999999998,17,76.70265,-1.987348022460921,True
Teixeirópolis,RO,Norte,0.71225584,73.21,7,71.225586,-1.9844140624999937,True
Itá,SC,Sul,0.68829644,70.81,9,68.82964,-1.9803567504882835,True
Marechal Deodoro,AL,Nordeste,0.448211,46.8,83,44.821102,-1.9788978576660128,True
Schroeder,SC,Sul,0.63862497,65.84,27,63.862495,-1.9775045776367222,True
Boa Vista do Gurupi,MA,Nordeste,0.61322695,63.3,14,61.322697,-1.9773033142089815,True
Sete Barras,SP,Sudeste,0.66958493,68.93,12,66.958496,-1.9715039062500068,True
Santa Mônica,PR,Sul,0.76889104,78.86,6,76.88911,-1.9708932495117182,True
Rebouças,PR,Sul,0.7804128,80.0,21,78.04128,-1.9587173461914062,True
Cordisburgo,MG,Sudeste,0.69053113,70.99,7,69.053116,-1.9368841552734324,True
Porto Feliz,SP,Sudeste,0.72677016,74.61,31,72.67702,-1.932982788085937,True
Areia Branca,SE,Nordeste,0.32360044,34.29,14,32.360043,-1.9299574279785148,True
Jaborá,SC,Sul,0.7289043,74.82,4,72.890434,-1.9295657348632744,True
Iúna,ES,Sudeste,0.71272767,73.2,34,71.272766,-1.9272338867187528,True
Cordeirópolis,SP,Sudeste,0.7337256,75.28,16,73.37256,-1.9074414062500011,True
Santa Rosa da Serra,MG,Sudeste,0.7215384,74.06,7,72.15384,-1.9061608886718773,True
Balsa Nova,PR,Sul,0.7455722,76.46,33,74.55722,-1.9027795410156187,True
Araguacema,TO,Norte,0.43143472,45.04,10,43.14347,-1.896529235839843,True
Siqueira Campos,PR,Sul,0.7810397,80.0,21,78.10397,-1.896026611328125,True
Fátima,TO,Norte,0.5518597,57.08,1,55.185966,-1.8940335083007795,True
Cedral,SP,Sudeste,0.721289,74.02,9,72.1289,-1.8911013793945273,True
São João,PR,Sul,0.7811652,80.0,16,78.116516,-1.88348388671875,True
Paraibuna,SP,Sudeste,0.6433872,66.21,5,64.33872,-1.8712777709960875,True
Chaves,PA,Norte,0.48609227,50.48,13,48.609226,-1.8707737731933562,True
Bituruna,PR,Sul,0.78136265,80.0,14,78.13627,-1.8637313842773438,True
Itacoatiara,AM,Norte,0.49920458,51.779999999999994,124,49.920456,-1.8595440673828065,True
Bonito,PE,Nordeste,0.5872378,60.58,45,58.723778,-1.8562222290039045,True
Melgaço,PA,Norte,0.42626044,44.48,21,42.626045,-1.8539547729492156,True
Toledo,PR,Sul,0.77787036,79.64,149,77.78703,-1.852966918945313,True
Emas,PB,Nordeste,0.65958804,67.81,2,65.9588,-1.8511987304687523,True
Caconde,SP,Sudeste,0.6994182,71.78,4,69.94182,-1.8381817626953136,True
Limeira,SP,Sudeste,0.6345221,65.28,123,63.45221,-1.8277905273437511,True
Carandaí,MG,Sudeste,0.71284205,73.09,25,71.2842,-1.8057974243164097,True
Terra Boa,PR,Sul,0.7820047,80.0,20,78.20047,-1.799530029296875,True
Grossos,RN,Nordeste,0.44861785,46.65,7,44.861786,-1.7882141113281236,True
Rubiataba,GO,Centro-Oeste,0.76112205,77.9,25,76.112206,-1.787794494628912,True
Pirapozinho,SP,Sudeste,0.74050945,75.83,13,74.05094,-1.779058532714842,True
Missal,PR,Sul,0.7822547,80.0,8,78.22547,-1.7745285034179688,True
Piên,PR,Sul,0.7823771,80.0,21,78.23771,-1.7622909545898438,True
Santana,BA,Nordeste,0.35248354,37.01,18,35.248356,-1.7616441345214824,True
Querência,MT,Centro-Oeste,0.59763044,61.52,40,59.763042,-1.7569575500488313,True
Vicência,PE,Nordeste,0.5943406,61.18999999999999,36,59.434063,-1.7559370422363187,True
Engenheiro Beltrão,PR,Sul,0.78245544,80.0,11,78.245544,-1.75445556640625,True
Itaú de Minas,MG,Sudeste,0.7344892,75.2,11,73.44892,-1.7510787963867216,True
Campos dos Goytacazes,RJ,Sudeste,0.43354207,45.1,453,43.354206,-1.7457939147949233,True
Rio Largo,AL,Nordeste,0.41737288,43.48,134,41.73729,-1.7427105712890594,True
Castelo do Piauí,PI,Nordeste,0.7409807,75.84,19,74.09807,-1.741931762695316,True
Feira Grande,AL,Nordeste,0.40200943,41.94,28,40.200943,-1.7390570068359352,True
Juruena,MT,Centro-Oeste,0.6133506,63.07000000000001,16,61.335056,-1.7349436950683668,True
Céu Azul,PR,Sul,0.7826733,80.0,16,78.26733,-1.7326736450195312,True
Rio das Pedras,SP,Sudeste,0.6575227,67.48,10,65.752266,-1.7277340698242227,True
Gabriel Monteiro,SP,Sudeste,0.782763,80.0,2,78.2763,-1.7237014770507812,True
Canelinha,SC,Sul,0.6099197,62.71,8,60.991974,-1.7180261230468759,True
Carapebus,RJ,Sudeste,0.54072666,55.79,17,54.072666,-1.7173338317871085,True
Água Branca,AL,Nordeste,0.5077308,52.49,17,50.77308,-1.7169210815429707,True
Guatapará,SP,Sudeste,0.65367997,67.08,4,65.368,-1.7120037841796858,True
Moreira Sales,PR,Sul,0.7772098,79.43,17,77.720985,-1.7090145874023506,True
Três Barras do Paraná,PR,Sul,0.7775236,79.46,7,77.75236,-1.7076425170898375,True
Chorrochó,BA,Nordeste,0.39660785,41.36,11,39.660786,-1.6992143249511713,True
Jumirim,SP,Sudeste,0.7523102,76.93,2,75.23102,-1.6989819335937568,True
Triunfo,PB,Nordeste,0.5330509,55.0,10,53.305088,-1.6949119567871094,True
Caçu,GO,Centro-Oeste,0.7261215,74.28,12,72.61215,-1.6678479003906261,True
Terra Nova do Norte,MT,Centro-Oeste,0.6058687,62.25,20,60.58687,-1.6631317138671875,True
Sapezal,MT,Centro-Oeste,0.697342,71.39,34,69.7342,-1.6558004760742193,True
Itapecuru Mirim,MA,Nordeste,0.5610696,57.76,80,56.10696,-1.6530397033691386,True
Planalto,PR,Sul,0.78349584,80.0,17,78.34959,-1.6504135131835938,True
Alfredo Vasconcelos,MG,Sudeste,0.71611947,73.26,11,71.611946,-1.6480538940429739,True
Presidente Dutra,MA,Nordeste,0.5730206,58.95,39,57.30206,-1.6479408264160185,True
Nossa Senhora das Graças,PR,Sul,0.7762807,79.27,6,77.62807,-1.6419329833984335,True
Aracitaba,MG,Sudeste,0.78360826,80.0,3,78.360825,-1.6391754150390625,True
Ariquemes,RO,Norte,0.6358131,65.22,109,63.58131,-1.638689727783202,True
Mato Verde,MG,Sudeste,0.69142395,70.78,11,69.142395,-1.6376049804687511,True
Alenquer,PA,Norte,0.41414368,43.05,77,41.414368,-1.6356323242187472,True
Brumadinho,MG,Sudeste,0.7018478,71.82,43,70.18478,-1.6352236938476494,True
Barbosa Ferraz,PR,Sul,0.7837431,80.0,7,78.374306,-1.6256942749023438,True
Nova Cantu,PR,Sul,0.7794702,79.57,9,77.94702,-1.6229785156249932,True
Anaurilândia,MS,Centro-Oeste,0.6598881,67.61,15,65.98881,-1.6211923217773432,True
Tanabi,SP,Sudeste,0.6597743,67.59,10,65.97743,-1.612567749023441,True
Ariranha do Ivaí,PR,Sul,0.7466225,76.27,2,74.66225,-1.6077532958984335,True
Datas,MG,Sudeste,0.78392875,80.0,8,78.392876,-1.6071243286132812,True
Santa Rita do Trivelato,MT,Centro-Oeste,0.6565621,67.26,11,65.65621,-1.6037881469726614,True
São Luíz do Norte,GO,Centro-Oeste,0.7446943,76.07,7,74.46943,-1.600570983886712,True
Rafael Godeiro,RN,Nordeste,0.354342,37.03,3,35.4342,-1.5957997131347668,True
Formiga,MG,Sudeste,0.6746038,69.05,39,67.46038,-1.5896194458007784,True
Bertolínia,PI,Nordeste,0.6129076,62.88,3,61.29076,-1.5892399597167994,True
Adelândia,GO,Centro-Oeste,0.78416044,80.0,3,78.416046,-1.583953857421875,True
Luzilândia,PI,Nordeste,0.5483892,56.4,17,54.83892,-1.5610794067382798,True
Foz do Iguaçu,PR,Sul,0.7254226,74.1,332,72.54226,-1.5577407836914006,True
Vianópolis,GO,Centro-Oeste,0.784491,80.0,19,78.4491,-1.5509033203125,True
Cruz Machado,PR,Sul,0.7845152,80.0,19,78.45152,-1.5484771728515625,True
Carambeí,PR,Sul,0.7429389,75.84,27,74.293884,-1.5461157226562534,True
Bonito,MS,Centro-Oeste,0.56238395,57.779999999999994,36,56.238396,-1.5416043090820253,True
Santa Rosa de Viterbo,SP,Sudeste,0.73689246,75.23,9,73.68925,-1.5407528686523477,True
Sagres,SP,Sudeste,0.7027974,71.82,1,70.27974,-1.5402606201171807,True
Guariba,SP,Sudeste,0.6982967,71.35,18,69.82967,-1.5203262329101506,True
Marilândia,ES,Sudeste,0.77213037,78.73,10,77.213036,-1.5169644165039102,True
Teresina,PI,Nordeste,0.51896334,53.40999999999999,783,51.89633,-1.5136682128906145,True
Osasco,SP,Sudeste,0.49962485,51.470000000000006,326,49.962486,-1.5075137329101622,True
Ariranha,SP,Sudeste,0.64924943,66.43,1,64.92494,-1.5050579833984443,True
Itambaracá,PR,Sul,0.7774568,79.25,5,77.74568,-1.5043182373046875,True
Virmond,PR,Sul,0.77382135,78.88,6,77.38213,-1.4978665161132767,True
Itararé,SP,Sudeste,0.58406234,59.9,30,58.406235,-1.493765258789061,True
Nova Londrina,PR,Sul,0.76518035,78.01,16,76.518036,-1.4919641113281301,True
Rosário,MA,Nordeste,0.590444,60.53,51,59.044403,-1.4855969238281261,True
Curralinho,PA,Norte,0.30804536,32.28,45,30.804535,-1.4754650878906261,True
São Miguel das Matas,BA,Nordeste,0.34444103,35.91,8,34.444103,-1.4658967590331997,True
Castanheiras,RO,Norte,0.7024565,71.71,5,70.24565,-1.4643487548828062,True
Nísia Floresta,RN,Nordeste,0.3767883,39.14,33,37.67883,-1.4611708068847662,True
Pirenópolis,GO,Centro-Oeste,0.7255081,74.01,35,72.55081,-1.4591882324218801,True
Santa Filomena,PE,Nordeste,0.6095336,62.41,14,60.95336,-1.4566384887695278,True
Santa Izabel do Oeste,PR,Sul,0.78543615,80.0,8,78.54362,-1.4563827514648438,True
Utinga,BA,Nordeste,0.3923401,40.69,11,39.23401,-1.4559912109374977,True
Ribeirão Bonito,SP,Sudeste,0.77895397,79.35,5,77.89539,-1.454606628417963,True
São Francisco do Piauí,PI,Nordeste,0.603098,61.76,7,60.3098,-1.4502008056640605,True
Chã Grande,PE,Nordeste,0.5797407,59.42,28,57.97407,-1.4459284973144548,True
Jaguariaíva,PR,Sul,0.7855689,80.0,33,78.55689,-1.4431076049804688,True
Itabela,BA,Nordeste,0.36697036,38.14,16,36.697037,-1.442963256835938,True
Mansidão,BA,Nordeste,0.3632089,37.76,8,36.32089,-1.4391114807128886,True
Marechal Cândido Rondon,PR,Sul,0.7457311,76.01,65,74.57311,-1.4368875122070364,True
Palmital,PR,Sul,0.7371388,75.15,15,73.71388,-1.4361175537109432,True
Coroados,SP,Sudeste,0.6969769,71.12,3,69.69769,-1.4223071289062545,True
Platina,SP,Sudeste,0.7136043,72.78,3,71.36043,-1.4195721435546886,True
Três Marias,MG,Sudeste,0.6880111,70.22,25,68.80111,-1.4188906860351551,True
Cianorte,PR,Sul,0.7820352,79.62,85,78.203514,-1.4164859008789108,True
São Francisco de Paula,RS,Sul,0.592454,60.65,25,59.245403,-1.4045967102050767,True
Posse,GO,Centro-Oeste,0.7533597,76.74,35,75.33597,-1.4040319824218699,True
Gaurama,RS,Sul,0.7757768,78.98,7,77.57768,-1.4023175048828165,True
Imbé de Minas,MG,Sudeste,0.66554713,67.94,4,66.55471,-1.385289611816404,True
Corupá,SC,Sul,0.6288563,64.27,25,62.88563,-1.3843684387206991,True
Ponte Preta,RS,Sul,0.6192616,63.31,3,61.926163,-1.3838372802734398,True
Icaraíma,PR,Sul,0.72927314,74.31,8,72.927315,-1.382685241699221,True
Valença do Piauí,PI,Nordeste,0.55198324,56.580000000000005,17,55.198322,-1.3816777038574273,True
Jaguaripe,BA,Nordeste,0.31689745,33.07,16,31.689745,-1.38025505065918,True
Cocalzinho de Goiás,GO,Centro-Oeste,0.7822853,79.6,17,78.22853,-1.3714691162109318,True
Matões do Norte,MA,Nordeste,0.65088826,66.46,7,65.08883,-1.37117095947265,True
Arraias,TO,Norte,0.39744544,41.11,6,39.744545,-1.3654550170898432,True
Macapá,AP,Norte,0.47846118,49.2,613,47.84612,-1.3538810729980497,True
Conde,PB,Nordeste,0.6393624,65.28,31,63.93624,-1.3437588500976574,True
Floreal,SP,Sudeste,0.78665096,80.0,2,78.66509,-1.3349075317382812,True
Embaúba,SP,Sudeste,0.78665096,80.0,3,78.66509,-1.3349075317382812,True
Santo Antônio do Leste,MT,Centro-Oeste,0.6278661,64.12,6,62.78661,-1.3333903503418014,True
São Pedro do Ivaí,PR,Sul,0.7866712,80.0,11,78.66712,-1.3328781127929688,True
Grão Pará,SC,Sul,0.66240245,67.57,4,66.24024,-1.329757995605462,True
Capão do Leão,RS,Sul,0.52484375,53.81,22,52.484375,-1.3256250000000023,True
Formosa,GO,Centro-Oeste,0.6470586,66.03,126,64.705864,-1.3241360473632824,True
Matinhos,PR,Sul,0.70587987,71.91,54,70.58799,-1.3220101928710903,True
Roncador,PR,Sul,0.78679353,80.0,17,78.67935,-1.320648193359375,True
Bálsamo,SP,Sudeste,0.78680176,80.0,7,78.680176,-1.31982421875,True
João Alfredo,PE,Nordeste,0.5949763,60.809999999999995,20,59.49763,-1.3123689270019483,True
Ceres,GO,Centro-Oeste,0.78689563,80.0,14,78.68956,-1.3104400634765625,True
Itapé,BA,Nordeste,0.36354458,37.65,4,36.354458,-1.2955421447753892,True
Araruama,RJ,Sudeste,0.54366106,55.66,136,54.366104,-1.293895874023434,True
Salesópolis,SP,Sudeste,0.6585721,67.15,7,65.85721,-1.2927917480468807,True
Olho d'Água das Cunhãs,MA,Nordeste,0.5695781,58.25,5,56.95781,-1.2921905517578125,True
Itatiba,SP,Sudeste,0.6624136,67.53,45,66.24136,-1.2886364746093761,True
Buritizal,SP,Sudeste,0.7871206,80.0,3,78.71206,-1.2879409790039062,True
Aracruz,ES,Sudeste,0.7107916,72.36,142,71.07916,-1.2808374023437494,True
São Miguel do Araguaia,GO,Centro-Oeste,0.78727394,80.0,27,78.727394,-1.2726058959960938,True
Nazaré da Mata,PE,Nordeste,0.576627,58.93,20,57.6627,-1.2672993469238278,True
Jaciara,MT,Centro-Oeste,0.5956488,60.83,31,59.564884,-1.2651158142089827,True
Valparaíso,SP,Sudeste,0.6570625,66.97,18,65.706245,-1.2637545776367176,True
Rio das Flores,RJ,Sudeste,0.6179056,63.05,6,61.79056,-1.2594383239746065,True
Barretos,SP,Sudeste,0.6178098,63.04,55,61.780975,-1.2590246582031241,True
Japoatã,SE,Nordeste,0.32012546,33.27,18,32.012547,-1.2574534606933625,True
Caarapó,MS,Centro-Oeste,0.561587,57.41,46,56.1587,-1.2513009643554653,True
Ubiratã,PR,Sul,0.78750104,80.0,23,78.75011,-1.2498931884765625,True
João Pessoa,PB,Nordeste,0.5088149,52.13,545,50.88149,-1.2485111999511744,True
Campinorte,GO,Centro-Oeste,0.7349185,74.74,10,73.491844,-1.2481558227539011,True
Tanguá,RJ,Sudeste,0.5824359,59.49,44,58.24359,-1.246408691406252,True
Hortolândia,SP,Sudeste,0.6040461,61.65,128,60.40461,-1.2453903198242173,True
Santa Rosa do Piauí,PI,Nordeste,0.6291489,64.16,6,62.91489,-1.245109710693356,True
São Geraldo do Araguaia,PA,Norte,0.5069597,51.94,36,50.69597,-1.2440313720703102,True
Raul Soares,MG,Sudeste,0.67916644,69.16,16,67.91664,-1.243358764648434,True
Bom Progresso,RS,Sul,0.58946955,60.19,1,58.946957,-1.2430433654785134,True
Presidente Jânio Quadros,BA,Nordeste,0.36237362,37.48,12,36.237362,-1.2426380920410125,True
Maceió,AL,Nordeste,0.4433962,45.58,661,44.339622,-1.2403775024414045,True
Tabatinga,AM,Norte,0.4638294,47.62,128,46.38294,-1.2370616149902318,True
Zortéa,SC,Sul,0.66263247,67.5,8,66.263245,-1.23675537109375,True
Perdizes,MG,Sudeste,0.68614745,69.85,18,68.614746,-1.2352539062499943,True
Nova Mamoré,RO,Norte,0.6457554,65.81,36,64.57554,-1.234461364746096,True
Vargem Grande do Sul,SP,Sudeste,0.6992691,71.16,19,69.92691,-1.2330895996093716,True
Atalanta,SC,Sul,0.7128774,72.52,4,71.28774,-1.2322573852539023,True
Altinópolis,SP,Sudeste,0.69139415,70.36,9,69.13941,-1.2205880737304682,True
Ribeirão do Pinhal,PR,Sul,0.7878498,80.0,14,78.78498,-1.2150192260742188,True
São João da Barra,RJ,Sudeste,0.55517083,56.72999999999999,48,55.517082,-1.212917785644521,True
Surubim,PE,Nordeste,0.5828012,59.49,30,58.28012,-1.209879150390627,True
Pradópolis,SP,Sudeste,0.739248,75.13,13,73.9248,-1.2052029418945267,True
Curaçá,BA,Nordeste,0.3556723,36.77,36,35.56723,-1.2027697753906281,True
Pinhalzinho,SP,Sudeste,0.7718772,78.39,7,77.18772,-1.2022787475585943,True
São Gonçalo,RJ,Sudeste,0.5003388,51.23,450,50.03388,-1.1961216735839812,True
Aparecida do Taboado,MS,Centro-Oeste,0.5496392,56.16,42,54.96392,-1.1960794067382778,True
Duartina,SP,Sudeste,0.78805774,80.0,2,78.80577,-1.1942291259765625,True
Jandaia do Sul,PR,Sul,0.76259834,77.43999999999998,25,76.259834,-1.1801657104492023,True
Guaraqueçaba,PR,Sul,0.7052269,71.7,6,70.52269,-1.1773101806640653,True
Nova Santa Rosa,PR,Sul,0.7694531,78.12,14,76.94531,-1.1746875000000045,True
Itaguari,GO,Centro-Oeste,0.7882604,80.0,9,78.82604,-1.1739578247070312,True
Marialva,PR,Sul,0.7311709,74.29,50,73.11709,-1.1729116821289125,True
Colatina,ES,Sudeste,0.7354805,74.72,109,73.54805,-1.1719500732421864,True
Mesquita,RJ,Sudeste,0.43166527,44.32,140,43.166527,-1.1534732055664065,True
Ipojuca,PE,Nordeste,0.6908704,70.24,143,69.08704,-1.1529562377929636,True
Cajari,MA,Nordeste,0.5655209,57.7,7,56.55209,-1.1479103088378935,True
Reserva,PR,Sul,0.7283412,73.98,27,72.83412,-1.1458782958984415,True
São Bento do Tocantins,TO,Norte,0.48618755,49.76,4,48.618755,-1.1412446594238261,True
Cerejeiras,RO,Norte,0.60950136,62.09,24,60.950134,-1.1398657226562534,True
Arapoti,PR,Sul,0.74982995,76.12,39,74.982994,-1.1370059204101608,True
Amparo de São Francisco,SE,Nordeste,0.46173462,47.31,1,46.173462,-1.1365380859375023,True
Tacaratu,PE,Nordeste,0.58902884,60.02,16,58.902885,-1.1171145629882844,True
Serranópolis do Iguaçu,PR,Sul,0.7888945,80.0,4,78.88945,-1.1105499267578125,True
Dois Riachos,AL,Nordeste,0.50819224,51.92,9,50.819225,-1.1007746887207048,True
Ibitinga,SP,Sudeste,0.5360147,54.7,18,53.601467,-1.0985328674316435,True
Santa Bárbara de Goiás,GO,Centro-Oeste,0.77435124,78.53,8,77.43513,-1.0948727416992199,True
Divinópolis do Tocantins,TO,Norte,0.4436652,45.46,10,44.36652,-1.0934800720214852,True
Ouroeste,SP,Sudeste,0.78909874,80.0,6,78.909874,-1.0901260375976562,True
Casserengue,PB,Nordeste,0.52123266,53.21,6,52.12327,-1.0867318725585946,True
Congo,PB,Nordeste,0.53277683,54.36,3,53.277683,-1.0823167419433588,True
Óbidos,PA,Norte,0.5285921,53.94,39,52.85921,-1.0807890319824196,True
Piranhas,AL,Nordeste,0.30881003,31.96,32,30.881002,-1.07899757385254,True
Três Lagoas,MS,Centro-Oeste,0.7040562,71.48,176,70.40562,-1.0743832397460977,True
Igarapé do Meio,MA,Nordeste,0.6134924,62.41,23,61.349243,-1.0607568359374966,True
Fortaleza do Tabocão,TO,Norte,0.5296958,54.03,5,52.96958,-1.0604183959960949,True
Presidente Médici,RO,Norte,0.64250934,65.31,21,64.25093,-1.0590692138671898,True
Dourado,SP,Sudeste,0.7178196,72.84,2,71.78196,-1.0580404663085972,True
Lagoa da Prata,MG,Sudeste,0.72672945,73.73,32,72.67294,-1.057056884765629,True
Presidente Getúlio,SC,Sul,0.6407646,65.13,23,64.07646,-1.053538208007808,True
Marapoama,SP,Sudeste,0.78954965,80.0,2,78.95496,-1.0450363159179688,True
Dionísio Cerqueira,SC,Sul,0.6197726,63.02,10,61.97726,-1.0427394104003938,True
Uruana,GO,Centro-Oeste,0.7522821,76.25,14,75.22821,-1.02178955078125,True
Araçu,GO,Centro-Oeste,0.7666161,77.68,4,76.66161,-1.018386535644538,True
Quatro Pontes,PR,Sul,0.7898381,80.0,12,78.98381,-1.0161895751953125,True
Central,BA,Nordeste,0.36884785,37.9,9,36.884785,-1.0152153015136705,True
Santa Adélia,SP,Sudeste,0.6287957,63.89000000000001,6,62.87957,-1.010429992675789,True
Silvânia,GO,Centro-Oeste,0.7898989,80.0,14,78.98988,-1.0101165771484375,True
Estrela do Norte,SP,Sudeste,0.7307624,74.08,1,73.07624,-1.003759460449217,True
Vitorino,PR,Sul,0.71744514,72.74,12,71.744514,-0.9954855346679636,True
Piracaia,SP,Sudeste,0.61066586,62.06,12,61.066586,-0.9934144592285179,True
Doutor Ulysses,PR,Sul,0.7588121,76.87,4,75.88121,-0.988789672851567,True
Divinópolis de Goiás,GO,Centro-Oeste,0.78933036,79.92,9,78.93304,-0.986963195800783,True
Tangará da Serra,MT,Centro-Oeste,0.52853525,53.83,136,52.853523,-0.976476745605467,True
Sorriso,MT,Centro-Oeste,0.78243566,79.21,181,78.24357,-0.9664315795898375,True
Manfrinópolis,PR,Sul,0.7903367,80.0,2,79.033676,-0.9663238525390625,True
Casa Nova,BA,Nordeste,0.18477124,19.44,59,18.477123,-0.9628767395019544,True
Itaipulândia,PR,Sul,0.7903942,80.0,18,79.03942,-0.9605789184570312,True
Mundo Novo,BA,Nordeste,0.32864016,33.82,12,32.864017,-0.9559825134277347,True
Dracena,SP,Sudeste,0.64944315,65.9,17,64.94431,-0.9556869506835994,True
Marcelândia,MT,Centro-Oeste,0.6428244,65.23,11,64.28244,-0.947559814453129,True
Inhapim,MG,Sudeste,0.6945269,70.4,8,69.45269,-0.9473098754882869,True
Monte Alegre de Goiás,GO,Centro-Oeste,0.73873484,74.82,11,73.87348,-0.9465182495117119,True
São Sebastião do Caí,RS,Sul,0.6046747,61.4,22,60.46747,-0.9325317382812486,True
Benedito Novo,SC,Sul,0.63537824,64.47,13,63.537823,-0.932177276611327,True
Lauro de Freitas,BA,Nordeste,0.35810333,36.74,132,35.810333,-0.929666748046877,True
Novorizonte,MG,Sudeste,0.6904041,69.97,3,69.04041,-0.9295870971679676,True
Santana do Paraíso,MG,Sudeste,0.70488113,71.41,41,70.48811,-0.9218865966796841,True
Rio Novo do Sul,ES,Sudeste,0.77408636,78.33,20,77.40864,-0.921361999511717,True
Novo Horizonte do Norte,MT,Centro-Oeste,0.648528,65.77,6,64.8528,-0.9172015380859335,True
Ouro Branco,RN,Nordeste,0.45934707,46.85,5,45.934708,-0.9152923583984389,True
Nova Luzitânia,SP,Sudeste,0.77320904,78.23,3,77.3209,-0.9091000366210977,True
Ramilândia,PR,Sul,0.7909097,80.0,9,79.09097,-0.909027099609375,True
Ouro Verde do Oeste,PR,Sul,0.79091465,80.0,2,79.09147,-0.9085311889648438,True
Maiquinique,BA,Nordeste,0.36022002,36.93,14,36.022003,-0.9079968261718747,True
Tupi Paulista,SP,Sudeste,0.79092103,80.0,3,79.0921,-0.90789794921875,True
Ibiporã,PR,Sul,0.734838,74.39,50,73.4838,-0.9061972045898443,True
Capivari,SP,Sudeste,0.6610387,67.01,26,66.10387,-0.9061334228515676,True
Comodoro,MT,Centro-Oeste,0.6055733,61.46,20,60.55733,-0.9026689147949227,True
Planaltina,GO,Centro-Oeste,0.6697271,67.87,157,66.97271,-0.8972903442382858,True
Nuporanga,SP,Sudeste,0.7024555,71.14,6,70.24555,-0.8944479370117193,True
Jardinópolis,SP,Sudeste,0.61008793,61.9,24,61.008793,-0.891207122802733,True
Ouro Fino,MG,Sudeste,0.65601146,66.49,24,65.60114,-0.8888571166992136,True
Aroazes,PI,Nordeste,0.60506,61.39,8,60.505997,-0.8840032958984381,True
Colombo,PR,Sul,0.6650582,67.38,280,66.50582,-0.8741787719726517,True
Estiva,MG,Sudeste,0.72770166,73.63,12,72.770164,-0.8598355102539017,True
Dilermando de Aguiar,RS,Sul,0.68493366,69.35,6,68.49336,-0.8566375732421818,True
Cosmorama,SP,Sudeste,0.7914513,80.0,3,79.14513,-0.8548736572265625,True
Guareí,SP,Sudeste,0.6433536,65.19,8,64.33536,-0.8546423339843727,True
Cachoeirinha,PE,Nordeste,0.59708935,60.559999999999995,30,59.708935,-0.8510652160644483,True
Laranjeiras do Sul,PR,Sul,0.72523683,73.37,52,72.52368,-0.8463183593750045,True
Rodeio,SC,Sul,0.60024446,60.86999999999999,15,60.024445,-0.8455554199218653,True
Candeias,MG,Sudeste,0.79157245,80.0,10,79.15724,-0.8427581787109375,True
Nova Fátima,PR,Sul,0.7915799,80.0,4,79.15799,-0.842010498046875,True
Vertentes,PE,Nordeste,0.58348376,59.190000000000005,17,58.348377,-0.8416227722168017,True
Várzea,PB,Nordeste,0.55788594,56.63,3,55.788593,-0.8414067077636744,True
Primavera,PA,Norte,0.5321159,54.04999999999999,14,53.211586,-0.8384140014648338,True
Queimadas,BA,Nordeste,0.33706903,34.54,19,33.7069,-0.8330984497070304,True
Barra do Chapéu,SP,Sudeste,0.66667116,67.5,4,66.667114,-0.8328857421875,True
Santa Cruz do Capibaribe,PE,Nordeste,0.56478447,57.31,66,56.478447,-0.8315530395507835,True
Antônio Olinto,PR,Sul,0.7916932,80.0,5,79.16932,-0.8306808471679688,True
Santana do Itararé,PR,Sul,0.7769014,78.52,3,77.69014,-0.8298602294921835,True
Caçapava do Sul,RS,Sul,0.5812061,58.95,34,58.12061,-0.8293907165527372,True
Arenópolis,GO,Centro-Oeste,0.79173803,80.0,6,79.173805,-0.8261947631835938,True
Monte das Gameleiras,RN,Nordeste,0.39424744,40.25,4,39.424744,-0.82525634765625,True
São Francisco do Guaporé,RO,Norte,0.6728227,68.1,27,67.28227,-0.8177276611328068,True
Barcelos,AM,Norte,0.52933747,53.75,24,52.933746,-0.816253662109375,True
Dionísio,MG,Sudeste,0.7918403,80.0,6,79.18403,-0.8159713745117188,True
Iretama,PR,Sul,0.7918772,80.0,11,79.18772,-0.8122787475585938,True
Santa Cruz,PB,Nordeste,0.5648218,57.29,5,56.482178,-0.8078222656249991,True
Siderópolis,SC,Sul,0.6389244,64.7,9,63.89244,-0.8075592041015653,True
Bela Vista,MS,Centro-Oeste,0.48777494,49.58,37,48.777493,-0.8025074768066389,True
São Raimundo do Doca Bezerra,MA,Nordeste,0.5941993,60.22,3,59.41993,-0.8000704956054676,True
Maracaí,SP,Sudeste,0.7920592,80.0,8,79.20592,-0.7940826416015625,True
Foz do Jordão,PR,Sul,0.7920634,80.0,7,79.206345,-0.7936553955078125,True
Carangola,MG,Sudeste,0.54846394,55.64,28,54.846394,-0.7936064147949224,True
Ângulo,PR,Sul,0.7920934,80.0,7,79.20934,-0.7906570434570312,True
Guaraci,SP,Sudeste,0.7398313,74.77,4,73.98313,-0.7868685913085898,True
Minas Novas,MG,Sudeste,0.70933497,71.72,23,70.933495,-0.7865054321289051,True
Ouro Verde de Goiás,GO,Centro-Oeste,0.79214144,80.0,8,79.21414,-0.785858154296875,True
Ribeira,SP,Sudeste,0.64924943,65.71,1,64.92494,-0.7850579833984312,True
Paracatu,MG,Sudeste,0.6723559,68.02,102,67.23559,-0.7844119262695273,True
Doutor Camargo,PR,Sul,0.7846589,79.25,4,78.46589,-0.7841110229492188,True
São Geraldo,MG,Sudeste,0.79222643,80.0,13,79.22264,-0.7773590087890625,True
Niquelândia,GO,Centro-Oeste,0.7317411,73.95,36,73.17411,-0.7758895874023466,True
Miguel Pereira,RJ,Sudeste,0.60378635,61.15,27,60.378635,-0.771364593505858,True
Jaboticabal,SP,Sudeste,0.5671781,57.48,28,56.717808,-0.7621922302246062,True
Mauá da Serra,PR,Sul,0.7923795,80.0,14,79.23795,-0.7620468139648438,True
São João dos Patos,MA,Nordeste,0.5718062,57.940000000000005,36,57.18062,-0.7593817138671923,True
Santa Leopoldina,ES,Sudeste,0.792453,80.0,11,79.2453,-0.75469970703125,True
Arraial do Cabo,RJ,Sudeste,0.54596996,55.35000000000001,44,54.596996,-0.7530036926269617,True
Realeza,PR,Sul,0.7924917,80.0,26,79.24917,-0.7508316040039062,True
Nova Veneza,GO,Centro-Oeste,0.79249775,80.0,17,79.24978,-0.7502212524414062,True
Agudos do Sul,PR,Sul,0.7572484,76.47,18,75.72484,-0.7451617431640614,True
Conceição do Coité,BA,Nordeste,0.3499159,35.73,56,34.99159,-0.7384114074707,True
São Cristóvão,SE,Nordeste,0.5913296,59.870000000000005,81,59.132957,-0.7370425415039108,True
São José dos Pinhais,PR,Sul,0.6852413,69.26,344,68.52413,-0.7358682250976614,True
Tramandaí,RS,Sul,0.5790637,58.64,68,57.906372,-0.7336279296875006,True
Camamu,BA,Nordeste,0.32436588,33.17,19,32.43659,-0.7334117126464861,True
Jaguarari,BA,Nordeste,0.3689768,37.63,19,36.89768,-0.7323216247558619,True
Vitorino Freire,MA,Nordeste,0.5508992,55.82,32,55.08992,-0.7300799560546878,True
Bambuí,MG,Sudeste,0.6751326,68.24,19,67.51326,-0.7267401123046824,True
Jacuí,MG,Sudeste,0.7157598,72.3,10,71.57598,-0.7240188598632784,True
Tocantínia,TO,Norte,0.48157817,48.88,10,48.157818,-0.7221821594238307,True
Cotia,SP,Sudeste,0.5478105,55.5,148,54.781048,-0.7189521789550781,True
Lagoa Grande,PE,Nordeste,0.5821157,58.93,33,58.21157,-0.718429260253906,True
Pontalina,GO,Centro-Oeste,0.73700327,74.41,15,73.700325,-0.7096749877929653,True
Mongaguá,SP,Sudeste,0.53031945,53.74,25,53.031944,-0.7080557250976582,True
Brejo da Madre de Deus,PE,Nordeste,0.56739575,57.44,26,56.739574,-0.7004255676269509,True
Gravatá,PE,Nordeste,0.47562212,48.26,42,47.56221,-0.6977899169921855,True
Elisiário,SP,Sudeste,0.728631,73.56,2,72.8631,-0.6969018554687523,True
Matelândia,PR,Sul,0.7383675,74.52,11,73.83675,-0.6832537841796835,True
Sericita,MG,Sudeste,0.69707733,70.39,8,69.70773,-0.6822668457031256,True
Campos Gerais,MG,Sudeste,0.67231065,67.91,19,67.231064,-0.6789361572265591,True
Campestre,MG,Sudeste,0.7090514,71.58,15,70.905136,-0.6748638916015608,True
Maracajá,SC,Sul,0.6139532,62.07,8,61.395317,-0.6746829223632815,True
Cidelândia,MA,Nordeste,0.6797486,68.64,24,67.97486,-0.6651388549804693,True
Barro Alto,GO,Centro-Oeste,0.79335177,80.0,20,79.335175,-0.664825439453125,True
Nova Esperança,PR,Sul,0.7436554,75.03,20,74.36554,-0.6644604492187511,True
Potiraguá,BA,Nordeste,0.34396505,35.06,8,34.396507,-0.6634927368164085,True
Barra D'Alcântara,PI,Nordeste,0.63569015,64.23,6,63.569016,-0.6609844970703165,True
Cordeiro,RJ,Sudeste,0.62009525,62.66,14,62.009525,-0.650474700927731,True
Tunas,RS,Sul,0.69459814,70.11,6,69.459816,-0.6501840209960932,True
Ribeirão Pires,SP,Sudeste,0.66260743,66.91,54,66.26074,-0.6492578124999966,True
Turiúba,SP,Sudeste,0.7935084,80.0,1,79.35084,-0.6491622924804688,True
Mogi das Cruzes,SP,Sudeste,0.51362115,52.01,199,51.362114,-0.6478860473632793,True
Prudentópolis,PR,Sul,0.7935433,80.0,49,79.354324,-0.6456756591796875,True
São Francisco de Sales,MG,Sudeste,0.7642622,77.07,7,76.42622,-0.6437762451171807,True
Rondonópolis,MT,Centro-Oeste,0.566193,57.26,280,56.619297,-0.6407029724121074,True
Italva,RJ,Sudeste,0.58081645,58.72,13,58.081646,-0.638354034423827,True
Ipatinga,MG,Sudeste,0.66533065,67.17,181,66.533066,-0.6369342041015642,True
Praia Grande,SP,Sudeste,0.54917043,55.55,165,54.91704,-0.632958221435544,True
Santa Inês,MA,Nordeste,0.5186059,52.49,101,51.860588,-0.6294119262695332,True
Barreirinhas,MA,Nordeste,0.5461394,55.23,62,54.61394,-0.6160588073730437,True
Guapimirim,RJ,Sudeste,0.5448612,55.1,64,54.48612,-0.6138816833496108,True
Cumari,GO,Centro-Oeste,0.76147014,76.76,4,76.14701,-0.6129891967773489,True
Lagoa da Canoa,AL,Nordeste,0.50534153,51.14,13,50.534153,-0.6058470153808599,True
Boa Vista da Aparecida,PR,Sul,0.72975916,73.58,6,72.975914,-0.6040859985351545,True
Fortaleza,CE,Nordeste,0.743511,74.95,1840,74.351105,-0.5988952636718778,True
Candeias,BA,Nordeste,0.390082,39.6,51,39.0082,-0.5917984008789077,True
Além Paraíba,MG,Sudeste,0.70120263,70.71,25,70.12026,-0.5897378540039,True
Bacabeira,MA,Nordeste,0.55613375,56.2,27,55.613373,-0.5866271972656278,True
Bela Vista do Piauí,PI,Nordeste,0.63595563,64.18,3,63.595562,-0.584438018798835,True
Piraí do Sul,PR,Sul,0.7349575,74.08,22,73.49575,-0.5842495727539045,True
Pilar do Sul,SP,Sudeste,0.5996612,60.55,11,59.966118,-0.5838821411132784,True
Itapaci,GO,Centro-Oeste,0.78428483,79.01,18,78.42848,-0.5815179443359426,True
Parnaíba,PI,Nordeste,0.37463757,38.04,157,37.463757,-0.5762434387207023,True
Ventania,PR,Sul,0.744342,75.01,12,74.434204,-0.5757958984375051,True
Paraty,RJ,Sudeste,0.54976135,55.55,40,54.976135,-0.5738647460937472,True
Governador Eugênio Barros,MA,Nordeste,0.56823915,57.38,12,56.823914,-0.5560864257812526,True
Ibatiba,ES,Sudeste,0.79454315,80.0,31,79.454315,-0.545684814453125,True
Bom Jesus de Goiás,GO,Centro-Oeste,0.7584964,76.39,30,75.84964,-0.5403601074218756,True
Cabixi,RO,Norte,0.70314956,70.85,9,70.31496,-0.5350433349609318,True
Guamiranga,PR,Sul,0.7907031,79.6,6,79.07031,-0.5296874999999943,True
Jacupiranga,SP,Sudeste,0.6598061,66.5,7,65.980606,-0.5193939208984375,True
Floresta do Araguaia,PA,Norte,0.5251137,53.03,20,52.51137,-0.518628387451173,True
Rio Formoso,PE,Nordeste,0.7948841,80.0,28,79.48841,-0.5115890502929688,True
Capela,SE,Nordeste,0.3989598,40.4,34,39.895977,-0.5040229797363267,True
Joaçaba,SC,Sul,0.62108314,62.61,21,62.108315,-0.5016854858398432,True
Planaltina do Paraná,PR,Sul,0.79318756,79.82,7,79.318756,-0.5012438964843682,True
Macatuba,SP,Sudeste,0.66982025,67.48,4,66.982025,-0.497974853515629,True
Brejo Grande,SE,Nordeste,0.33963174,34.46,10,33.963173,-0.4968270874023446,True
Santo Amaro da Imperatriz,SC,Sul,0.6131469,61.81,28,61.31469,-0.4953103637695335,True
Caiçara do Rio do Vento,RN,Nordeste,0.44026852,44.52,3,44.02685,-0.49314834594726875,True
Careiro da Várzea,AM,Norte,0.44029626,44.52,18,44.029625,-0.4903750610351594,True
São Luís,MA,Nordeste,0.52299994,52.78999999999999,673,52.299995,-0.4900045776367108,True
Pau D'Arco do Piauí,PI,Nordeste,0.79510915,80.0,2,79.51092,-0.48908233642578125,True
Carolina,MA,Nordeste,0.49764958,50.25,31,49.764957,-0.4850425720214844,True
São Domingos do Norte,ES,Sudeste,0.7951804,80.0,8,79.518036,-0.481964111328125,True
Ibaiti,PR,Sul,0.7351174,73.99,39,73.511734,-0.4782659912109324,True
Trizidela do Vale,MA,Nordeste,0.6201328,62.489999999999995,24,62.01328,-0.47672103881835426,True
Rolândia,PR,Sul,0.7394479,74.42,92,73.944786,-0.47521392822265796,True
Canarana,BA,Nordeste,0.35869762,36.34,28,35.869762,-0.47023757934570654,True
Feliz Natal,MT,Centro-Oeste,0.6713014,67.6,12,67.13014,-0.4698577880859318,True
Cristianópolis,GO,Centro-Oeste,0.7953286,80.0,10,79.53286,-0.46714019775390625,True
Avaí,SP,Sudeste,0.5894362,59.41,2,58.94362,-0.4663812255859341,True
Luiziana,PR,Sul,0.7954291,80.0,8,79.54291,-0.45709228515625,True
Venturosa,PE,Nordeste,0.5723055,57.67999999999999,20,57.23055,-0.4494511413574145,True
Rancho Queimado,SC,Sul,0.73410785,73.86,9,73.41078,-0.44921813964843693,True
Itambé,PR,Sul,0.795529,80.0,5,79.5529,-0.4470977783203125,True
Nova Guarita,MT,Centro-Oeste,0.69507015,69.95,9,69.50701,-0.4429885864257841,True
Arapiraca,AL,Nordeste,0.4533402,45.77,230,45.33402,-0.4359812927246125,True
Ituporanga,SC,Sul,0.66326976,66.76,29,66.32697,-0.43302703857422387,True
Curitibanos,SC,Sul,0.53286403,53.71,37,53.286404,-0.4235963439941415,True
Maripá,PR,Sul,0.79580283,80.0,8,79.580284,-0.41971588134765625,True
Coxim,MS,Centro-Oeste,0.45572045,45.99,31,45.572044,-0.41795562744140824,True
Santa Maria do Oeste,PR,Sul,0.7640218,76.81,10,76.40218,-0.4078164672851585,True
Ritápolis,MG,Sudeste,0.66468173,66.87,4,66.46817,-0.40182983398437955,True
Pracuúba,AP,Norte,0.42651257,43.05,7,42.651257,-0.3987434387207003,True
Igarapé-Miri,PA,Norte,0.42932793,43.33,60,42.932793,-0.39720733642577954,True
Dolcinópolis,SP,Sudeste,0.76733977,77.13,3,76.73398,-0.39602172851562045,True
Simonésia,MG,Sudeste,0.6759,67.98,16,67.59,-0.390003662109379,True
Anchieta,ES,Sudeste,0.7961138,80.0,28,79.61138,-0.38861846923828125,True
Governador Jorge Teixeira,RO,Norte,0.6716125,67.54,17,67.16125,-0.3787527465820375,True
Francisco Morato,SP,Sudeste,0.5510178,55.48,127,55.101784,-0.3782162475585906,True
Ribeirão Corrente,SP,Sudeste,0.7278916,73.16,6,72.78916,-0.37083831787109034,True
Marechal Floriano,ES,Sudeste,0.7809961,78.47,22,78.09961,-0.37039062499999886,True
Campo Limpo de Goiás,GO,Centro-Oeste,0.7963063,80.0,12,79.63063,-0.3693695068359375,True
Bacabal,MA,Nordeste,0.5085725,51.220000000000006,89,50.85725,-0.3627497863769591,True
Teixeira Soares,PR,Sul,0.7735264,77.71,18,77.35264,-0.3573617553710875,True
Bom Jardim,PE,Nordeste,0.63734305,64.09,23,63.734306,-0.35569366455078466,True
Cacimba de Areia,PB,Nordeste,0.6617799,66.53,1,66.177986,-0.3520138549804699,True
Nazareno,MG,Sudeste,0.7965544,80.0,7,79.65544,-0.3445587158203125,True
Ivaí,PR,Sul,0.7965578,80.0,18,79.65578,-0.3442230224609375,True
Altônia,PR,Sul,0.7157831,71.92,18,71.57831,-0.3416918945312517,True
Monções,SP,Sudeste,0.7966029,80.0,1,79.66029,-0.3397064208984375,True
Benedito Leite,MA,Nordeste,0.5964977,59.98,10,59.649773,-0.3302273559570281,True
Resende,RJ,Sudeste,0.7012456,70.45,105,70.12456,-0.32544250488281534,True
Videira,SC,Sul,0.60736173,61.06,62,60.73617,-0.3238282775878929,True
Roseira,SP,Sudeste,0.6593696,66.26,10,65.93696,-0.32304168701172387,True
Avanhandava,SP,Sudeste,0.7204131,72.36,7,72.041306,-0.31869445800781193,True
Jardim,MS,Centro-Oeste,0.41705048,42.02,31,41.705048,-0.3149523925781281,True
Cantanhede,MA,Nordeste,0.5718857,57.5,20,57.188572,-0.3114280700683594,True
Barra do Turvo,SP,Sudeste,0.79692316,80.0,2,79.692314,-0.30768585205078125,True
Boituva,SP,Sudeste,0.6434754,64.65,31,64.34754,-0.30245819091797443,True
Ipiranga,PR,Sul,0.79698545,80.0,24,79.69855,-0.30145263671875,True
Gonçalves,MG,Sudeste,0.6478896,65.09,6,64.78896,-0.30103668212890966,True
Pirangi,SP,Sudeste,0.7969927,80.0,3,79.69927,-0.30072784423828125,True
Taquaritinga,SP,Sudeste,0.6476945,65.07,15,64.769455,-0.3005450439453057,True
Senador Firmino,MG,Sudeste,0.6826068,68.56,13,68.26068,-0.2993188476562523,True
Cananéia,SP,Sudeste,0.6703244,67.33,10,67.03244,-0.2975598144531233,True
Milagres,BA,Nordeste,0.40429494,40.72,14,40.429493,-0.29050704956054574,True
Braço do Trombudo,SC,Sul,0.6482297,65.11,2,64.822975,-0.2870248413085932,True
Lutécia,SP,Sudeste,0.72633666,72.92,1,72.63367,-0.2863330078125017,True
Nova Esperança do Sudoeste,PR,Sul,0.79714537,80.0,14,79.71454,-0.28546142578125,True
Patos de Minas,MG,Sudeste,0.7059495,70.88,117,70.59495,-0.2850521850585892,True
Tanque do Piauí,PI,Nordeste,0.6163762,61.92,2,61.637623,-0.2823771667480486,True
Loanda,PR,Sul,0.7332047,73.6,39,73.32047,-0.27952728271483807,True
Serrania,MG,Sudeste,0.6619212,66.47,4,66.19212,-0.27787658691406136,True
Caiçara do Norte,RN,Nordeste,0.37953445,38.23,6,37.953445,-0.2765545654296844,True
Lajeado,TO,Norte,0.46395874,46.669999999999995,10,46.395874,-0.2741259765624946,True
Fontoura Xavier,RS,Sul,0.64736867,65.01,9,64.73687,-0.27313018798828637,True
São Domingos do Prata,MG,Sudeste,0.70528203,70.8,12,70.528206,-0.2717941284179659,True
Eldorado,SP,Sudeste,0.6496882,65.24,6,64.96882,-0.27118133544921363,True
Viradouro,SP,Sudeste,0.6598093,66.25,5,65.98093,-0.269073486328125,True
Bandeirante,SC,Sul,0.7142808,71.69,7,71.42808,-0.2619223022460915,True
Crucilândia,MG,Sudeste,0.7973925,80.0,4,79.73925,-0.26074981689453125,True
Cotriguaçu,MT,Centro-Oeste,0.61685014,61.94,16,61.685013,-0.2549871826171852,True
Sooretama,ES,Sudeste,0.69025975,69.28,50,69.02598,-0.2540219116210949,True
Bezerros,PE,Nordeste,0.5592757,56.17999999999999,44,55.92757,-0.2524296569824145,True
Taquaral,SP,Sudeste,0.755096,75.76,1,75.509605,-0.25039459228516137,True
Paulistas,MG,Sudeste,0.7165829,71.9,5,71.65829,-0.24171295166016193,True
Avelinópolis,GO,Centro-Oeste,0.72551125,72.79,4,72.551125,-0.2388754272461,True
Nova Tebas,PR,Sul,0.7976128,80.0,4,79.76128,-0.2387237548828125,True
Serra,ES,Sudeste,0.6230175,62.54,692,62.30175,-0.2382498168945304,True
Itaúna do Sul,PR,Sul,0.7753346,77.77,3,77.53346,-0.23653747558593352,True
Mogi Mirim,SP,Sudeste,0.57894605,58.13,31,57.894604,-0.23539627075195568,True
Rio Negrinho,SC,Sul,0.6318499,63.42,46,63.18499,-0.23501007080078296,True
Mocajuba,PA,Norte,0.38725725,38.95,30,38.725723,-0.22427673339844034,True
Três Coroas,RS,Sul,0.5933462,59.55,24,59.334618,-0.2153823852539034,True
Abaré,BA,Nordeste,0.35224894,35.44,17,35.224895,-0.21510452270507585,True
Taquarana,AL,Nordeste,0.49602288,49.79999999999999,26,49.602287,-0.1977127075195213,True
Jaru,RO,Norte,0.654532,65.65,73,65.4532,-0.19679870605469318,True
Ibirá,SP,Sudeste,0.7236897,72.56,5,72.368965,-0.19103485107422102,True
Trabiju,SP,Sudeste,0.7981652,80.0,2,79.81652,-0.18347930908203125,True
Guaranésia,MG,Sudeste,0.74431634,74.61,16,74.43163,-0.17836700439453068,True
Goioxim,PR,Sul,0.79822236,80.0,8,79.822235,-0.177764892578125,True
Rio Manso,MG,Sudeste,0.724478,72.62,9,72.4478,-0.17220031738281705,True
Firminópolis,GO,Centro-Oeste,0.771385,77.31,8,77.138504,-0.17149597167968977,True
Barra do Piraí,RJ,Sudeste,0.50719327,50.89,69,50.719326,-0.1706739807128912,True
Areiópolis,SP,Sudeste,0.7334995,73.52,6,73.34995,-0.17004730224608977,True
Cândido de Abreu,PR,Sul,0.79832894,80.0,20,79.83289,-0.16710662841796875,True
Santa Vitória,MG,Sudeste,0.7207564,72.24,28,72.07564,-0.16436218261718238,True
Clevelândia,PR,Sul,0.74018264,74.18,23,74.018265,-0.16173522949219432,True
Aiquara,BA,Nordeste,0.36231956,36.39,6,36.231956,-0.15804351806640682,True
Corbélia,PR,Sul,0.75289994,75.44,27,75.28999,-0.15000671386718523,True
Itajá,GO,Centro-Oeste,0.7985101,80.0,7,79.851006,-0.14899444580078125,True
Pinheiros,ES,Sudeste,0.7754201,77.69,21,77.542015,-0.14798492431640398,True
Palmeirais,PI,Nordeste,0.5555393,55.70000000000001,12,55.553932,-0.1460678100586037,True
Teresópolis,RJ,Sudeste,0.62958664,63.09,149,62.958664,-0.1313360595703159,True
Sorocaba,SP,Sudeste,0.5302319,53.15,319,53.02319,-0.1268104553222642,True
Prados,MG,Sudeste,0.7413808,74.26,5,74.138084,-0.12191558837891137,True
Sítio Novo,RN,Nordeste,0.3576281,35.88,6,35.76281,-0.11719024658203381,True
Paulo Frontin,PR,Sul,0.7988314,80.0,11,79.88314,-0.11685943603515625,True
Guararema,SP,Sudeste,0.6713483,67.24,20,67.13483,-0.10517333984374488,True
Cícero Dantas,BA,Nordeste,0.37877515,37.98,24,37.877514,-0.10248611450195,True
Rio dos Cedros,SC,Sul,0.6381884,63.92,7,63.818844,-0.10115615844726733,True
Bragança Paulista,SP,Sudeste,0.5654217,56.64,73,56.54217,-0.0978285217285162,True
São José do Seridó,RN,Nordeste,0.42854133,42.95,5,42.854134,-0.09586639404297159,True
Chapada da Natividade,TO,Norte,0.53996867,54.09000000000001,7,53.99687,-0.09313186645508864,True
Imperatriz,MA,Nordeste,0.5072701,50.82,274,50.72701,-0.09299118041992216,True
Jacareí,SP,Sudeste,0.51047987,51.14,108,51.047985,-0.0920149230957037,True
Breves,PA,Norte,0.49689862,49.78,87,49.68986,-0.09013870239257926,True
Enéas Marques,PR,Sul,0.79912096,80.0,6,79.912094,-0.0879058837890625,True
Estrela de Alagoas,AL,Nordeste,0.41274244,41.35,13,41.274242,-0.07575759887695455,True
Piranguinho,MG,Sudeste,0.7097702,71.05,8,70.97702,-0.07297973632812216,True
Piraju,SP,Sudeste,0.6714809,67.22,16,67.14809,-0.07191345214843636,True
Piedade dos Gerais,MG,Sudeste,0.7313969,73.21,4,73.139694,-0.07030578613280625,True
Nova Itaberaba,SC,Sul,0.69387573,69.44,7,69.38757,-0.052426757812497726,True
Piedade,SP,Sudeste,0.62070024,62.12,38,62.070023,-0.04997741699218494,True
Turvo,SC,Sul,0.626451,62.69,17,62.645103,-0.044896545410153976,True
Pedra Preta,MT,Centro-Oeste,0.6054753,60.59,30,60.54753,-0.04246887207031591,True
Silvanópolis,TO,Norte,0.41478974,41.52,9,41.478973,-0.041026611328128126,True
Nova Venécia,ES,Sudeste,0.79961234,80.0,47,79.961235,-0.03876495361328125,True
Cocal de Telha,PI,Nordeste,0.6951452,69.55,4,69.51452,-0.03548126220702841,True
Cardeal da Silva,BA,Nordeste,0.33836156,33.87,7,33.836155,-0.03384506225585682,True
Lagoa Nova,RN,Nordeste,0.4148774,41.52,17,41.48774,-0.032260437011721876,True
Tamarana,PR,Sul,0.74773526,74.8,11,74.77353,-0.026470947265622158,True
Santa Fé de Goiás,GO,Centro-Oeste,0.7732692,77.35,10,77.32692,-0.023080444335931816,True
Aquidabã,SE,Nordeste,0.28567722,28.59,6,28.567722,-0.022277679443359233,True
Duas Barras,RJ,Sudeste,0.61499655,61.52,11,61.499657,-0.020343322753909376,True
Caraguatatuba,SP,Sudeste,0.5857275,58.59,67,58.57275,-0.017249908447269036,True
Mãe do Rio,PA,Norte,0.5105539,51.07,41,51.05539,-0.014610595703125284,True
Jerônimo Monteiro,ES,Sudeste,0.71699166,71.71,17,71.699165,-0.010834655761712497,True
Cariacica,ES,Sudeste,0.60931677,60.94,500,60.931675,-0.008325042724607101,True
Capela,AL,Nordeste,0.47356647,47.36,16,47.356647,-0.0033525085449213066,True
Cambuí,MG,Sudeste,0.67587,67.59,27,67.587,-0.0030020141601596606,True
Toritama,PE,Nordeste,0.55116594,55.10999999999999,49,55.116592,0.006592407226570174,False
Lidianópolis,PR,Sul,0.80014825,80.0,4,80.014824,0.01482391357421875,False
Rancho Alegre D'Oeste,PR,Sul,0.78349966,78.33,3,78.34997,0.019967956542970455,False
Marília,SP,Sudeste,0.62639683,62.61,73,62.639683,0.029682769775391193,False
Patu,RN,Nordeste,0.3916138,39.13,7,39.16138,0.03138076782226307,False
Cacoal,RO,Norte,0.6542139,65.39,95,65.42139,0.03138671874999943,False
Manacapuru,AM,Norte,0.49804306,49.77,138,49.804306,0.034306030273434374,False
Passo de Camaragibe,AL,Nordeste,0.48097903,48.06000000000001,19,48.097904,0.037904205322256246,False
Capim Grosso,BA,Nordeste,0.33448985,33.41,25,33.448986,0.038986053466800286,False
Riversul,SP,Sudeste,0.80040073,80.0,6,80.04007,0.040069580078125,False
São Lourenço,MG,Sudeste,0.6677032,66.73,39,66.770325,0.04032470703124602,False
Manduri,SP,Sudeste,0.65176046,65.13,5,65.17605,0.0460482788085983,False
Corumbá de Goiás,GO,Centro-Oeste,0.7339086,73.34,10,73.39086,0.05086151123046534,False
Conceição da Aparecida,MG,Sudeste,0.7236239,72.31,13,72.36239,0.052388610839841476,False
Jaguaquara,BA,Nordeste,0.51834935,51.78,54,51.834934,0.05493423461913949,False
Rio Verde de Mato Grosso,MS,Centro-Oeste,0.5268703,52.63,35,52.68703,0.05703079223632557,False
São Miguel do Fidalgo,PI,Nordeste,0.5987148,59.81,1,59.871483,0.061482849121091476,False
Novo Itacolomi,PR,Sul,0.80063164,80.0,5,80.06316,0.06316375732421875,False
Conceição dos Ouros,MG,Sudeste,0.6498605,64.92,7,64.98605,0.0660534667968733,False
Iracema do Oeste,PR,Sul,0.8006711,80.0,2,80.06711,0.067108154296875,False
Bom Sucesso do Sul,PR,Sul,0.8006737,80.0,4,80.067375,0.06737518310546875,False
Juína,MT,Centro-Oeste,0.5115756,51.09,37,51.15756,0.06755844116210596,False
Cássia,MG,Sudeste,0.7220924,72.14,24,72.209236,0.06923614501953068,False
Santo Anastácio,SP,Sudeste,0.80061257,79.99,4,80.06126,0.07125640869141137,False
Magda,SP,Sudeste,0.80076206,80.0,2,80.0762,0.076202392578125,False
Cristinápolis,SE,Nordeste,0.32038552,31.96,15,32.03855,0.0785513305664054,False
Canapi,AL,Nordeste,0.51161474,51.080000000000005,9,51.161472,0.08147232055663522,False
Guapiara,SP,Sudeste,0.6914835,69.06,8,69.148346,0.08834594726562273,False
Campo Bonito,PR,Sul,0.7406983,73.98,1,74.069824,0.08982421874999602,False
São José das Palmeiras,PR,Sul,0.80094254,80.0,8,80.09425,0.0942535400390625,False
Nova Redenção,BA,Nordeste,0.3900457,38.9,4,39.00457,0.10457000732422017,False
Jesuítas,PR,Sul,0.8010511,80.0,6,80.10511,0.10511016845703125,False
Ivatuba,PR,Sul,0.7909728,78.99,2,79.09728,0.10728240966797387,False
Taquarivaí,SP,Sudeste,0.6512778,65.02,3,65.12778,0.10777709960937898,False
Lagoa Santa,MG,Sudeste,0.648284,64.72,52,64.8284,0.10839965820312614,False
Iguape,SP,Sudeste,0.6107958,60.970000000000006,10,61.07958,0.10957839965819716,False
Santa Gertrudes,SP,Sudeste,0.63141894,63.03,13,63.141895,0.11189529418945199,False
Santa Rita do Passa Quatro,SP,Sudeste,0.6538461,65.26,8,65.384605,0.12460540771483863,False
Marilândia do Sul,PR,Sul,0.7347263,73.34,11,73.47263,0.13263336181640284,False
Sarandi,PR,Sul,0.6176421,61.63,120,61.76421,0.13420974731445057,False
Esperantinópolis,MA,Nordeste,0.6291928,62.78,14,62.91928,0.13928100585937386,False
Saudade do Iguaçu,PR,Sul,0.80140775,80.0,7,80.14078,0.140777587890625,False
Pedrinhas Paulista,SP,Sudeste,0.71485394,71.34,3,71.4854,0.1453973388671841,False
Guzolândia,SP,Sudeste,0.8014721,80.0,2,80.14721,0.14720916748046875,False
Magé,RJ,Sudeste,0.5189201,51.74000000000001,314,51.892014,0.1520135498046784,False
Oliveira de Fátima,TO,Norte,0.55086935,54.93,2,55.086933,0.1569331359863284,False
Nova Maringá,MT,Centro-Oeste,0.6492315,64.76,7,64.92315,0.16314910888671363,False
Pedra do Anta,MG,Sudeste,0.8016532,80.0,1,80.16532,0.16532135009765625,False
Corumbaíba,GO,Centro-Oeste,0.72955364,72.79,9,72.95536,0.16536041259765,False
Birigui,SP,Sudeste,0.7266568,72.5,51,72.66568,0.165679931640625,False
Aparecida de Goiânia,GO,Centro-Oeste,0.64043206,63.86999999999999,578,64.043205,0.1732052612304784,False
União,PI,Nordeste,0.34194934,34.02,58,34.194935,0.1749348449707,False
São Tomé,PR,Sul,0.8017687,80.0,6,80.17687,0.17687225341796875,False
Sacramento,MG,Sudeste,0.66809857,66.63,32,66.80986,0.17986022949219205,False
Cristais,MG,Sudeste,0.69515646,69.33,8,69.51565,0.18564788818359546,False
Barracão,PR,Sul,0.73920274,73.73,8,73.92027,0.19027282714843352,False
Rio Azul,PR,Sul,0.8019261,80.0,19,80.192604,0.19260406494140625,False
Corumbá,MS,Centro-Oeste,0.47812653,47.61,110,47.812653,0.20265258789062557,False
Araruna,PR,Sul,0.7685318,76.65,17,76.85318,0.20317993164061932,False
Lindoeste,PR,Sul,0.80203736,80.0,9,80.203735,0.2037353515625,False
Pitanga,PR,Sul,0.7428613,74.08,46,74.286125,0.20612518310547046,False
Guará,SP,Sudeste,0.69639343,69.43,8,69.63934,0.20934326171874318,False
Luís Eduardo Magalhães,BA,Nordeste,0.36740848,36.53,161,36.74085,0.2108485412597645,False
Conceição de Macabu,RJ,Sudeste,0.54925245,54.71,24,54.925243,0.21524337768554602,False
Itaperuçu,PR,Sul,0.60569227,60.35,47,60.569225,0.21922531127929545,False
Ubá,MG,Sudeste,0.67275995,67.05,87,67.27599,0.2259933471679716,False
Fernandópolis,SP,Sudeste,0.6156002,61.33,29,61.560024,0.23002426147461108,False
Itapejara d'Oeste,PR,Sul,0.7640037,76.17,23,76.40037,0.23036773681640454,False
Lucas do Rio Verde,MT,Centro-Oeste,0.66822124,66.59,128,66.82212,0.23212066650390284,False
Barra de São Francisco,ES,Sudeste,0.7889282,78.66,50,78.89282,0.2328222656250034,False
Cachoeira Paulista,SP,Sudeste,0.55264395,55.01,14,55.264397,0.25439666748047074,False
Nova Olímpia,PR,Sul,0.7958814,79.33,8,79.58814,0.25814239501953296,False
Janiópolis,PR,Sul,0.8026803,80.0,9,80.26803,0.26802825927734375,False
Igaraçu do Tietê,SP,Sudeste,0.7067232,70.4,12,70.67232,0.2723175048828068,False
Pérola,PR,Sul,0.7890261,78.63,15,78.90261,0.2726107788085983,False
Guarani,MG,Sudeste,0.802732,80.0,1,80.2732,0.27320098876953125,False
Catalão,GO,Centro-Oeste,0.6762406,67.35,88,67.62406,0.27406158447266193,False
Grajaú,MA,Nordeste,0.48624304,48.35,91,48.624306,0.27430572509765483,False
Sairé,PE,Nordeste,0.6996671,69.69,14,69.96671,0.2767129516601585,False
Quitandinha,PR,Sul,0.73326796,73.05,19,73.3268,0.27679748535156534,False
Tejupá,SP,Sudeste,0.7469125,74.41,1,74.691246,0.28124603271484716,False
Maturéia,PB,Nordeste,0.5576375,55.48,12,55.763752,0.28375198364258125,False
Tapiraí,MG,Sudeste,0.77284986,77.0,2,77.28499,0.2849884033203125,False
Aurilândia,GO,Centro-Oeste,0.76879185,76.59,5,76.87919,0.28918853759765284,False
Borrazópolis,PR,Sul,0.8028982,80.0,9,80.289825,0.289825439453125,False
São Miguel,RN,Nordeste,0.46420884,46.13,20,46.420883,0.29088317871093494,False
São Sebastião,SP,Sudeste,0.45861182,45.57,51,45.861183,0.29118316650390597,False
José de Freitas,PI,Nordeste,0.55071837,54.78,45,55.07184,0.29183837890624886,False
Glicério,SP,Sudeste,0.7242517,72.12,1,72.42517,0.30517089843749545,False
Itapicuru,BA,Nordeste,0.3556131,35.25,25,35.56131,0.311309814453125,False
Goiânia,GO,Centro-Oeste,0.69051427,68.74,941,69.05143,0.31142974853516137,False
Serrita,PE,Nordeste,0.5838616,58.07,18,58.386158,0.31615798950195284,False
Avaré,SP,Sudeste,0.6154738,61.23,25,61.547382,0.31738235473633125,False
Mutunópolis,GO,Centro-Oeste,0.80317914,80.0,8,80.31792,0.3179168701171875,False
Santa Mariana,PR,Sul,0.74953747,74.63,9,74.95375,0.32375061035156705,False
Pompéia,SP,Sudeste,0.6537159,65.04,12,65.37159,0.331589660644525,False
Berizal,MG,Sudeste,0.7051206,70.18,6,70.51206,0.33206207275389943,False
Rio de Janeiro,RJ,Sudeste,0.6047888,60.14,4352,60.478878,0.3388780212402338,False
Palmas,PR,Sul,0.6004143,59.7,66,60.041428,0.34142761230468466,False
Jaborandi,SP,Sudeste,0.8034428,80.0,5,80.34428,0.34427642822265625,False
Araucária,PR,Sul,0.71538633,71.19,185,71.538635,0.3486352539062523,False
Bela Vista da Caroba,PR,Sul,0.7766172,77.31,4,77.66172,0.351720275878904,False
Buenos Aires,PE,Nordeste,0.6614884,65.79,13,66.14884,0.35884185791015,False
Santa Cruz de Minas,MG,Sudeste,0.6687313,66.51,3,66.87313,0.36313079833983863,False
Ibiúna,SP,Sudeste,0.50785965,50.42,55,50.785965,0.3659649658203108,False
Candói,PR,Sul,0.7476965,74.4,16,74.76965,0.3696533203124943,False
São Jorge do Ivaí,PR,Sul,0.8037693,80.0,3,80.37693,0.37693023681640625,False
Nova Cruz,RN,Nordeste,0.37990728,37.61,19,37.990726,0.3807264709472662,False
Pedro Régis,PB,Nordeste,0.5311165,52.73,3,53.11165,0.3816485595703156,False
Paranaíta,MT,Centro-Oeste,0.6426944,63.88,26,64.26944,0.38943969726562244,False
Marataízes,ES,Sudeste,0.74711823,74.32,54,74.71182,0.3918225097656318,False
Ilha Solteira,SP,Sudeste,0.6911396,68.72,11,69.11396,0.3939602661132824,False
Capão Bonito,SP,Sudeste,0.6569594,65.3,22,65.69594,0.39593811035156534,False
Nova Canaã do Norte,MT,Centro-Oeste,0.60847074,60.45,29,60.847073,0.39707260131835653,False
Itarumã,GO,Centro-Oeste,0.7760754,77.21,8,77.607544,0.39754394531250625,False
Jangada,MT,Centro-Oeste,0.6029159,59.89000000000001,12,60.291588,0.4015878295898361,False
Itariri,SP,Sudeste,0.65053713,64.65,14,65.05371,0.4037109374999943,False
Prado Ferreira,PR,Sul,0.77548003,77.14,6,77.548004,0.40800415039062443,False
Cajati,SP,Sudeste,0.6284113,62.43,26,62.84113,0.4111293029785159,False
Abreu e Lima,PE,Nordeste,0.53161687,52.75,55,53.161686,0.4116859436035156,False
Santo Antônio do Jardim,SP,Sudeste,0.7322176,72.81,6,73.22176,0.4117636108398415,False
Tomazina,PR,Sul,0.8041226,80.0,3,80.41226,0.412261962890625,False
São Miguel do Passa Quatro,GO,Centro-Oeste,0.8041402,80.0,8,80.414024,0.41402435302734375,False
Promissão,SP,Sudeste,0.6982696,69.41,13,69.82696,0.41695770263672216,False
Pindamonhangaba,SP,Sudeste,0.5915921,58.74,79,59.159206,0.4192063903808574,False
Paraíba do Sul,RJ,Sudeste,0.5530952,54.89,35,55.30952,0.4195207214355463,False
Piquete,SP,Sudeste,0.68281114,67.86,4,68.28111,0.42111267089843807,False
Holambra,SP,Sudeste,0.62353444,61.93,9,62.353443,0.4234431457519534,False
Monte Alto,SP,Sudeste,0.6958574,69.16,13,69.58574,0.4257391357421909,False
Aracaju,SE,Nordeste,0.37227106,36.8,378,37.227104,0.4271041870117216,False
Itapiratins,TO,Norte,0.42268914,41.84,7,42.268913,0.42891326904296534,False
Codó,MA,Nordeste,0.52750576,52.32,117,52.750576,0.4305760192871091,False
Boracéia,SP,Sudeste,0.72981036,72.55,2,72.98103,0.43103332519531534,False
Santo Inácio,PR,Sul,0.8043162,80.0,12,80.431625,0.4316253662109375,False
Granito,PE,Nordeste,0.5747243,57.04,13,57.47243,0.432431182861329,False
Belém do São Francisco,PE,Nordeste,0.56689584,56.25,15,56.689583,0.43958282470703125,False
Votorantim,SP,Sudeste,0.5441819,53.97,50,54.41819,0.4481900024414074,False
Pontal,SP,Sudeste,0.6379042,63.34,27,63.790424,0.4504243469238247,False
Serra do Mel,RN,Nordeste,0.40080535,39.61,8,40.080536,0.47053588867187557,False
Santa Cruz de Monte Castelo,PR,Sul,0.8047261,80.0,12,80.47261,0.4726104736328125,False
Mamanguape,PB,Nordeste,0.5213485,51.66,43,52.13485,0.47484954833984716,False
São José dos Campos,SP,Sudeste,0.61657447,61.18,353,61.657448,0.47744781494140653,False
Porangaba,SP,Sudeste,0.71987844,71.51,3,71.98785,0.47784637451171363,False
Seropédica,RJ,Sudeste,0.5242866,51.95,102,52.42866,0.47866134643554403,False
Cláudia,MT,Centro-Oeste,0.62450254,61.97,14,62.450253,0.4802525329589855,False
Jaú,SP,Sudeste,0.6360739,63.12,44,63.607388,0.48738754272461193,False
Porto Vitória,PR,Sul,0.8048741,80.0,7,80.48741,0.4874114990234375,False
Pacatuba,CE,Nordeste,0.7712215,76.63,90,77.122154,0.4921542358398483,False
Valparaíso de Goiás,GO,Centro-Oeste,0.61056215,60.56000000000001,209,61.056213,0.4962133789062406,False
Igaratá,SP,Sudeste,0.6500878,64.51,6,65.00877,0.4987738037109324,False
Santa Teresa,ES,Sudeste,0.8050056,80.0,30,80.500565,0.5005645751953125,False
Campina Grande do Sul,PR,Sul,0.7244304,71.94,64,72.44304,0.5030389404296898,False
Tanque d'Arca,AL,Nordeste,0.48598492,48.08,9,48.59849,0.5184916687011736,False
Paulo Bento,RS,Sul,0.6590342,65.38,3,65.90342,0.5234194946289108,False
Pitangueiras,SP,Sudeste,0.66235197,65.71,20,66.2352,0.5251989746093813,False
Cruzeiro do Oeste,PR,Sul,0.75496817,74.97,23,75.49682,0.5268185424804699,False
Umuarama,PR,Sul,0.67270166,66.74,107,67.270164,0.5301644897460989,False
Farol,PR,Sul,0.7710052,76.57,4,77.100525,0.5305249023437568,False
Esperantina,PI,Nordeste,0.6134336,60.81,58,61.34336,0.533360900878904,False
Barbosa,SP,Sudeste,0.6784147,67.3,2,67.84147,0.5414688110351591,False
Guapirama,PR,Sul,0.8054231,80.0,12,80.542305,0.5423049926757812,False
Linhares,ES,Sudeste,0.6730877,66.76,238,67.30877,0.5487692260742136,False
Floresta,PR,Sul,0.7748173,76.93,15,77.48173,0.5517276000976494,False
Itupeva,SP,Sudeste,0.5110314,50.55,36,51.103138,0.553137969970706,False
São Carlos do Ivaí,PR,Sul,0.7909463,78.54,7,79.09463,0.5546273803710875,False
Borda da Mata,MG,Sudeste,0.68470615,67.91,16,68.47061,0.5606115722656284,False
Tapira,PR,Sul,0.80563045,80.0,8,80.56304,0.5630416870117188,False
Caraúbas,PB,Nordeste,0.54144245,53.58,4,54.144245,0.5642451477050798,False
Medeiros,MG,Sudeste,0.8057099,80.0,4,80.57099,0.5709915161132812,False
Ouricuri,PE,Nordeste,0.43391067,42.82,65,43.391068,0.5710675048828122,False
Santa Rita do Araguaia,GO,Centro-Oeste,0.7950131,78.93,15,79.50131,0.5713122558593682,False
Poá,SP,Sudeste,0.5926233,58.69,40,59.26233,0.5723291015625023,False
Ribeirão do Sul,SP,Sudeste,0.75624007,75.04,3,75.62401,0.5840081787109312,False
Guajeru,BA,Nordeste,0.3691525,36.33,8,36.91525,0.5852488708496111,False
São Luís do Quitunde,AL,Nordeste,0.4648836,45.9,39,46.48836,0.5883613586425795,False
Pranchita,PR,Sul,0.8059006,80.0,9,80.59006,0.590057373046875,False
São Luís do Paraitinga,SP,Sudeste,0.7503536,74.44,3,75.035355,0.5953546142578148,False
Uberlândia,MG,Sudeste,0.56311965,55.71,643,56.311966,0.6019659423828116,False
Andirá,PR,Sul,0.6807811,67.47,18,68.07811,0.6081097412109386,False
Sebastianópolis do Sul,SP,Sudeste,0.806091,80.0,2,80.6091,0.609100341796875,False
Altamira do Paraná,PR,Sul,0.7982247,79.21,9,79.82247,0.61247161865235,False
Rolim de Moura,RO,Norte,0.7121652,70.6,62,71.216515,0.6165145874023494,False
Agudo,RS,Sul,0.6070263,60.08,15,60.70263,0.6226290893554705,False
Gongogi,BA,Nordeste,0.3555137,34.92,6,35.55137,0.6313687133789045,False
Santo Antônio de Goiás,GO,Centro-Oeste,0.80634665,80.0,9,80.63467,0.6346664428710938,False
Tiradentes,MG,Sudeste,0.65824413,65.18,7,65.82442,0.6444171142578057,False
Louveira,SP,Sudeste,0.59484905,58.84,32,59.484905,0.6449052429199185,False
Caieiras,SP,Sudeste,0.50335884,49.69,53,50.335884,0.6458840942382835,False
Cachoeira,BA,Nordeste,0.32717288,32.07,27,32.71729,0.6472889709472653,False
Cachoeiras de Macacu,RJ,Sudeste,0.5607827,55.43,48,56.078266,0.6482661437988284,False
Mariópolis,PR,Sul,0.7759355,76.94,6,77.593544,0.6535440063476585,False
São José do Rio Preto,SP,Sudeste,0.57340187,56.68,188,57.340187,0.6601870727539065,False
Iraquara,BA,Nordeste,0.45920426,45.26,25,45.920425,0.6604254150390645,False
Campo Belo,MG,Sudeste,0.71836084,71.17,38,71.83608,0.666082458496092,False
Pacajá,PA,Norte,0.44542494,43.87,51,44.542496,0.6724957275390651,False
Agudos,SP,Sudeste,0.6168933,61.010000000000005,21,61.68933,0.6793310546874949,False
Presidente Prudente,SP,Sudeste,0.59050053,58.370000000000005,90,59.050053,0.6800526428222611,False
Garrafão do Norte,PA,Norte,0.45135087,44.45,30,45.135086,0.6850860595703097,False
São Francisco do Maranhão,MA,Nordeste,0.56727785,56.04,18,56.727783,0.6877832031250009,False
Itirapina,SP,Sudeste,0.632582,62.57000000000001,10,63.2582,0.6882015991210864,False
Congonhal,MG,Sudeste,0.75165963,74.47,15,75.16596,0.6959622192382824,False
Satuba,AL,Nordeste,0.49548855,48.85,30,49.548855,0.698854827880858,False
Assunção,PB,Nordeste,0.5425734,53.55,8,54.25734,0.7073394775390653,False
Ibema,PR,Sul,0.7466228,73.95,8,74.66228,0.7122772216796847,False
Uruaçu,GO,Centro-Oeste,0.717417,71.02,36,71.7417,0.721699218750004,False
São Pedro do Iguaçu,PR,Sul,0.7626744,75.54,7,76.26744,0.7274407958984312,False
Icém,SP,Sudeste,0.75109005,74.38,2,75.10901,0.7290087890625045,False
Macaubal,SP,Sudeste,0.8073591,80.0,1,80.73591,0.7359085083007812,False
Rancharia,SP,Sudeste,0.6407913,63.34000000000001,23,64.07913,0.7391320800781145,False
Formosa do Oeste,PR,Sul,0.80740184,80.0,6,80.74018,0.7401809692382812,False
Antônio Almeida,PI,Nordeste,0.8074749,80.0,3,80.74749,0.7474899291992188,False
Belém,PA,Norte,0.54167587,53.42,953,54.167587,0.7475872802734358,False
Porto de Pedras,AL,Nordeste,0.37959215,37.21,11,37.959213,0.7492132568359366,False
Lapa,PR,Sul,0.8075017,80.0,53,80.75017,0.7501678466796875,False
Bonito,PA,Norte,0.44346675,43.59,7,44.346676,0.756675872802731,False
Guairaçá,PR,Sul,0.74479264,73.72,7,74.47926,0.7592633056640636,False
Santa Mercedes,SP,Sudeste,0.80762833,80.0,3,80.76283,0.7628326416015625,False
Lagoa Santa,GO,Centro-Oeste,0.8076382,80.0,2,80.763824,0.763824462890625,False
Rosana,SP,Sudeste,0.6368724,62.919999999999995,6,63.68724,0.7672406005859429,False
Irapuã,SP,Sudeste,0.7201762,71.24,3,72.017624,0.7776239013671926,False
Sertanópolis,PR,Sul,0.6968974,68.91,13,69.689735,0.7797354125976597,False
Carmópolis,SE,Nordeste,0.3285265,32.07,15,32.85265,0.7826496887207028,False
Correia Pinto,SC,Sul,0.6378459,63.0,15,63.784588,0.7845878601074219,False
Muniz Freire,ES,Sudeste,0.8078963,80.0,18,80.789635,0.7896347045898438,False
Floraí,PR,Sul,0.78525555,77.73,5,78.52556,0.7955584716796835,False
Serrinha,BA,Nordeste,0.33222038,32.42,42,33.22204,0.802038269042967,False
Pinhais,PR,Sul,0.66382587,65.58,139,66.38258,0.8025836181640642,False
Mirassol,SP,Sudeste,0.70406127,69.6,26,70.40613,0.8061279296875057,False
Taubaté,SP,Sudeste,0.50906616,50.1,98,50.906616,0.8066162109374986,False
Descoberto,MG,Sudeste,0.66368115,65.54,4,66.36812,0.8281182861328062,False
Chapadão do Céu,GO,Centro-Oeste,0.8082825,80.0,20,80.82825,0.8282470703125,False
Mirante do Paranapanema,SP,Sudeste,0.8083033,80.0,3,80.83033,0.8303298950195312,False
Ribeirão Grande,SP,Sudeste,0.6720774,66.37,4,67.20774,0.8377407836914017,False
Pato Bragado,PR,Sul,0.80844367,80.0,5,80.84437,0.8443679809570312,False
Jandira,SP,Sudeste,0.51394904,50.540000000000006,45,51.394905,0.854905090332025,False
Itápolis,SP,Sudeste,0.69690573,68.83,17,69.690575,0.8605746459960955,False
Santa Helena,SC,Sul,0.7944131,78.58,3,79.44131,0.8613070678710955,False
Salinópolis,PA,Norte,0.5000245,49.14,53,50.00245,0.8624490356445307,False
Marilac,MG,Sudeste,0.6673761,65.87,7,66.73761,0.8676098632812455,False
São Sebastião do Rio Verde,MG,Sudeste,0.7115267,70.28,3,71.15267,0.8726718139648426,False
Nova Prata do Iguaçu,PR,Sul,0.80873317,80.0,20,80.873314,0.8733139038085938,False
Domingos Martins,ES,Sudeste,0.80876523,80.0,30,80.876526,0.87652587890625,False
Macuco,RJ,Sudeste,0.6718784,66.31,11,67.18784,0.877843322753904,False
Verê,PR,Sul,0.8088039,80.0,8,80.880394,0.8803939819335938,False
Palotina,PR,Sul,0.7167365,70.79,39,71.67365,0.883652648925775,False
Camocim de São Félix,PE,Nordeste,0.6062821,59.739999999999995,17,60.628212,0.8882119750976614,False
Estância,SE,Nordeste,0.417322,40.81,70,41.7322,0.9222006225585915,False
Conceição do Araguaia,PA,Norte,0.4600387,45.07999999999999,51,46.00387,0.9238681030273526,False
Aperibé,RJ,Sudeste,0.6368846,62.76,8,63.68846,0.9284613037109395,False
Lucélia,SP,Sudeste,0.6799645,67.06,10,67.996445,0.9364447021484352,False
Touros,RN,Nordeste,0.3284868,31.91,31,32.84868,0.9386785888671874,False
Tobias Barreto,SE,Nordeste,0.48889226,47.95,44,48.889225,0.9392250061035128,False
Doverlândia,GO,Centro-Oeste,0.79411083,78.47,8,79.41109,0.9410870361328136,False
Santa Cecília do Pavão,PR,Sul,0.8094167,80.0,3,80.94167,0.9416732788085938,False
Ourizona,PR,Sul,0.8094184,80.0,4,80.94184,0.9418411254882812,False
Castro,PR,Sul,0.76085496,75.14,81,76.085495,0.9454949951171869,False
Morro Agudo,SP,Sudeste,0.60259813,59.31,12,60.25981,0.9498114013671852,False
Tapurah,MT,Centro-Oeste,0.608704,59.919999999999995,20,60.870396,0.950395660400396,False
Porto da Folha,SE,Nordeste,0.3169046,30.74,28,31.69046,0.9504602050781266,False
Sobradinho,BA,Nordeste,0.3460155,33.65,31,34.60155,0.9515510559082045,False
Engenheiro Coelho,SP,Sudeste,0.58709145,57.75,8,58.709145,0.9591445922851562,False
Figueira,PR,Sul,0.8096421,80.0,11,80.96421,0.9642105102539062,False
Itambé,BA,Nordeste,0.3035487,29.39,29,30.35487,0.9648698425292963,False
Sanclerlândia,GO,Centro-Oeste,0.79335856,78.37,9,79.33585,0.9658535766601517,False
Fernandes Pinheiro,PR,Sul,0.8097002,80.0,6,80.97002,0.9700164794921875,False
Coronel José Dias,PI,Nordeste,0.6523821,64.26,7,65.238205,0.9782049560546824,False
Major Isidoro,AL,Nordeste,0.4730897,46.33,22,47.308968,0.978967590332033,False
Salto Grande,SP,Sudeste,0.6447172,63.49,3,64.471725,0.9817254638671855,False
Atalaia do Norte,AM,Norte,0.5946846,58.47999999999999,20,59.46846,0.9884600830078227,False
Itapira,SP,Sudeste,0.6469858,63.709999999999994,36,64.698586,0.9885855102539125,False
Olímpia,SP,Sudeste,0.65250725,64.26,22,65.250725,0.9907247924804636,False
Santa Carmem,MT,Centro-Oeste,0.73833597,72.84,11,73.833595,0.9935952758789028,False
Arapoema,TO,Norte,0.4485419,43.86,3,44.85419,0.9941908264160162,False
Porecatu,PR,Sul,0.7620475,75.21,10,76.20475,0.9947500610351625,False
Ananás,TO,Norte,0.47221497,46.22,8,47.221497,1.0014965820312511,False
Jacundá,PA,Norte,0.47692457,46.690000000000005,45,47.692455,1.002455291748042,False
Neves Paulista,SP,Sudeste,0.81007147,80.0,4,81.00715,1.0071487426757812,False
Iracemápolis,SP,Sudeste,0.6396935,62.96,12,63.96935,1.0093489074707023,False
Presidente Castelo Branco,PR,Sul,0.77833086,76.81,6,77.833084,1.0230841064453102,False
Alegrete do Piauí,PI,Nordeste,0.59243363,58.22,12,59.243362,1.0233624267578136,False
Ituiutaba,MG,Sudeste,0.6681727,65.79,81,66.81727,1.027268371582025,False
Sousa,PB,Nordeste,0.50928164,49.9,61,50.92816,1.0281616210937514,False
Conchas,SP,Sudeste,0.5370163,52.67,8,53.701626,1.0316258239746077,False
Presidente Figueiredo,AM,Norte,0.42032042,41.0,62,42.032043,1.03204345703125,False
Ibicoara,BA,Nordeste,0.36073405,35.04,27,36.073406,1.0334062194824227,False
Paula Freitas,PR,Sul,0.789453,77.91,6,78.945305,1.0353048706054722,False
Nova Erechim,SC,Sul,0.71925795,70.89,10,71.9258,1.035796508789062,False
Flor da Serra do Sul,PR,Sul,0.8103853,80.0,3,81.03853,1.0385284423828125,False
Magalhães de Almeida,MA,Nordeste,0.5732013,56.28,19,57.32013,1.0401293945312489,False
Carneiros,AL,Nordeste,0.5041228,49.37,23,50.41228,1.0422810363769557,False
Pedregulho,SP,Sudeste,0.650734,64.02,10,65.0734,1.0534024047851602,False
Palmitos,SC,Sul,0.6288016,61.82,11,62.880157,1.0601574707031247,False
Pardinho,SP,Sudeste,0.62493443,61.43,8,62.493443,1.063442535400391,False
Rio Maria,PA,Norte,0.48915803,47.85,25,48.915802,1.0658020019531236,False
Alta Floresta,MT,Centro-Oeste,0.58984333,57.91,58,58.984333,1.0743330383300815,False
Tupã,SP,Sudeste,0.5615712,55.08,31,56.15712,1.0771197509765642,False
Maruim,SE,Nordeste,0.296208,28.540000000000003,14,29.6208,1.0808000183105442,False
Lucianópolis,SP,Sudeste,0.76733977,75.65,2,76.73398,1.0839782714843693,False
Barão de Antonina,SP,Sudeste,0.6899586,67.91,2,68.99586,1.0858572387695347,False
Icó,CE,Nordeste,0.8108775,80.0,53,81.08775,1.0877532958984375,False
Goianira,GO,Centro-Oeste,0.7194888,70.86,102,71.94888,1.0888830566406256,False
Campo Novo de Rondônia,RO,Norte,0.6384285,62.75,17,63.84285,1.0928497314453125,False
Britânia,GO,Centro-Oeste,0.8110408,80.0,8,81.10408,1.1040802001953125,False
Pescaria Brava,SC,Sul,0.4770471,46.6,18,47.70471,1.104708099365233,False
Monte Alegre de Sergipe,SE,Nordeste,0.33105746,31.990000000000002,15,33.105747,1.1157472229003886,False
Espírito Santo do Pinhal,SP,Sudeste,0.68915945,67.8,18,68.91595,1.1159469604492216,False
Viana,ES,Sudeste,0.72827303,71.71,118,72.8273,1.1173010253906313,False
Sapopema,PR,Sul,0.75478816,74.36,10,75.47881,1.1188131713867193,False
Alto Paraíso,RO,Norte,0.6569921,64.58,10,65.69921,1.1192111206054705,False
Ferreiros,PE,Nordeste,0.629002,61.78,13,62.900196,1.120196075439452,False
São Sebastião da Grama,SP,Sudeste,0.6838439,67.26,10,68.38439,1.1243917846679636,False
Quarto Centenário,PR,Sul,0.81031036,79.9,4,81.03104,1.1310363769531193,False
Itatinga,SP,Sudeste,0.6585728,64.72,14,65.85728,1.1372769165039074,False
Novo Brasil,GO,Centro-Oeste,0.81137466,80.0,5,81.13747,1.1374664306640625,False
Mairiporã,SP,Sudeste,0.60291046,59.150000000000006,41,60.291046,1.1410461425781193,False
Cardoso,SP,Sudeste,0.7185244,70.71,6,71.85244,1.1424398803711,False
Augusto Corrêa,PA,Norte,0.46152714,44.99,48,46.152714,1.1627137756347636,False
Novo São Joaquim,MT,Centro-Oeste,0.63493264,62.33,13,63.493263,1.163263244628908,False
Trombas,GO,Centro-Oeste,0.8116524,80.0,4,81.165245,1.1652450561523438,False
Bernardo Sayão,TO,Norte,0.5846616,57.3,5,58.46616,1.1661598205566435,False
Jatobá do Piauí,PI,Nordeste,0.7595993,74.79,1,75.95993,1.1699304199218687,False
Taciba,SP,Sudeste,0.81110823,79.94,5,81.110825,1.1708245849609398,False
Taguaí,SP,Sudeste,0.6331225,62.14,10,63.312252,1.1722520446777338,False
Bernardino de Campos,SP,Sudeste,0.71383804,70.21,7,71.383804,1.1738043212890688,False
Mirassol d'Oeste,MT,Centro-Oeste,0.5754164,56.35999999999999,30,57.541637,1.1816374206543045,False
Vitória do Mearim,MA,Nordeste,0.55253655,54.07,16,55.253654,1.1836544799804685,False
São José da Vitória,BA,Nordeste,0.3950448,38.32,9,39.50448,1.1844784545898435,False
Campo Grande,MS,Centro-Oeste,0.48874837,47.69,979,48.874836,1.1848359680175804,False
Taiaçu,SP,Sudeste,0.7044809,69.26,4,70.44809,1.1880895996093699,False
Santo Antônio do Caiuá,PR,Sul,0.81189567,80.0,6,81.18957,1.1895675659179688,False
Pai Pedro,MG,Sudeste,0.6659651,65.4,8,66.59651,1.1965118408203068,False
Paiva,MG,Sudeste,0.8120536,80.0,1,81.20536,1.2053604125976562,False
Nossa Senhora da Glória,SE,Nordeste,0.3787198,36.66,33,37.87198,1.2119787597656284,False
Mantenópolis,ES,Sudeste,0.8121385,80.0,16,81.21385,1.2138519287109375,False
Marilena,PR,Sul,0.8122358,80.0,15,81.22358,1.2235794067382812,False
Boquim,SE,Nordeste,0.3119233,29.959999999999997,19,31.19233,1.232329406738284,False
Malhada,BA,Nordeste,0.3368291,32.45,23,33.68291,1.2329109191894503,False
Sales Oliveira,SP,Sudeste,0.6326559,62.03,4,63.26559,1.2355906677246082,False
São João da Boa Vista,SP,Sudeste,0.6002848,58.79,32,60.02848,1.238480529785157,False
Piracicaba,SP,Sudeste,0.601697,58.93,181,60.169704,1.2397044372558597,False
Santa Luzia do Itanhy,SE,Nordeste,0.34369537,33.12,13,34.369537,1.2495373535156276,False
Itaúna,MG,Sudeste,0.7268507,71.43,59,72.68507,1.2550662231445244,False
Piacatu,SP,Sudeste,0.81258166,80.0,7,81.25816,1.2581634521484375,False
Jitaúna,BA,Nordeste,0.32629308,31.37,9,32.629307,1.2593067932128896,False
Guapiaçu,SP,Sudeste,0.6150033,60.24,11,61.500328,1.2603280639648418,False
Ribamar Fiquene,MA,Nordeste,0.5977235,58.51,5,59.772346,1.2623464965820332,False
Juara,MT,Centro-Oeste,0.5902547,57.76,32,59.02547,1.2654707336425801,False
São Sebastião da Amoreira,PR,Sul,0.8126663,80.0,8,81.26663,1.266632080078125,False
São Pedro da União,MG,Sudeste,0.78689045,77.42,5,78.68904,1.2690411376953108,False
Américo Brasiliense,SP,Sudeste,0.6990047,68.63,23,69.900475,1.2704745483398483,False
Guarantã,SP,Sudeste,0.7031234,69.04,4,70.31234,1.2723397827148375,False
Olho d'Água das Flores,AL,Nordeste,0.47653437,46.38,22,47.653435,1.2734347534179662,False
Damolândia,GO,Centro-Oeste,0.81280124,80.0,5,81.28012,1.280120849609375,False
Anajás,PA,Norte,0.35303453,34.01,33,35.30345,1.2934515380859395,False
Descalvado,SP,Sudeste,0.64078766,62.779999999999994,10,64.078766,1.298765869140631,False
Bonito de Minas,MG,Sudeste,0.6817694,66.87,8,68.17694,1.3069409179687455,False
Mucurici,ES,Sudeste,0.8131878,80.0,11,81.31878,1.3187789916992188,False
São Sebastião do Paraíso,MG,Sudeste,0.69169974,67.85,63,69.169975,1.3199752807617244,False
Califórnia,PR,Sul,0.81320935,80.0,8,81.32094,1.3209381103515625,False
Areias,SP,Sudeste,0.64227575,62.9,2,64.22758,1.3275772094726577,False
Santópolis do Aguapeí,SP,Sudeste,0.7615012,74.82,5,76.150116,1.3301159667968818,False
Patos,PB,Nordeste,0.5077033,49.43999999999999,68,50.770332,1.3303323364257906,False
Maravilhas,MG,Sudeste,0.72970927,71.64,5,72.970924,1.3309243774414057,False
Iporã,PR,Sul,0.6808199,66.75,12,68.08199,1.3319931030273438,False
Paiçandu,PR,Sul,0.7166413,70.33,67,71.66413,1.334131164550783,False
Camanducaia,MG,Sudeste,0.6019973,58.85,25,60.19973,1.3497299194335923,False
São João do Caiuá,PR,Sul,0.81354165,80.0,8,81.354164,1.3541641235351562,False
Faxinal,PR,Sul,0.81356525,80.0,10,81.35652,1.3565216064453125,False
Bariri,SP,Sudeste,0.68657726,67.3,12,68.65772,1.357722473144534,False
Palmares,PE,Nordeste,0.5028148,48.92,34,50.281483,1.3614826965332014,False
Luzinópolis,TO,Norte,0.33583835,32.22,4,33.583836,1.3638356018066418,False
Itabira,MG,Sudeste,0.6232594,60.96,97,62.325943,1.3659429931640616,False
Vargem Grande Paulista,SP,Sudeste,0.6138818,60.02,30,61.388184,1.3681835937499969,False
Lacerdópolis,SC,Sul,0.7298347,71.59,1,72.98347,1.3934671020507778,False
Capitão Leônidas Marques,PR,Sul,0.75454456,74.06,14,75.45445,1.3944525146484352,False
Tarumã,SP,Sudeste,0.81402755,80.0,8,81.402756,1.4027557373046875,False
Terra Rica,PR,Sul,0.72186834,70.78,25,72.18684,1.4068362426757801,False
Rodelas,BA,Nordeste,0.3189109,30.48,7,31.89109,1.4110903930664058,False
Ivaté,PR,Sul,0.81418663,80.0,9,81.41866,1.4186630249023438,False
Porto Barreiro,PR,Sul,0.8142515,80.0,3,81.42515,1.4251480102539062,False
Itaguaí,RJ,Sudeste,0.49507734,48.08,149,49.507732,1.4277323913574236,False
Presidente Bernardes,SP,Sudeste,0.6823939,66.81,2,68.23939,1.429387512207029,False
Presidente Kubitschek,MG,Sudeste,0.7784073,76.39,4,77.84073,1.4507287597656244,False
Garuva,SC,Sul,0.6035195,58.9,30,60.35195,1.4519515991210952,False
Taquaraçu de Minas,MG,Sudeste,0.69795847,68.34,6,69.795845,1.4558450317382778,False
Carmo do Rio Verde,GO,Centro-Oeste,0.80476373,79.02,7,80.47637,1.4563717651367227,False
Brejo Alegre,SP,Sudeste,0.8145711,80.0,3,81.45711,1.4571075439453125,False
Diamante do Norte,PR,Sul,0.75537974,74.08,6,75.53797,1.457971496582033,False
Brasnorte,MT,Centro-Oeste,0.5801833,56.56000000000001,24,58.018333,1.4583334350585844,False
Ibimirim,PE,Nordeste,0.5703932,55.58,29,57.03932,1.4593218994140642,False
Cesário Lange,SP,Sudeste,0.61198413,59.73,14,61.198414,1.4684138488769563,False
São Simão,GO,Centro-Oeste,0.75370294,73.9,30,75.37029,1.470292663574213,False
Pinhalão,PR,Sul,0.7636219,74.89,8,76.36219,1.4721902465820307,False
Alvinlândia,SP,Sudeste,0.76654,75.18,5,76.654,1.4739993286132744,False
Dores do Turvo,MG,Sudeste,0.78664905,77.19,3,78.6649,1.4749017333984398,False
Seringueiras,RO,Norte,0.67285097,65.81,18,67.285095,1.4750952148437477,False
Francisco Macedo,PI,Nordeste,0.6427639,62.8,3,64.27639,1.4763900756835966,False
Paraíso do Norte,PR,Sul,0.77146614,75.67,16,77.146614,1.4766140747070295,False
Santa Rosa de Goiás,GO,Centro-Oeste,0.8147676,80.0,4,81.47676,1.4767608642578125,False
Bocaiúva,MG,Sudeste,0.72095364,70.61,53,72.09537,1.4853674316406256,False
Carutapera,MA,Nordeste,0.6111614,59.63000000000001,40,61.116142,1.486142272949209,False
Santa Rosa do Sul,SC,Sul,0.61042655,59.55,9,61.042656,1.4926559448242216,False
Vitória,ES,Sudeste,0.69677645,68.18,250,69.67764,1.4976428222656182,False
Cruzmaltina,PR,Sul,0.8150148,80.0,8,81.50148,1.5014801025390625,False
Joselândia,MA,Nordeste,0.60275984,58.77,12,60.275986,1.5059857177734344,False
Santana do Jacaré,MG,Sudeste,0.78333056,76.82,5,78.33305,1.5130535888671943,False
Monte Mor,SP,Sudeste,0.56099683,54.58,45,56.09968,1.5196818542480486,False
Cafeara,PR,Sul,0.8152502,80.0,7,81.525024,1.5250244140625,False
Santaluz,BA,Nordeste,0.33825487,32.3,27,33.825485,1.5254852294921903,False
Ibirubá,RS,Sul,0.64811397,63.28,18,64.81139,1.5313937377929676,False
Socorro do Piauí,PI,Nordeste,0.7184133,70.3,1,71.84133,1.5413314819335966,False
São João Nepomuceno,MG,Sudeste,0.7193708,70.39,22,71.93708,1.5470803833007807,False
Bady Bassitt,SP,Sudeste,0.61228657,59.68,25,61.228657,1.5486567687988284,False
Entre Rios do Oeste,PR,Sul,0.81551,80.0,6,81.550995,1.550994873046875,False
Tuneiras do Oeste,PR,Sul,0.743644,72.81,8,74.3644,1.5544027709960915,False
Caxias,MA,Nordeste,0.5112503,49.57,158,51.12503,1.5550305175781247,False
Santa Brígida,BA,Nordeste,0.34426123,32.87,16,34.426125,1.5561245727539088,False
Bias Fortes,MG,Sudeste,0.72112083,70.55,2,72.11208,1.5620834350585966,False
Anicuns,GO,Centro-Oeste,0.8156416,80.0,14,81.564156,1.5641555786132812,False
Itacuruba,PE,Nordeste,0.6885168,67.28,4,68.85168,1.5716769409179676,False
São Martinho,SC,Sul,0.7150931,69.93,8,71.50931,1.5793078613281182,False
Lençóis Paulista,SP,Sudeste,0.6598677,64.4,33,65.98677,1.5867706298828068,False
Amaporã,PR,Sul,0.7474893,73.16,5,74.748924,1.5889242553710972,False
Itapeva,SP,Sudeste,0.5935935,57.76,52,59.35935,1.5993482971191426,False
Porto Amazonas,PR,Sul,0.73010397,71.41,6,73.0104,1.6003988647460972,False
Taiobeiras,MG,Sudeste,0.7259122,70.99,42,72.591225,1.6012246704101614,False
Inácio Martins,PR,Sul,0.76051694,74.45,16,76.0517,1.6016967773437472,False
Novo Gama,GO,Centro-Oeste,0.58475685,56.87,96,58.475685,1.6056851196289088,False
Novo Planalto,GO,Centro-Oeste,0.8161149,80.0,5,81.61149,1.6114883422851562,False
Dois Córregos,SP,Sudeste,0.6611532,64.5,11,66.11532,1.6153182983398438,False
Mutum,MG,Sudeste,0.6614569,64.53,22,66.14569,1.6156909179687489,False
Nova Resende,MG,Sudeste,0.7262569,71.01,18,72.625694,1.6156942749023386,False
Calmon,SC,Sul,0.67381996,65.76,9,67.381996,1.6219961547851511,False
Itaipé,MG,Sudeste,0.6285318,61.22,10,62.85318,1.6331799316406261,False
Mangaratiba,RJ,Sudeste,0.54474115,52.84,42,54.474113,1.6341134643554653,False
Nova Aliança,SP,Sudeste,0.6299417,61.36,2,62.99417,1.6341711425781256,False
Japira,PR,Sul,0.77980316,76.34,9,77.980316,1.6403161621093716,False
Imbuia,SC,Sul,0.6892789,67.27,10,68.92789,1.657886962890629,False
Itupiranga,PA,Norte,0.50281733,48.62,33,50.281734,1.661734466552737,False
Sales,SP,Sudeste,0.71575403,69.91,5,71.5754,1.6654013061523472,False
Tatuí,SP,Sudeste,0.57535887,55.87,62,57.53589,1.6658886718750026,False
Brasilândia,MS,Centro-Oeste,0.58057433,56.39,18,58.057434,1.6674340820312494,False
Almirante Tamandaré,PR,Sul,0.5866853,57.0,115,58.66853,1.6685295104980469,False
Belmonte,BA,Nordeste,0.44161257,42.49,14,44.16126,1.6712586975097636,False
Restinga,SP,Sudeste,0.7349753,71.82,3,73.49753,1.6775280761718818,False
Matão,SP,Sudeste,0.68632394,66.95,43,68.63239,1.6823928833007784,False
Santa Bárbara d'Oeste,SP,Sudeste,0.6053151,58.84,75,60.53151,1.691509399414059,False
Itapevi,SP,Sudeste,0.56862766,55.160000000000004,186,56.862766,1.702766265869137,False
Vila Valério,ES,Sudeste,0.8171214,80.0,27,81.712135,1.7121353149414062,False
Guarujá,SP,Sudeste,0.5514363,53.43000000000001,147,55.14363,1.7136309814453057,False
Bonfim,MG,Sudeste,0.7270613,70.99,4,72.70613,1.7161309814453176,False
Dom Cavati,MG,Sudeste,0.7726735,75.54,4,77.26735,1.7273492431640562,False
Várzea Grande,MT,Centro-Oeste,0.5490769,53.18,359,54.907692,1.7276919555664065,False
Presidente Venceslau,SP,Sudeste,0.6508898,63.36,15,65.08898,1.7289816284179693,False
Minaçu,GO,Centro-Oeste,0.78052086,76.32,32,78.052086,1.7320858764648506,False
Cachoeira de Pajeú,MG,Sudeste,0.6530264,63.57,6,65.30264,1.7326428222656247,False
Uru,SP,Sudeste,0.81738657,80.0,1,81.738655,1.7386550903320312,False
São Gabriel do Oeste,MS,Centro-Oeste,0.5864732,56.900000000000006,42,58.647324,1.7473236083984318,False
Prata,PB,Nordeste,0.5451814,52.77,4,54.51814,1.7481388854980437,False
Baixa Grande do Ribeiro,PI,Nordeste,0.55500185,53.75,30,55.500187,1.7501869201660156,False
São Manuel,SP,Sudeste,0.648161,63.06,12,64.8161,1.7561010742187477,False
Boqueirão,PB,Nordeste,0.46236807,44.48,20,46.23681,1.7568087768554719,False
Elesbão Veloso,PI,Nordeste,0.5677113,55.01,11,56.77113,1.7611296081542989,False
Boa Ventura de São Roque,PR,Sul,0.77342516,75.58,6,77.342514,1.7625140380859392,False
Pinheiral,RJ,Sudeste,0.5784552,56.08,30,57.84552,1.7655200195312517,False
Nina Rodrigues,MA,Nordeste,0.5930919,57.54,13,59.30919,1.7691888427734384,False
Caxambu do Sul,SC,Sul,0.72983485,71.21,5,72.98348,1.77348236083985,False
Água Nova,RN,Nordeste,0.41977537,40.19,6,41.977535,1.7875352478027366,False
Jarinu,SP,Sudeste,0.5569443,53.9,32,55.69443,1.794431304931642,False
Divinópolis,MG,Sudeste,0.6902661,67.23,183,69.0266,1.7966036987304648,False
Gouveia,MG,Sudeste,0.76930684,75.13,9,76.93069,1.8006869506835983,False
Nova Laranjeiras,PR,Sul,0.79658264,77.85,3,79.658264,1.8082641601562557,False
Rio Pardo de Minas,MG,Sudeste,0.76209325,74.39,34,76.20933,1.8193276977539057,False
Três Fronteiras,SP,Sudeste,0.8182219,80.0,4,81.82219,1.8221893310546875,False
Reginópolis,SP,Sudeste,0.8182219,80.0,4,81.82219,1.8221893310546875,False
Campo Limpo Paulista,SP,Sudeste,0.56633466,54.81000000000001,44,56.633465,1.8234648132324125,False
Guadalupe,PI,Nordeste,0.55824435,54.0,9,55.824436,1.8244361877441406,False
Itapecerica da Serra,SP,Sudeste,0.59589833,57.76,85,59.589832,1.8298323059082051,False
Pereira Barreto,SP,Sudeste,0.702199,68.39,8,70.219894,1.829894409179687,False
Rio Casca,MG,Sudeste,0.6483932,63.0,12,64.839325,1.839324951171875,False
Arenápolis,MT,Centro-Oeste,0.67079824,65.24,8,67.07983,1.8398263549804739,False
São Pedro do Piauí,PI,Nordeste,0.5614002,54.3,25,56.14002,1.8400184631347685,False
Mendonça,SP,Sudeste,0.73391736,71.55,1,73.39174,1.8417388916015653,False
Aguaí,SP,Sudeste,0.5422711,52.38,14,54.227108,1.8471080017089818,False
Conceição do Castelo,ES,Sudeste,0.7968888,77.84,17,79.68888,1.8488809204101528,False
Salgado Filho,PR,Sul,0.8185099,80.0,6,81.85099,1.8509902954101562,False
Xavantina,SC,Sul,0.7475778,72.9,2,74.75778,1.8577819824218693,False
Fartura,SP,Sudeste,0.67420757,65.56,8,67.42075,1.860753479003904,False
Sandovalina,SP,Sudeste,0.81097245,79.23,3,81.097244,1.8672442626953085,False
Jaguaré,ES,Sudeste,0.7528154,73.41,59,75.28154,1.871539916992191,False
Assis,SP,Sudeste,0.51107866,49.23,42,51.107864,1.8778643798828156,False
Iaçu,BA,Nordeste,0.32020307,30.130000000000003,29,32.020306,1.8903056335449193,False
Valinhos,SP,Sudeste,0.57445097,55.55,47,57.4451,1.8950988769531278,False
Curuá,PA,Norte,0.4596869,44.07,21,45.96869,1.8986889648437497,False
Mirante da Serra,RO,Norte,0.64563876,62.66,21,64.56387,1.9038732910156284,False
Concórdia do Pará,PA,Norte,0.48733273,46.82,25,48.733273,1.913272552490234,False
Edealina,GO,Centro-Oeste,0.79069704,77.15,6,79.0697,1.9197021484374943,False
Panorama,SP,Sudeste,0.8192157,80.0,14,81.92157,1.92156982421875,False
Espírito Santo do Turvo,SP,Sudeste,0.6404239,62.12,1,64.04239,1.9223889160156276,False
Taperoá,BA,Nordeste,0.47153807,45.23,15,47.15381,1.9238085937500031,False
Arroio dos Ratos,RS,Sul,0.48636234,46.7,18,48.636234,1.9362342834472628,False
Sumaré,SP,Sudeste,0.5932778,57.39,122,59.32778,1.9377816772460932,False
Araras,SP,Sudeste,0.6366814,61.73,46,63.668137,1.9381365966796906,False
Barra Bonita,SP,Sudeste,0.6326819,61.330000000000005,12,63.268192,1.9381922912597602,False
Tapejara,PR,Sul,0.73028666,71.09,11,73.02866,1.9386636352539028,False
Verdejante,PE,Nordeste,0.5974583,57.8,8,59.74583,1.9458305358886747,False
Americana,SP,Sudeste,0.64059883,62.11,68,64.05988,1.9498831176757818,False
Lavínia,SP,Sudeste,0.6694419,64.99,3,66.94419,1.9541909790039114,False
Rafard,SP,Sudeste,0.81957334,80.0,6,81.95734,1.95733642578125,False
São Simão,SP,Sudeste,0.6762987,65.66,9,67.62987,1.969867553710941,False
Barra Funda,RS,Sul,0.7252651,70.55,4,72.52651,1.9765121459960966,False
Venda Nova do Imigrante,ES,Sudeste,0.8197908,80.0,27,81.97908,1.9790802001953125,False
Novo Mundo,MT,Centro-Oeste,0.599733,57.99,5,59.9733,1.9833009338378886,False
Santa Amélia,PR,Sul,0.81985325,80.0,3,81.98532,1.985321044921875,False
Várzea Paulista,SP,Sudeste,0.558371,53.85,67,55.8371,1.9871009826660142,False
Júlio Mesquita,SP,Sudeste,0.7090043,68.91,5,70.90043,1.9904287719726597,False
Bertioga,SP,Sudeste,0.6086079,58.87,39,60.86079,1.9907902526855494,False
Santa Ernestina,SP,Sudeste,0.8199539,80.0,3,81.99539,1.995391845703125,False
Rio Preto da Eva,AM,Norte,0.44045648,42.05,42,44.045647,1.9956466674804716,False
Cachoeiro de Itapemirim,ES,Sudeste,0.6969751,67.7,182,69.69751,1.9975097656249972,False
Teodoro Sampaio,SP,Sudeste,0.70952696,68.95,13,70.9527,2.002697753906247,False
Conchal,SP,Sudeste,0.6030037,58.28999999999999,22,60.30037,2.0103692626953205,False
Correntes,PE,Nordeste,0.58489865,56.47,11,58.489864,2.0198643493652355,False
Altos,PI,Nordeste,0.6691462,64.89,73,66.91462,2.0246194458007807,False
Indiaporã,SP,Sudeste,0.71615595,69.58,3,71.61559,2.0355929565429705,False
Castelo,ES,Sudeste,0.7547175,73.43,27,75.471756,2.0417559814453057,False
Fervedouro,MG,Sudeste,0.70427275,68.38,11,70.42728,2.0472766113281295,False
Buriti de Goiás,GO,Centro-Oeste,0.82048666,80.0,2,82.04867,2.0486679077148438,False
Ponto Belo,ES,Sudeste,0.8204897,80.0,12,82.04897,2.0489730834960938,False
Campo Erê,SC,Sul,0.66099846,64.05,16,66.099846,2.0498458862304716,False
Jales,SP,Sudeste,0.61474717,59.42,15,61.474716,2.054716186523436,False
Miraselva,PR,Sul,0.7955061,77.49,4,79.55061,2.0606134033203176,False
Ladário,MS,Centro-Oeste,0.34451866,32.39,29,34.451866,2.061866149902343,False
Quilombo,SC,Sul,0.71274346,69.21,13,71.274345,2.064345397949225,False
Américo de Campos,SP,Sudeste,0.6536398,63.29,2,65.36398,2.073983154296876,False
Brotas,SP,Sudeste,0.66969645,64.89,9,66.96964,2.0796426391601557,False
Pitangueiras,PR,Sul,0.82081366,80.0,3,82.08137,2.0813674926757812,False
Comendador Levy Gasparian,RJ,Sudeste,0.5840349,56.32000000000001,7,58.403492,2.0834919738769457,False
Santa Bárbara do Pará,PA,Norte,0.46235204,44.15,28,46.235203,2.085202789306642,False
Queluz,SP,Sudeste,0.6700844,64.92,7,67.00844,2.088438110351561,False
Faina,GO,Centro-Oeste,0.7670039,74.61,5,76.700386,2.090386047363282,False
Muriaé,MG,Sudeste,0.64152616,62.06,116,64.15262,2.0926184082031227,False
Diamantino,MT,Centro-Oeste,0.58812815,56.72,33,58.812817,2.092816619873048,False
Santa Rita d'Oeste,SP,Sudeste,0.65714794,63.62,1,65.7148,2.094797973632815,False
Penápolis,SP,Sudeste,0.6588568,63.79,30,65.88568,2.095681152343751,False
Erval Seco,RS,Sul,0.715363,69.44,6,71.5363,2.0963006591796898,False
Moju,PA,Norte,0.4118967,39.09,77,41.18967,2.099670562744137,False
Santo Antônio do Aventureiro,MG,Sudeste,0.82104975,80.0,1,82.10497,2.1049728393554688,False
Palmeira dos Índios,AL,Nordeste,0.41257754,39.15,73,41.257755,2.107755279541017,False
Rodolfo Fernandes,RN,Nordeste,0.40330762,38.22,7,40.33076,2.110760955810548,False
Guararapes,SP,Sudeste,0.63922846,61.81000000000001,11,63.922848,2.112847747802725,False
Leópolis,PR,Sul,0.8211839,80.0,3,82.11839,2.1183929443359375,False
Renascença,PR,Sul,0.743997,72.28,9,74.3997,2.119696350097655,False
São José do Calçado,ES,Sudeste,0.77500373,75.36,6,77.500374,2.140373840332032,False
Gavião Peixoto,SP,Sudeste,0.7113203,68.99,4,71.13203,2.1420266723632864,False
Conselheiro Lafaiete,MG,Sudeste,0.69588923,67.43,119,69.58892,2.158920593261712,False
Batatais,SP,Sudeste,0.66233563,64.07,22,66.23357,2.1635662841796943,False
Santa Lúcia,SP,Sudeste,0.7112492,68.96,3,71.124916,2.1649160766601625,False
Sabará,MG,Sudeste,0.63113993,60.94,114,63.113995,2.173994598388674,False
Sonora,MS,Centro-Oeste,0.5497563,52.8,18,54.975628,2.1756278991699247,False
Brodowski,SP,Sudeste,0.60206074,58.03,13,60.206074,2.176073760986327,False
Peruíbe,SP,Sudeste,0.48116282,45.94,33,48.116283,2.176283416748049,False
Tupãssi,PR,Sul,0.7436458,72.18,13,74.36458,2.1845782470703057,False
Laranjal do Jari,AP,Norte,0.47825095,45.64,54,47.825096,2.185096130371093,False
Nova Itarana,BA,Nordeste,0.42083755,39.89,8,42.083755,2.193755493164062,False
Jataúba,PE,Nordeste,0.5873544,56.54,18,58.735443,2.195443115234376,False
Beberibe,CE,Nordeste,0.8059532,78.39,75,80.59532,2.205321655273437,False
Goiatuba,GO,Centro-Oeste,0.72310096,70.09,35,72.3101,2.220096740722653,False
Osvaldo Cruz,SP,Sudeste,0.64155376,61.92,10,64.15537,2.2353726196289045,False
Paranacity,PR,Sul,0.822407,80.0,9,82.2407,2.2406997680664062,False
Ubaí,MG,Sudeste,0.74044377,71.8,11,74.04438,2.244380187988284,False
Itambé,PE,Nordeste,0.5595854,53.71,17,55.958538,2.248538055419921,False
Guaraí,TO,Norte,0.4500007,42.74,14,45.00007,2.2600686645507793,False
Lajedo,PE,Nordeste,0.55240375,52.97999999999999,60,55.240376,2.2603755187988384,False
Carrasco Bonito,TO,Norte,0.43191355,40.93,8,43.191357,2.261356658935547,False
Guaratinguetá,SP,Sudeste,0.629343,60.67,43,62.934296,2.2642956542968733,False
São Pedro do Turvo,SP,Sudeste,0.73214686,70.94,2,73.21468,2.274683532714846,False
Quatis,RJ,Sudeste,0.56305426,54.03000000000001,9,56.305428,2.275427551269523,False
Fernandes Tourinho,MG,Sudeste,0.68445694,66.17,4,68.445694,2.275693969726561,False
Rincão,SP,Sudeste,0.6470726,62.42,4,64.70726,2.287260131835936,False
Riolândia,SP,Sudeste,0.8228898,80.0,1,82.28898,2.2889785766601562,False
Brejinho de Nazaré,TO,Norte,0.4685959,44.57,5,46.85959,2.2895886230468747,False
Nilópolis,RJ,Sudeste,0.5239827,50.1,91,52.39827,2.298269653320311,False
São Jorge do Patrocínio,PR,Sul,0.7749858,75.2,6,77.49858,2.2985809326171847,False
Colorado do Oeste,RO,Norte,0.67978215,65.67,13,67.97822,2.3082180786132795,False
Portelândia,GO,Centro-Oeste,0.75299203,72.99,7,75.2992,2.3092019653320364,False
Santa Cruz de Goiás,GO,Centro-Oeste,0.76060045,73.75,2,76.06004,2.3100433349609375,False
Santo Antônio de Posse,SP,Sudeste,0.60871273,58.54999999999999,9,60.871273,2.3212730407714943,False
Angatuba,SP,Sudeste,0.55764055,53.44,19,55.764053,2.3240533447265648,False
Mirandópolis,SP,Sudeste,0.6014415,57.82,7,60.14415,2.324149780273437,False
Pedro Afonso,TO,Norte,0.59847474,57.52,24,59.847473,2.327473144531247,False
Passa e Fica,RN,Nordeste,0.34118402,31.790000000000003,11,34.1184,2.328400573730466,False
Pedro II,PI,Nordeste,0.3464106,32.31,48,34.64106,2.331059875488279,False
Luminárias,MG,Sudeste,0.71653223,69.32,8,71.65322,2.3332211303711006,False
Nova Odessa,SP,Sudeste,0.6142817,59.09,29,61.428173,2.3381730651855435,False
Poços de Caldas,MG,Sudeste,0.6406871,61.73,127,64.06871,2.3387103271484406,False
Bom Jesus,SC,Sul,0.6952184,67.18,5,69.521835,2.3418353271484307,False
Pedreira,SP,Sudeste,0.82345253,80.0,21,82.34525,2.3452529907226562,False
Rio Sono,TO,Norte,0.3736211,35.01,12,37.36211,2.352110137939455,False
Taguatinga,TO,Norte,0.4711693,44.76,21,47.11693,2.3569281005859395,False
Porteirão,GO,Centro-Oeste,0.82358915,80.0,5,82.35892,2.358917236328125,False
Cáceres,MT,Centro-Oeste,0.55189633,52.83,106,55.189632,2.359632415771486,False
Mostardas,RS,Sul,0.58467185,56.1,13,58.467186,2.3671859741210923,False
Caaporã,PB,Nordeste,0.46663058,44.29,24,46.66306,2.3730592346191415,False
Terra Alta,PA,Norte,0.5038222,48.0,11,50.38222,2.382221221923828,False
São Miguel Arcanjo,SP,Sudeste,0.631924,60.81,14,63.192398,2.3823980712890602,False
Auriflama,SP,Sudeste,0.72822505,70.43,1,72.8225,2.392502136230462,False
São João d'Aliança,GO,Centro-Oeste,0.82399243,80.0,21,82.39925,2.3992462158203125,False
Viseu,PA,Norte,0.43505272,41.1,56,43.505272,2.4052719116210923,False
Ipaussu,SP,Sudeste,0.6219545,59.79,5,62.19545,2.4054498291015634,False
Pérola d'Oeste,PR,Sul,0.8240621,80.0,6,82.40621,2.4062118530273438,False
Perolândia,GO,Centro-Oeste,0.8037953,77.97,7,80.379524,2.4095242309570324,False
Santa Fé do Sul,SP,Sudeste,0.6507781,62.66,18,65.07781,2.417812194824222,False
Três Rios,RJ,Sudeste,0.6029889,57.88,69,60.29889,2.4188891601562474,False
Jussara,PR,Sul,0.75903904,73.48,10,75.90391,2.4239077758789023,False
Porto Alegre do Piauí,PI,Nordeste,0.77235514,74.81,2,77.23551,2.425511779785154,False
Simão Dias,SE,Nordeste,0.42518136,40.09,34,42.518135,2.428135070800778,False
Darcinópolis,TO,Norte,0.40673977,38.24,10,40.673977,2.4339768981933574,False
Mallet,PR,Sul,0.8243482,80.0,12,82.43482,2.4348220825195312,False
Juquitiba,SP,Sudeste,0.6588725,63.43,13,65.887245,2.4572451782226565,False
Inhumas,GO,Centro-Oeste,0.82458824,80.0,41,82.458824,2.4588241577148438,False
Cambuquira,MG,Sudeste,0.73466575,71.0,13,73.466576,2.4665756225585938,False
Paraguaçu Paulista,SP,Sudeste,0.55858153,53.39,23,55.858154,2.4681542968749994,False
Caldeirão Grande,BA,Nordeste,0.3092452,28.45,12,30.92452,2.4745204925537116,False
Bela Vista do Paraíso,PR,Sul,0.66659504,64.18,26,66.65951,2.479507751464837,False
Santa Juliana,MG,Sudeste,0.6819151,65.71,21,68.19151,2.4815130615234438,False
Pariconha,AL,Nordeste,0.5007403,47.56,11,50.074028,2.5140280151367165,False
Porto Rico,PR,Sul,0.661549,63.64,5,66.1549,2.514899597167968,False
Paranã,TO,Norte,0.50795186,48.28,16,50.795185,2.515185089111327,False
Nova Esperança do Piriá,PA,Norte,0.44879344,42.35,25,44.879345,2.5293449401855455,False
Congonhas,MG,Sudeste,0.62642896,60.11,66,62.642895,2.5328947448730474,False
Alcantil,PB,Nordeste,0.51118743,48.580000000000005,10,51.118744,2.5387438964843696,False
São José de Caiana,PB,Nordeste,0.5594444,53.39,8,55.944443,2.554442749023437,False
Viçosa,MG,Sudeste,0.6807494,65.52,51,68.07494,2.5549435424804727,False
Espigão Alto do Iguaçu,PR,Sul,0.75774705,73.21,4,75.774704,2.5647039794921938,False
Dois Vizinhos,PR,Sul,0.82565236,80.0,52,82.56524,2.5652389526367188,False
Santo André,SP,Sudeste,0.598974,57.32999999999999,219,59.8974,2.567399902343759,False
Jandaíra,RN,Nordeste,0.40077588,37.5,8,40.077587,2.577587127685547,False
Afrânio,PE,Nordeste,0.6137994,58.8,19,61.37994,2.579940032958987,False
Álvares Machado,SP,Sudeste,0.6082119,58.23,11,60.821186,2.5911860656738313,False
Juquiá,SP,Sudeste,0.61631656,59.04,9,61.631657,2.5916566467285165,False
Batalha,PI,Nordeste,0.5208249,49.49,16,52.08249,2.592489013671873,False
Olho D'Água do Piauí,PI,Nordeste,0.6798653,65.38,2,67.98653,2.606526489257817,False
Santa Cruz das Palmeiras,SP,Sudeste,0.5707727,54.47,17,57.07727,2.607270507812501,False
Carmo do Rio Claro,MG,Sudeste,0.685813,65.96,16,68.5813,2.6212988281250063,False
São Mateus,ES,Sudeste,0.71881586,69.26,135,71.881584,2.6215841674804636,False
Calçado,PE,Nordeste,0.6373227,61.11,4,63.732273,2.622273101806641,False
Indiana,SP,Sudeste,0.8262298,80.0,1,82.62298,2.6229782104492188,False
Inúbia Paulista,SP,Sudeste,0.8262298,80.0,2,82.62298,2.6229782104492188,False
Bela Vista de Minas,MG,Sudeste,0.6908533,66.46,6,69.08533,2.6253271484375063,False
Mirador,MA,Nordeste,0.44395715,41.77,21,44.395714,2.6257138061523406,False
Contagem,MG,Sudeste,0.6070648,58.08,454,60.70648,2.626478118896486,False
Ituverava,SP,Sudeste,0.56188244,53.56,17,56.188244,2.6282438659667946,False
Tabapuã,SP,Sudeste,0.8263113,80.0,5,82.63113,2.6311264038085938,False
São Manoel do Paraná,PR,Sul,0.82635,80.0,2,82.634995,2.6349945068359375,False
Ribeirão das Neves,MG,Sudeste,0.61781305,59.14,345,61.781303,2.641303405761718,False
São Gabriel da Palha,ES,Sudeste,0.7628549,73.64,29,76.285484,2.645484313964843,False
Tailândia,PA,Norte,0.4684589,44.190000000000005,112,46.84589,2.655890045166011,False
Pimenta,MG,Sudeste,0.76602435,73.93,4,76.60243,2.6724322509765557,False
Pocinhos,PB,Nordeste,0.50842696,48.17,17,50.842697,2.672697143554686,False
Paraguaçu,MG,Sudeste,0.6801957,65.34,20,68.01957,2.679569396972653,False
Jaboti,PR,Sul,0.82684976,80.0,6,82.684975,2.6849746704101562,False
Igarapava,SP,Sudeste,0.5515534,52.47,9,55.155342,2.6853421020507824,False
Parintins,AM,Norte,0.5922056,56.53,124,59.22056,2.690558166503905,False
Tombos,MG,Sudeste,0.6336428,60.67,9,63.36428,2.694280700683592,False
Xambrê,PR,Sul,0.77488434,74.79,5,77.488434,2.6984338378906187,False
Franco da Rocha,SP,Sudeste,0.58393896,55.69,77,58.393894,2.703894195556643,False
Rubinéia,SP,Sudeste,0.6645682,63.75,3,66.45682,2.706817626953125,False
Iconha,ES,Sudeste,0.79602295,76.89,13,79.602295,2.7122949218749994,False
Rio Grande do Piauí,PI,Nordeste,0.56453353,53.74,10,56.453354,2.7133538818359355,False
Manicoré,AM,Norte,0.59146816,56.43,51,59.146816,2.7168162536621097,False
Sertãozinho,SP,Sudeste,0.60789907,58.07,85,60.789906,2.719905548095703,False
Vila Pavão,ES,Sudeste,0.78131866,75.41,8,78.13187,2.7218664550781284,False
Cubatão,SP,Sudeste,0.56377447,53.65,53,56.377445,2.727445220947267,False
Terra Roxa,SP,Sudeste,0.7201388,69.28,6,72.01388,2.7338778686523426,False
Guaratuba,PR,Sul,0.7213834,69.4,69,72.138336,2.7383361816406193,False
Fernando Prestes,SP,Sudeste,0.82739437,80.0,2,82.73943,2.7394332885742188,False
Ibirarema,SP,Sudeste,0.82739437,80.0,1,82.73943,2.7394332885742188,False
São José da Lapa,MG,Sudeste,0.68066674,65.31,46,68.06667,2.7566732788085915,False
Nhandeara,SP,Sudeste,0.71447545,68.69,2,71.44755,2.7575479125976585,False
Barra do Bugres,MT,Centro-Oeste,0.58473706,55.71,43,58.473705,2.763705291748046,False
Morrinhos,GO,Centro-Oeste,0.67965335,65.2,56,67.96533,2.765332031249997,False
Santo Antônio dos Lopes,MA,Nordeste,0.5999544,57.23,7,59.99544,2.7654414367675813,False
Baraúna,RN,Nordeste,0.4175989,38.99,17,41.75989,2.7698915100097636,False
Conceição da Barra,ES,Sudeste,0.77453,74.67,28,77.453,2.7830029296874983,False
Taiúva,SP,Sudeste,0.7281906,70.03,1,72.81906,2.789061279296874,False
Campina do Simão,PR,Sul,0.8279545,80.0,6,82.79545,2.7954483032226562,False
Muaná,PA,Norte,0.45632216,42.83,52,45.632217,2.802217407226564,False
Venha-Ver,RN,Nordeste,0.5011654,47.31,1,50.11654,2.8065390014648415,False
Potirendaba,SP,Sudeste,0.6671829,63.90999999999999,10,66.71829,2.8082922363281355,False
Amarante do Maranhão,MA,Nordeste,0.54011667,51.2,25,54.011665,2.8116653442382784,False
Piranguçu,MG,Sudeste,0.7131748,68.5,4,71.31748,2.8174819946289062,False
Quatro Irmãos,RS,Sul,0.60239017,57.42,4,60.239017,2.819017486572264,False
Congonhinhas,PR,Sul,0.7342006,70.6,9,73.42006,2.820059204101568,False
Fernando Pedroza,RN,Nordeste,0.4259567,39.77,3,42.59567,2.8256687927246062,False
Boqueirão do Piauí,PI,Nordeste,0.82826996,80.0,5,82.826996,2.826995849609375,False
Pancas,ES,Sudeste,0.828287,80.0,17,82.8287,2.8286972045898438,False
Bayeux,PB,Nordeste,0.4357082,40.74,54,43.57082,2.830819854736326,False
Marquinho,PR,Sul,0.77756006,74.92,7,77.756004,2.836004333496092,False
Edéia,GO,Centro-Oeste,0.82840645,80.0,15,82.840645,2.8406448364257812,False
Santana da Vargem,MG,Sudeste,0.7018769,67.34,4,70.18769,2.847690734863278,False
Tabaporã,MT,Centro-Oeste,0.5899942,56.15,22,58.99942,2.8494201660156264,False
Paço do Lumiar,MA,Nordeste,0.5839195,55.54,126,58.391953,2.8519525146484384,False
Carlópolis,PR,Sul,0.7753098,74.67,18,77.53098,2.8609829711914045,False
Queimadas,PB,Nordeste,0.82871085,80.0,59,82.871086,2.8710861206054688,False
Pombos,PE,Nordeste,0.5520436,52.33,16,55.20436,2.874360961914064,False
Florestópolis,PR,Sul,0.6982591,66.94,12,69.82591,2.8859124755859398,False
São Pedro,SP,Sudeste,0.5945856,56.57,16,59.45856,2.8885609436035153,False
São Lourenço da Mata,PE,Nordeste,0.5273188,49.84,86,52.731876,2.891876373291012,False
Palmares Paulista,SP,Sudeste,0.8289437,80.0,6,82.89437,2.8943710327148438,False
Palmares do Sul,RS,Sul,0.6077655,57.88,17,60.77655,2.8965502929687474,False
Telêmaco Borba,PR,Sul,0.6886411,65.96,88,68.864105,2.9041052246093813,False
Viçosa,AL,Nordeste,0.4920486,46.29999999999999,23,49.20486,2.9048606872558693,False
Chã Preta,AL,Nordeste,0.5256076,49.65,7,52.56076,2.9107604980468764,False
Capoeiras,PE,Nordeste,0.58653826,55.74,17,58.653824,2.9138238525390605,False
Itambacuri,MG,Sudeste,0.59209806,56.29,23,59.209805,2.9198045349121102,False
Prata,MG,Sudeste,0.6238396,59.46,30,62.38396,2.9239607238769523,False
Aparecida do Rio Negro,TO,Norte,0.40102017,37.16,2,40.102016,2.942016448974613,False
Ponto Novo,BA,Nordeste,0.3332344,30.38,30,33.32344,2.9434405517578135,False
Quirinópolis,GO,Centro-Oeste,0.72024745,69.08,46,72.02474,2.9447421264648455,False
São João da Ponte,MG,Sudeste,0.7091351,67.96,14,70.91351,2.9535131835937563,False
Alto Piquiri,PR,Sul,0.7849482,75.54,10,78.49482,2.954819641113275,False
Brejo do Piauí,PI,Nordeste,0.581701,55.21,6,58.170097,2.960097351074218,False
Bebedouro,SP,Sudeste,0.56786346,53.82,34,56.786346,2.9663464355468747,False
Itueta,MG,Sudeste,0.62570614,59.6,3,62.570614,2.970613861083983,False
Abadia dos Dourados,MG,Sudeste,0.67456764,64.48,3,67.456764,2.9767642211914023,False
Rio Branco do Sul,PR,Sul,0.6818789,65.21,41,68.18789,2.9778890991211,False
Dois Irmãos do Buriti,MS,Centro-Oeste,0.47609097,44.63,21,47.609097,2.979096527099607,False
Arapuá,MG,Sudeste,0.82981384,80.0,1,82.981384,2.98138427734375,False
Ilhabela,SP,Sudeste,0.52902126,49.92,8,52.902126,2.9821263122558577,False
Aparecida,PB,Nordeste,0.5146609,48.47,5,51.46609,2.9960911560058605,False
Ibiá,MG,Sudeste,0.60073024,57.07,21,60.073025,3.003024749755859,False
Bonfim do Piauí,PI,Nordeste,0.58475226,55.47,4,58.475227,3.0052273559570324,False
Nova Ipixuna,PA,Norte,0.53096604,50.09,27,53.096603,3.006603393554684,False
Água Doce do Norte,ES,Sudeste,0.80751085,77.74,19,80.75108,3.0110833740234426,False
Paes Landim,PI,Nordeste,0.5943576,56.42,4,59.43576,3.0157604980468733,False
São Miguel do Guamá,PA,Norte,0.4811792,45.1,67,48.11792,3.0179199218749986,False
Bossoroca,RS,Sul,0.5795474,54.93,8,57.954742,3.0247424316406253,False
São Roque,SP,Sudeste,0.5992619,56.9,30,59.92619,3.0261894226074233,False
Piracema,MG,Sudeste,0.72115153,69.08,6,72.11515,3.035150451660158,False
Gararu,SE,Nordeste,0.2950602,26.47,10,29.50602,3.0360195922851574,False
Japurá,PR,Sul,0.774792,74.44,7,77.4792,3.0392022705078148,False
Jacinto Machado,SC,Sul,0.6053516,57.489999999999995,9,60.535164,3.0451638793945364,False
Águas da Prata,SP,Sudeste,0.70309335,67.26,1,70.30933,3.049333801269526,False
Andradina,SP,Sudeste,0.63846564,60.79,21,63.846565,3.056565246582032,False
Ibiam,SC,Sul,0.7100903,67.95,4,71.009026,3.059025573730466,False
São Vicente,SP,Sudeste,0.5207288,49.01,121,52.072884,3.0628836059570332,False
Registro,SP,Sudeste,0.59955066,56.89,27,59.955067,3.0650666809082026,False
Herculândia,SP,Sudeste,0.83066684,80.0,5,83.06668,3.066680908203125,False
Campina Grande,PB,Nordeste,0.5145827,48.39,301,51.45827,3.0682710266113276,False
Itabaiana,SE,Nordeste,0.36919683,33.84,68,36.91968,3.079681549072262,False
Pacaembu,SP,Sudeste,0.7022354,67.13,5,70.22354,3.0935412597656295,False
Araçariguama,SP,Sudeste,0.58146507,55.04999999999999,12,58.146507,3.0965072631836037,False
Altair,SP,Sudeste,0.62947124,59.85,3,62.947124,3.0971244812011705,False
Lapão,BA,Nordeste,0.35398272,32.3,36,35.398273,3.098273468017581,False
Itarana,ES,Sudeste,0.81433284,78.33,10,81.43328,3.1032809448242205,False
Salto do Itararé,PR,Sul,0.7015359,67.05,3,70.15359,3.1035873413085966,False
Rio Rufino,SC,Sul,0.7116482,68.06,2,71.164825,3.1048254394531227,False
Axixá do Tocantins,TO,Norte,0.4052877,37.42,14,40.52877,3.108770446777342,False
Ipiranga de Goiás,GO,Centro-Oeste,0.8311381,80.0,4,83.11381,3.1138076782226562,False
Guanhães,MG,Sudeste,0.6446083,61.34,29,64.46083,3.120830688476559,False
Itumbiara,GO,Centro-Oeste,0.74543285,71.41,118,74.54329,3.133289184570316,False
Vera Cruz do Oeste,PR,Sul,0.6007783,56.94,10,60.077827,3.1378274536132835,False
Campo Magro,PR,Sul,0.6632669,63.18,36,66.32669,3.1466906738281253,False
São Bento,PB,Nordeste,0.5158695,48.44,32,51.58695,3.146948394775393,False
Canas,SP,Sudeste,0.6110027,57.95,5,61.10027,3.1502693176269503,False
Santa Branca,SP,Sudeste,0.5011181,46.96,4,50.111813,3.1518125915527335,False
Cantagalo,RJ,Sudeste,0.62925684,59.769999999999996,25,62.925686,3.1556858825683634,False
Novais,SP,Sudeste,0.73566884,70.41,4,73.56689,3.156886901855472,False
Iperó,SP,Sudeste,0.5023104,47.07,12,50.23104,3.1610409545898435,False
Guaçuí,ES,Sudeste,0.78129286,74.96,33,78.12929,3.1692877197265688,False
Major Sales,RN,Nordeste,0.4162366,38.44,3,41.62366,3.183661041259768,False
Catanduvas,PR,Sul,0.71506137,68.32,15,71.506134,3.186134033203132,False
Boa Esperança do Iguaçu,PR,Sul,0.78947234,75.76,4,78.947235,3.18723510742187,False
Peçanha,MG,Sudeste,0.7035149,67.16,10,70.35149,3.191486206054691,False
Cajobi,SP,Sudeste,0.67516315,64.32,2,67.51631,3.1963116455078193,False
Paranapanema,SP,Sudeste,0.5756961,54.36999999999999,5,57.56961,3.1996105957031347,False
Antonina,PR,Sul,0.7173437,68.53,18,71.73437,3.2043673706054676,False
Rio Claro,SP,Sudeste,0.5836437,55.16,71,58.36437,3.2043684387207065,False
Coração de Jesus,MG,Sudeste,0.71165794,67.95,31,71.165794,3.215794372558591,False
Vitória de Santo Antão,PE,Nordeste,0.54809666,51.59,109,54.809666,3.219665679931637,False
Amparo,SP,Sudeste,0.6019167,56.97,23,60.191666,3.2216656494140636,False
Bananal,SP,Sudeste,0.56268793,53.04,1,56.268795,3.2287950134277352,False
Itaí,SP,Sudeste,0.55959255,52.73,7,55.959255,3.2292552185058625,False
Boa Esperança,PR,Sul,0.83231443,80.0,6,83.231445,3.2314453125,False
Córrego do Bom Jesus,MG,Sudeste,0.78004026,74.76,4,78.00403,3.244028320312495,False
Mogi Guaçu,SP,Sudeste,0.593848,56.12,64,59.3848,3.264799957275393,False
Araguaína,TO,Norte,0.4542727,42.16,191,45.42727,3.267268981933597,False
Ouro Verde,SP,Sudeste,0.8327585,80.0,3,83.27585,3.275848388671875,False
Peabiru,PR,Sul,0.7443911,71.16,23,74.43911,3.279109802246097,False
Quaraí,RS,Sul,0.6222942,58.95000000000001,22,62.22942,3.279419708251943,False
Campos do Jordão,SP,Sudeste,0.5926688,55.98,19,59.266876,3.286876220703128,False
Ibituruna,MG,Sudeste,0.67092663,63.8,6,67.09267,3.2926666259765653,False
Alumínio,SP,Sudeste,0.5700279,53.71,9,57.00279,3.292788543701171,False
Canindé de São Francisco,SE,Nordeste,0.33190024,29.889999999999997,38,33.190025,3.3000253295898467,False
Araraquara,SP,Sudeste,0.63210756,59.89999999999999,96,63.210754,3.3107543945312585,False
Bom Jesus,PI,Nordeste,0.8331416,80.0,26,83.31416,3.3141632080078125,False
Pauini,AM,Norte,0.48646107,45.33,22,48.646107,3.316106719970705,False
Taquarituba,SP,Sudeste,0.6039639,57.07,11,60.396393,3.3263928222656247,False
Palmital,SP,Sudeste,0.5522761,51.9,12,55.227608,3.3276077270507827,False
Rio Bananal,ES,Sudeste,0.78767824,75.44,23,78.76782,3.3278222656250023,False
Adolfo,SP,Sudeste,0.6958895,66.25,3,69.58894,3.3389434814453125,False
Vera Cruz,SP,Sudeste,0.68899894,65.56,2,68.899895,3.3398947143554665,False
Carlos Chagas,MG,Sudeste,0.6370107,60.36,20,63.70107,3.3410688781738287,False
Santa Maria da Boa Vista,PE,Nordeste,0.54520553,51.17,48,54.520554,3.350553588867186,False
São Francisco do Pará,PA,Norte,0.46956867,43.6,4,46.956867,3.3568672180175767,False
Palmeira d'Oeste,SP,Sudeste,0.7296765,69.6,4,72.96765,3.3676513671875057,False
Quatro Barras,PR,Sul,0.72288,68.92,40,72.288,3.3680020141601545,False
Elias Fausto,SP,Sudeste,0.6263102,59.26,11,62.631023,3.371023406982424,False
Esperantina,TO,Norte,0.50374407,47.0,11,50.374405,3.3744049072265625,False
Boa Esperança,ES,Sudeste,0.80564404,77.19,20,80.56441,3.3744073486328148,False
Peixoto de Azevedo,MT,Centro-Oeste,0.46106836,42.73,41,46.106834,3.376834411621097,False
Japeri,RJ,Sudeste,0.4883897,45.46000000000001,109,48.83897,3.378970184326164,False
Jaramataia,AL,Nordeste,0.46099958,42.72,8,46.099957,3.379956512451173,False
Serrana,SP,Sudeste,0.5485794,51.47,29,54.85794,3.387940673828126,False
Coruripe,AL,Nordeste,0.83388054,80.0,71,83.388054,3.3880538940429688,False
Betim,MG,Sudeste,0.61641645,58.25,390,61.641647,3.3916473388671875,False
Corumbataí do Sul,PR,Sul,0.83392286,80.0,4,83.39229,3.3922882080078125,False
Livramento,PB,Nordeste,0.53013533,49.62,7,53.013535,3.39353454589844,False
Anísio de Abreu,PI,Nordeste,0.5538879,51.99,13,55.38879,3.3987901306152324,False
Águia Branca,ES,Sudeste,0.83403283,80.0,10,83.40328,3.4032821655273438,False
Lagoa Dourada,MG,Sudeste,0.6996562,66.55,14,69.96562,3.4156219482421903,False
Jaci,SP,Sudeste,0.6326625,59.85,3,63.266247,3.4162467956542955,False
Santana do Ipanema,AL,Nordeste,0.44988942,41.57,46,44.98894,3.418941192626953,False
Palestina,AL,Nordeste,0.4401296,40.59,5,44.012962,3.4229623413085903,False
Lages,SC,Sul,0.571345,53.709999999999994,143,57.1345,3.4244985961914125,False
Carmo do Cajuru,MG,Sudeste,0.7271071,69.28,17,72.71071,3.4307086181640614,False
Mata Grande,AL,Nordeste,0.4980651,46.37,11,49.80651,3.4365109252929713,False
Novo Horizonte,SC,Sul,0.83441544,80.0,3,83.44154,3.4415435791015625,False
Saltinho,SP,Sudeste,0.7139292,67.95,4,71.392914,3.442913818359372,False
Afuá,PA,Norte,0.41304305,37.86,50,41.304306,3.444306030273438,False
Rianápolis,GO,Centro-Oeste,0.8053211,77.08,4,80.53211,3.452112121582033,False
Nova Granada,SP,Sudeste,0.6776672,64.31,7,67.76672,3.4567236328124977,False
Belo Oriente,MG,Sudeste,0.6435843,60.9,20,64.35843,3.4584289550781264,False
Caputira,MG,Sudeste,0.6625958,62.79999999999999,10,66.25958,3.45958251953126,False
Mascote,BA,Nordeste,0.3297171,29.51,15,32.97171,3.4617102050781234,False
Kaloré,PR,Sul,0.83466,80.0,6,83.465996,3.4659957885742188,False
Santa Teresinha,BA,Nordeste,0.37316376,33.84,10,37.316376,3.4763757324218716,False
Paranatinga,MT,Centro-Oeste,0.5447034,50.99,37,54.47034,3.4803407287597636,False
Rio Brilhante,MS,Centro-Oeste,0.4991526,46.43,70,49.91526,3.4852603149414065,False
Gentio do Ouro,BA,Nordeste,0.54198664,50.71,10,54.198666,3.4886656188964835,False
Formosa do Sul,SC,Sul,0.71269286,67.78,4,71.26929,3.489287109374999,False
União do Sul,MT,Centro-Oeste,0.6711944,63.63,10,67.11944,3.489438171386716,False
Jaguarão,RS,Sul,0.5690906,53.40999999999999,18,56.90906,3.499061431884776,False
Jacaré dos Homens,AL,Nordeste,0.4813927,44.64,10,48.13927,3.4992707824707026,False
Cajueiro da Praia,PI,Nordeste,0.56250143,52.75,16,56.250145,3.5001449584960938,False
Aragominas,TO,Norte,0.35330886,31.83,2,35.330887,3.500886840820314,False
Terra Roxa,PR,Sul,0.7389385,70.39,17,73.89385,3.503852233886718,False
Buerarema,BA,Nordeste,0.349996,31.49,9,34.9996,3.509599456787111,False
Santos Dumont,MG,Sudeste,0.63460183,59.95000000000001,30,63.460182,3.5101821899413963,False
Indaial,SC,Sul,0.62821674,59.31,97,62.821674,3.511674346923826,False
Canhotinho,PE,Nordeste,0.569712,53.45,21,56.9712,3.5211990356445284,False
Vargem Bonita,SC,Sul,0.70347404,66.82,10,70.347404,3.5274044799804756,False
Borebi,SP,Sudeste,0.6776443,64.23,1,67.764435,3.534434814453121,False
Nova Olinda,PB,Nordeste,0.5500688,51.47,3,55.006878,3.536877899169923,False
Pindorama,SP,Sudeste,0.5550744,51.97,6,55.50744,3.53743865966797,False
Ouro Branco,MG,Sudeste,0.71299785,67.76,37,71.29978,3.539781799316401,False
Amapá,AP,Norte,0.41769812,38.23,12,41.76981,3.5398097229003938,False
Brasilândia do Sul,PR,Sul,0.7873074,75.19,5,78.730736,3.540735778808596,False
Capela do Alto,SP,Sudeste,0.563669,52.82,13,56.3669,3.546901397705078,False
Matriz de Camaragibe,AL,Nordeste,0.45537925,41.99,34,45.537926,3.5479257202148418,False
Centenário do Sul,PR,Sul,0.62080234,58.53,9,62.080235,3.5502345275878895,False
Nova União,RO,Norte,0.67401016,63.85,8,67.40102,3.551016235351561,False
Santa Albertina,SP,Sudeste,0.71501654,67.95,3,71.501656,3.5516555786132784,False
São Miguel dos Milagres,AL,Nordeste,0.44869292,41.31,11,44.869293,3.5592932128906227,False
Cruzeiro do Sul,PR,Sul,0.76350486,72.78,4,76.35049,3.5704867553710926,False
Araçoiaba da Serra,SP,Sudeste,0.5799522,54.42,22,57.995216,3.5752163696289045,False
Baependi,MG,Sudeste,0.7540584,71.83,12,75.405846,3.5758456420898455,False
Coronel Xavier Chaves,MG,Sudeste,0.772409,73.66,8,77.240906,3.5809057617187534,False
Carbonita,MG,Sudeste,0.706636,67.08,8,70.663605,3.5836047363281267,False
Apuiarés,CE,Nordeste,0.83589405,80.0,22,83.5894,3.5894012451171875,False
Laranjal Paulista,SP,Sudeste,0.6208106,58.49,8,62.081062,3.5910623168945293,False
Salinas,MG,Sudeste,0.7769117,74.1,35,77.69117,3.591169738769537,False
Tapiratiba,SP,Sudeste,0.6149674,57.9,7,61.496742,3.5967422485351577,False
Santa Cruz dos Milagres,PI,Nordeste,0.6059785,57.0,4,60.597847,3.5978469848632812,False
Potim,SP,Sudeste,0.50623184,47.02,12,50.623184,3.6031842041015594,False
Anahy,PR,Sul,0.6891384,65.3,1,68.91384,3.6138412475585966,False
Bom Jesus do Sul,PR,Sul,0.8361458,80.0,1,83.61458,3.6145782470703125,False
Otacílio Costa,SC,Sul,0.6282271,59.20000000000001,17,62.822712,3.622711944580068,False
Fundão,ES,Sudeste,0.6805251,64.41,30,68.05251,3.642513122558597,False
Nova Alvorada do Sul,MS,Centro-Oeste,0.47434574,43.79,33,47.434574,3.6445741271972665,False
Patrocínio,MG,Sudeste,0.6850625,64.83,112,68.506256,3.6762561035156267,False
Senador Amaral,MG,Sudeste,0.7543165,71.75,10,75.43165,3.6816482543945312,False
Lajes,RN,Nordeste,0.3993179,36.25,12,39.93179,3.6817893981933594,False
Alto Paraná,PR,Sul,0.71135545,67.45,13,71.135544,3.6855438232421847,False
Rio Verde,GO,Centro-Oeste,0.83702254,80.0,243,83.702255,3.7022552490234375,False
Rio Negro,PR,Sul,0.8370843,80.0,36,83.70843,3.7084274291992188,False
Lorena,SP,Sudeste,0.5217584,48.46,35,52.17584,3.7158384704589835,False
Madre de Deus de Minas,MG,Sudeste,0.74860305,71.14,5,74.860306,3.720305786132812,False
Paratinga,BA,Nordeste,0.31993133,28.27,28,31.993134,3.7231335449218754,False
Araguatins,TO,Norte,0.45635134,41.9,40,45.635136,3.735135650634767,False
Maranguape,CE,Nordeste,0.8352723,79.79,116,83.52723,3.737229309082025,False
São Fidélis,RJ,Sudeste,0.49818188,46.08,36,49.818188,3.7381877136230486,False
Itamarandiba,MG,Sudeste,0.663206,62.57,30,66.320595,3.750594787597656,False
Morungaba,SP,Sudeste,0.56083214,52.330000000000005,6,56.083214,3.7532138061523383,False
Leopoldina,MG,Sudeste,0.65965205,62.21,48,65.9652,3.755202331542968,False
Coari,AM,Norte,0.4892649,45.17,113,48.92649,3.7564907836914045,False
Parnamirim,PE,Nordeste,0.57558614,53.79,19,57.558613,3.768612823486329,False
Coluna,MG,Sudeste,0.70440656,66.67,7,70.44066,3.770658569335936,False
Aparecida,SP,Sudeste,0.531042,49.33,15,53.1042,3.7741984558105486,False
Águas Lindas de Goiás,GO,Centro-Oeste,0.5777826,54.0,290,57.778255,3.7782554626464844,False
Condado,PE,Nordeste,0.5492607,51.14,24,54.926067,3.7860673522949213,False
Neópolis,SE,Nordeste,0.3211821,28.33,21,32.11821,3.788209838867189,False
Franca,SP,Sudeste,0.652153,61.42,180,65.2153,3.7953015136718733,False
Leme,SP,Sudeste,0.61132914,57.330000000000005,48,61.132915,3.8029154968261665,False
Lavras,MG,Sudeste,0.63986355,60.18,86,63.986355,3.8063548278808597,False
São Benedito do Rio Preto,MA,Nordeste,0.56020707,52.21,13,56.020706,3.8107061767578116,False
Casa Grande,MG,Sudeste,0.743639,70.55,3,74.3639,3.813899230957034,False
Ponta de Pedras,PA,Norte,0.48935482,45.10999999999999,26,48.935482,3.825482025146492,False
Jussara,GO,Centro-Oeste,0.66287565,62.46,21,66.28757,3.827567138671874,False
Tucuruí,PA,Norte,0.4765802,43.82999999999999,124,47.65802,3.828020019531259,False
Espinosa,MG,Sudeste,0.70676947,66.83,25,70.67695,3.846948547363283,False
Catende,PE,Nordeste,0.54150444,50.29999999999999,19,54.150444,3.8504440307617287,False
Souto Soares,BA,Nordeste,0.36572948,32.71,17,36.57295,3.862948455810546,False
Palmeira das Missões,RS,Sul,0.5771537,53.85,36,57.71537,3.865370178222655,False
São Tomás de Aquino,MG,Sudeste,0.73905915,70.04,5,73.905914,3.8659143066406187,False
Antônio Martins,RN,Nordeste,0.363163,32.45,6,36.3163,3.8662994384765597,False
Caetanópolis,MG,Sudeste,0.6310718,59.24,18,63.10718,3.8671815490722636,False
Chapada dos Guimarães,MT,Centro-Oeste,0.5683843,52.97,28,56.83843,3.8684284973144543,False
Guarabira,PB,Nordeste,0.46662602,42.78,53,46.6626,3.8826014709472645,False
Campanário,MG,Sudeste,0.68403673,64.52,7,68.40367,3.8836712646484415,False
Santo Antônio do Paraíso,PR,Sul,0.8388384,80.0,5,83.88384,3.8838424682617188,False
Santa Rita de Minas,MG,Sudeste,0.6829767,64.4,7,68.29767,3.8976684570312443,False
Nova Serrana,MG,Sudeste,0.6300852,59.11,116,63.00852,3.898518218994141,False
Cafelândia,SP,Sudeste,0.6820041,64.3,10,68.20041,3.900408935546878,False
Erval Velho,SC,Sul,0.64305294,60.39000000000001,9,64.30529,3.915290222167961,False
Alagoinha,PE,Nordeste,0.5270769,48.79,15,52.70769,3.917691192626954,False
Bom Jardim de Goiás,GO,Centro-Oeste,0.83184946,79.26,8,83.184944,3.924944152832026,False
São João do Ivaí,PR,Sul,0.6844586,64.52,5,68.44586,3.925861816406254,False
São Bento do Trairí,RN,Nordeste,0.44174165,40.24,2,44.174164,3.934163818359373,False
Primavera do Leste,MT,Centro-Oeste,0.5815003,54.21,108,58.15003,3.9400282287597648,False
Porto Ferreira,SP,Sudeste,0.57948446,54.0,23,57.94845,3.9484481811523438,False
Ubarana,SP,Sudeste,0.6779121,63.84,4,67.791214,3.951213989257809,False
Arujá,SP,Sudeste,0.5961134,55.660000000000004,56,59.61134,3.951339569091793,False
Guaratinga,BA,Nordeste,0.33845156,29.89,10,33.845158,3.955157623291015,False
Limeira do Oeste,MG,Sudeste,0.7156648,67.61,6,71.56648,3.956482543945313,False
Massaranduba,PB,Nordeste,0.539872,50.02,8,53.987198,3.9671978759765594,False
Jussara,BA,Nordeste,0.34368345,30.4,12,34.368343,3.968343353271486,False
Mimoso do Sul,ES,Sudeste,0.73939174,69.97,13,73.93917,3.969170837402345,False
Orlândia,SP,Sudeste,0.54571563,50.6,7,54.571564,3.9715637207031236,False
Álvaro de Carvalho,SP,Sudeste,0.62947124,58.95,1,62.947124,3.997124481201169,False
Quipapá,PE,Nordeste,0.57327354,53.330000000000005,20,57.327354,3.9973544311523383,False
Estrela d'Oeste,SP,Sudeste,0.62291074,58.28,3,62.291073,4.011072845458983,False
Barão de Cocais,MG,Sudeste,0.662934,62.28,48,66.2934,4.01340362548828,False
Cascalho Rico,MG,Sudeste,0.7055554,66.54,5,70.555534,4.0155343627929625,False
Itaquaquecetuba,SP,Sudeste,0.5290582,48.89,230,52.905823,4.015822753906249,False
Guaíra,SP,Sudeste,0.63054264,59.03000000000001,14,63.054264,4.024264068603507,False
Ferraz de Vasconcelos,SP,Sudeste,0.6125464,57.230000000000004,106,61.25464,4.024638671874996,False
Biritiba-Mirim,SP,Sudeste,0.525771,48.54,15,52.577103,4.037102661132813,False
Vila Boa,GO,Centro-Oeste,0.8404587,80.0,5,84.04587,4.045867919921875,False
Davinópolis,GO,Centro-Oeste,0.8404997,80.0,6,84.04997,4.0499725341796875,False
João Neiva,ES,Sudeste,0.7717129,73.12,8,77.17129,4.051287536621089,False
Nossa Senhora do Socorro,SE,Nordeste,0.30983454,26.93,186,30.983454,4.053453750610352,False
Porto Calvo,AL,Nordeste,0.47227016,43.17,27,47.227016,4.057016448974608,False
Castilho,SP,Sudeste,0.57157815,53.1,8,57.157814,4.057814025878905,False
Curvelo,MG,Sudeste,0.7179018,67.73,79,71.790184,4.06018402099609,False
Vista Alegre do Alto,SP,Sudeste,0.8406091,80.0,1,84.060905,4.060905456542969,False
Charqueada,SP,Sudeste,0.54365104,50.3,7,54.365105,4.065104675292972,False
Primeiro de Maio,PR,Sul,0.6022065,56.15,8,60.220654,4.070653533935548,False
Porto Franco,MA,Nordeste,0.65795714,61.72,28,65.795715,4.075715332031251,False
Quatá,SP,Sudeste,0.7256039,68.48,7,72.56039,4.08038665771484,False
Buri,SP,Sudeste,0.58071977,53.99,18,58.071976,4.0819757080078105,False
Alto Alegre,SP,Sudeste,0.6709577,63.01,2,67.09577,4.085771789550783,False
Paranaiguara,GO,Centro-Oeste,0.84086555,80.0,15,84.086555,4.086555480957031,False
Vargem Alta,ES,Sudeste,0.7644806,72.36,23,76.44806,4.088059082031251,False
Cruzeiro,SP,Sudeste,0.49770597,45.68,19,49.770596,4.09059555053711,False
Professor Jamil,GO,Centro-Oeste,0.8409273,80.0,3,84.09273,4.0927276611328125,False
São Domingos do Maranhão,MA,Nordeste,0.51978385,47.88,31,51.978386,4.098385925292966,False
Iturama,MG,Sudeste,0.6395165,59.85,44,63.95165,4.101648712158202,False
Vila Bela da Santíssima Trindade,MT,Centro-Oeste,0.5627614,52.17,25,56.276142,4.106142120361326,False
Bueno Brandão,MG,Sudeste,0.699082,65.8,7,69.9082,4.108203125000003,False
Queimados,RJ,Sudeste,0.48672318,44.56,126,48.672318,4.11231750488281,False
Araçatuba,SP,Sudeste,0.72213554,68.1,64,72.213554,4.113554382324224,False
Nova Crixás,GO,Centro-Oeste,0.71043473,66.92,19,71.04347,4.123472290039061,False
São Miguel do Iguaçu,PR,Sul,0.7869408,74.57,38,78.694084,4.124084167480476,False
São Pedro do Paraná,PR,Sul,0.7733383,73.2,2,77.33383,4.133831787109372,False
Gravatal,SC,Sul,0.612984,57.16,13,61.2984,4.138400878906253,False
Igarapé-Açu,PA,Norte,0.438405,39.7,33,43.8405,4.140499877929685,False
São José do Belmonte,PE,Nordeste,0.562624,52.12,49,56.262398,4.142397766113284,False
Caucaia,CE,Nordeste,0.73302525,69.14,399,73.30253,4.162528381347656,False
Tremembé,SP,Sudeste,0.5293349,48.77,20,52.93349,4.163490753173825,False
Sud Mennucci,SP,Sudeste,0.6060477,56.44,5,60.60477,4.164770660400393,False
São Sebastião do Tocantins,TO,Norte,0.37934944,33.77,4,37.934944,4.164944152832028,False
Calçoene,AP,Norte,0.45978367,41.81,15,45.978367,4.168366851806638,False
Nantes,SP,Sudeste,0.6687768,62.7,5,66.87768,4.177677917480466,False
Mira Estrela,SP,Sudeste,0.6820938,64.03,3,68.20938,4.179381103515624,False
Santana,AP,Norte,0.5201301,47.82,193,52.01301,4.193008117675781,False
Itaquitinga,PE,Nordeste,0.5768157,53.48,13,57.681572,4.201571960449222,False
Nova Campina,SP,Sudeste,0.5494994,50.74,4,54.94994,4.209939727783201,False
São Domingos do Capim,PA,Norte,0.42083922,37.87,22,42.083923,4.213923339843753,False
Atilio Vivacqua,ES,Sudeste,0.79619634,75.4,7,79.61964,4.219636535644526,False
Pedra,PE,Nordeste,0.56633776,52.40999999999999,20,56.633778,4.223777618408214,False
Passos,MG,Sudeste,0.720556,67.82,82,72.0556,4.235603027343757,False
Martinópolis,SP,Sudeste,0.617288,57.489999999999995,9,61.728798,4.238797912597661,False
Igaratinga,MG,Sudeste,0.7492263,70.67,12,74.92263,4.252630310058592,False
Taquari,RS,Sul,0.5885278,54.6,27,58.85278,4.252779388427733,False
Tuiuti,SP,Sudeste,0.72296107,68.04,9,72.296104,4.2561044311523375,False
Pereiras,SP,Sudeste,0.603748,56.10999999999999,6,60.3748,4.264801635742195,False
Marzagão,GO,Centro-Oeste,0.8426574,80.0,3,84.26574,4.265739440917969,False
Vigia,PA,Norte,0.41136843,36.87,34,41.136845,4.266844635009768,False
Ponte Nova,MG,Sudeste,0.61439365,57.17,41,61.439365,4.269365386962889,False
Capitão Gervásio Oliveira,PI,Nordeste,0.7196968,67.7,3,71.96968,4.26968078613281,False
Alfredo Chaves,ES,Sudeste,0.7962003,75.35,10,79.620026,4.270025634765631,False
Cajazeiras do Piauí,PI,Nordeste,0.8428458,80.0,2,84.28458,4.284576416015625,False
Nerópolis,GO,Centro-Oeste,0.7428629,70.0,35,74.286285,4.286285400390625,False
Goianinha,RN,Nordeste,0.3401927,29.729999999999997,46,34.01927,4.289271850585941,False
Hidrolina,GO,Centro-Oeste,0.74443936,70.15,3,74.44394,4.293939208984369,False
Cláudio,MG,Sudeste,0.6847938,64.18,38,68.47938,4.299377746582024,False
Ponte Serrada,SC,Sul,0.6184609,57.53,18,61.84609,4.316088409423827,False
Montes Claros,MG,Sudeste,0.6894377,64.62,371,68.94377,4.323771362304683,False
General Salgado,SP,Sudeste,0.6829557,63.96999999999999,7,68.29557,4.3255703735351645,False
Orizânia,MG,Sudeste,0.699163,65.59,7,69.916306,4.326305541992184,False
Riachão do Bacamarte,PB,Nordeste,0.54601395,50.27,4,54.601395,4.331394653320309,False
Ourinhos,SP,Sudeste,0.59593207,55.25,50,59.59321,4.343208312988281,False
Buriti dos Lopes,PI,Nordeste,0.51949,47.6,35,51.949,4.349001312255858,False
Hidrolândia,GO,Centro-Oeste,0.7509607,70.74,44,75.09607,4.356069335937505,False
São Patrício,GO,Centro-Oeste,0.84366447,80.0,3,84.36645,4.366447448730469,False
Cachoeira Dourada,GO,Centro-Oeste,0.7805448,73.68,6,78.05448,4.374481506347649,False
Olhos-d'Água,MG,Sudeste,0.7449808,70.12,6,74.49808,4.3780773925781205,False
Jacutinga,MG,Sudeste,0.6756536,63.18,17,67.56536,4.385361022949219,False
Valentim Gentil,SP,Sudeste,0.73578924,69.19,6,73.578926,4.3889260864257835,False
Vista Serrana,PB,Nordeste,0.5426071,49.87,2,54.26071,4.390711669921878,False
Belo Horizonte,MG,Sudeste,0.6573917,61.33,1702,65.739174,4.409173889160158,False
Pains,MG,Sudeste,0.7395175,69.54,9,73.95175,4.411751708984369,False
São Roque do Canaã,ES,Sudeste,0.7981434,75.39,16,79.81434,4.424338684082031,False
Pequi,MG,Sudeste,0.7119732,66.77,7,71.19732,4.427319030761723,False
São Luís de Montes Belos,GO,Centro-Oeste,0.73132604,68.7,33,73.13261,4.432606506347653,False
Tambaú,SP,Sudeste,0.57465076,53.01,7,57.465076,4.455076446533205,False
Monte Castelo,SP,Sudeste,0.7311957,68.66,1,73.11957,4.459567871093753,False
Caldas Novas,GO,Centro-Oeste,0.6682521,62.34,121,66.82521,4.485210571289059,False
Americano do Brasil,GO,Centro-Oeste,0.7967613,75.18,8,79.676125,4.496124572753899,False
Igaci,AL,Nordeste,0.41347018,36.85,15,41.34702,4.497019195556639,False
Tacaimbó,PE,Nordeste,0.5595222,51.45,10,55.95222,4.502220916748044,False
Cajueiro,AL,Nordeste,0.38452348,33.95,21,38.452347,4.50234680175781,False
Umburanas,BA,Nordeste,0.3296674,28.46,12,32.96674,4.506739654541015,False
Nazaré do Piauí,PI,Nordeste,0.5682304,52.31,9,56.82304,4.51304000854492,False
Casa Branca,SP,Sudeste,0.55147755,50.63,10,55.147755,4.517754669189451,False
Nova Olímpia,MT,Centro-Oeste,0.6008397,55.56,23,60.08397,4.523969116210935,False
Jeceaba,MG,Sudeste,0.74105376,69.58,3,74.10538,4.525377197265627,False
Elísio Medrado,BA,Nordeste,0.41587564,37.06,4,41.587563,4.527562561035154,False
Várzea da Palma,MG,Sudeste,0.692702,64.73,26,69.2702,4.540202636718746,False
Garça,SP,Sudeste,0.6109141,56.55,18,61.09141,4.541411590576175,False
Macau,RN,Nordeste,0.3900305,34.46,15,39.00305,4.543051757812499,False
Cachoeira de Minas,MG,Sudeste,0.69254744,64.71,16,69.254745,4.544745483398444,False
Caetés,PE,Nordeste,0.55866086,51.32,49,55.866085,4.546085052490234,False
Campos Belos,GO,Centro-Oeste,0.7217518,67.62,16,72.17518,4.555178527832027,False
Vila Rica,MT,Centro-Oeste,0.57705075,53.14,27,57.705074,4.565074310302734,False
Nova Lacerda,MT,Centro-Oeste,0.63874143,59.29,9,63.87414,4.584141693115235,False
Balneário Rincão,SC,Sul,0.59807307,55.22,23,59.80731,4.5873081970214855,False
Mateus Leme,MG,Sudeste,0.65222305,60.63,41,65.222305,4.59230529785156,False
Guapó,GO,Centro-Oeste,0.71377414,66.78,24,71.37741,4.597410888671874,False
Mauriti,CE,Nordeste,0.8460252,80.0,59,84.60252,4.6025238037109375,False
Lambari,MG,Sudeste,0.7265597,68.05,15,72.65597,4.605967712402347,False
São Vicente Ferrer,PE,Nordeste,0.5836651,53.76,16,58.36651,4.606508483886721,False
Ibirité,MG,Sudeste,0.6090086,56.29,176,60.90086,4.610859832763673,False
Guarulhos,SP,Sudeste,0.50367874,45.75,665,50.367874,4.6178741455078125,False
Luís Antônio,SP,Sudeste,0.5224078,47.62,4,52.240784,4.620783691406253,False
Pedras de Fogo,PB,Nordeste,0.48477113,43.85,38,48.47711,4.627111816406249,False
Machacalis,MG,Sudeste,0.69626236,64.98,8,69.626236,4.6462359619140585,False
Joaquim Gomes,AL,Nordeste,0.44998148,40.35,28,44.99815,4.6481498718261705,False
Socorro,SP,Sudeste,0.60280466,55.63,9,60.280464,4.650464172363279,False
Lebon Régis,SC,Sul,0.5170294,47.04,22,51.70294,4.662941894531251,False
Tocantins,MG,Sudeste,0.6662378,61.96,17,66.62378,4.663779296874999,False
Jambeiro,SP,Sudeste,0.6703178,62.36,2,67.031784,4.671784057617188,False
Flexeiras,AL,Nordeste,0.46176377,41.5,19,46.176376,4.6763763427734375,False
Caparaó,MG,Sudeste,0.6811721,63.44,5,68.11721,4.677210388183596,False
Lobato,PR,Sul,0.6953888,64.86,6,69.53888,4.678879394531251,False
Goiás,GO,Centro-Oeste,0.74176073,69.49,17,74.17607,4.686071166992193,False
Pouso Alegre,MG,Sudeste,0.6710612,62.41,133,67.106125,4.696124877929691,False
São José da Bela Vista,SP,Sudeste,0.5761135,52.90999999999999,5,57.61135,4.701351013183604,False
Mairipotaba,GO,Centro-Oeste,0.8470396,80.0,5,84.70396,4.703956604003906,False
Maragogi,AL,Nordeste,0.44064885,39.36,35,44.064884,4.704884185791016,False
Colíder,MT,Centro-Oeste,0.590115,54.3,50,59.0115,4.711501312255862,False
Cambará,PR,Sul,0.70127666,65.41,21,70.12766,4.71766265869141,False
Monsenhor Paulo,MG,Sudeste,0.70258445,65.54,12,70.258446,4.7184457397460875,False
Belmonte,SC,Sul,0.78738564,74.01,4,78.73856,4.728563537597651,False
Santa Bárbara,BA,Nordeste,0.32879052,28.149999999999995,9,32.87905,4.729051208496099,False
Murici,AL,Nordeste,0.62330693,57.6,27,62.330692,4.730692291259764,False
Senhor do Bonfim,BA,Nordeste,0.3174469,27.009999999999998,43,31.744688,4.734688034057619,False
Laranja da Terra,ES,Sudeste,0.8473643,80.0,8,84.73643,4.736427307128906,False
Chapadão do Sul,MS,Centro-Oeste,0.53920215,49.18,50,53.920216,4.740215606689453,False
Itaguaçu,ES,Sudeste,0.7962196,74.88,16,79.621956,4.741955871582036,False
Godoy Moreira,PR,Sul,0.84742665,80.0,1,84.74267,4.742668151855469,False
Guaíra,PR,Sul,0.7074136,65.99,46,70.74136,4.75136352539063,False
Barra do Jacaré,PR,Sul,0.7051752,65.76,6,70.517525,4.757524719238276,False
Água Branca,PB,Nordeste,0.5767128,52.91,10,57.67128,4.761279907226566,False
Mineiros do Tietê,SP,Sudeste,0.56071943,51.31,14,56.07194,4.76194137573242,False
Artur Nogueira,SP,Sudeste,0.59792924,55.03,24,59.792923,4.762922973632811,False
Guaraçaí,SP,Sudeste,0.6336353,58.6,2,63.36353,4.763529205322264,False
Matias Barbosa,MG,Sudeste,0.6711447,62.349999999999994,15,67.11447,4.764471435546881,False
Presidente Vargas,MA,Nordeste,0.5478573,50.02,8,54.78573,4.765728454589841,False
Bom Jardim,RJ,Sudeste,0.6006759,55.3,19,60.06759,4.767588806152347,False
Presidente Dutra,BA,Nordeste,0.33205637,28.43,8,33.20564,4.775638885498047,False
Manoel Ribas,PR,Sul,0.7446865,69.69,14,74.46865,4.778650817871096,False
Senador Canedo,GO,Centro-Oeste,0.58465064,53.68,176,58.465065,4.7850650024414065,False
Nova Europa,SP,Sudeste,0.6025553,55.45000000000001,3,60.255527,4.805527496337881,False
Maracanaú,CE,Nordeste,0.8481376,80.0,299,84.81376,4.813758850097656,False
Alvarães,AM,Norte,0.51004994,46.19,24,51.004993,4.814993438720705,False
Baixo Guandu,ES,Sudeste,0.7543897,70.62,20,75.43897,4.818972473144527,False
Turvânia,GO,Centro-Oeste,0.78565204,73.74,5,78.5652,4.825200805664068,False
Aroeiras do Itaim,PI,Nordeste,0.6257742,57.75,3,62.57742,4.827419281005859,False
Lupionópolis,PR,Sul,0.84831434,80.0,2,84.831436,4.8314361572265625,False
Açailândia,MA,Nordeste,0.507352,45.9,126,50.7352,4.835198974609376,False
Afonso Cláudio,ES,Sudeste,0.8483892,80.0,35,84.83892,4.838920593261719,False
Mirassolândia,SP,Sudeste,0.6750067,62.66,2,67.50067,4.840671386718753,False
Brunópolis,SC,Sul,0.736803,68.83,4,73.6803,4.850297851562502,False
Nova Iguaçu de Goiás,GO,Centro-Oeste,0.8485601,80.0,4,84.85601,4.856010437011719,False
Baía Formosa,RN,Nordeste,0.38080224,33.22,8,38.080223,4.860223083496095,False
Herval d'Oeste,SC,Sul,0.6251183,57.65,25,62.511833,4.86183319091797,False
Desterro do Melo,MG,Sudeste,0.74945784,70.08,1,74.945786,4.865785522460939,False
Três Barras,SC,Sul,0.59640056,54.77,21,59.640057,4.870056610107419,False
Maria da Fé,MG,Sudeste,0.6900221,64.13,10,69.00221,4.872212524414067,False
Guaiçara,SP,Sudeste,0.6035983,55.48,7,60.35983,4.8798289489746125,False
Carnaubais,RN,Nordeste,0.39461923,34.58,9,39.46192,4.881921691894533,False
Francisco Alves,PR,Sul,0.75418377,70.52,4,75.41838,4.8983807373046915,False
Coroaci,MG,Sudeste,0.65076643,60.17,4,65.076645,4.906644897460936,False
Anhembi,SP,Sudeste,0.49904194,44.99,3,49.904194,4.914193878173826,False
Pilões,PB,Nordeste,0.527415,47.82,6,52.741497,4.921497039794922,False
Jardim,CE,Nordeste,0.83112854,78.19,34,83.112854,4.922854003906252,False
Palmeiras de Goiás,GO,Centro-Oeste,0.74835056,69.91,24,74.83505,4.925052490234378,False
Bodocó,PE,Nordeste,0.55781233,50.85,28,55.781235,4.931234741210936,False
Frei Paulo,SE,Nordeste,0.31205535,26.27,11,31.205536,4.935535888671875,False
Itapagipe,MG,Sudeste,0.71447086,66.51,6,71.44708,4.937082519531245,False
Pilar,AL,Nordeste,0.49048647,44.11,59,49.04865,4.938648834228516,False
Rosário do Ivaí,PR,Sul,0.76029927,71.09,4,76.02993,4.93993011474609,False
Sítio Novo,MA,Nordeste,0.5332013,48.38,26,53.32013,4.940129394531247,False
Ipiranga do Norte,MT,Centro-Oeste,0.69773906,64.83,14,69.7739,4.943902893066408,False
Denise,MT,Centro-Oeste,0.6675932,61.8,7,66.759315,4.959315490722659,False
Barra de Santo Antônio,AL,Nordeste,0.42599016,37.63,19,42.59902,4.969018096923826,False
Santa Maria de Jetibá,ES,Sudeste,0.84979224,80.0,53,84.979225,4.979225158691406,False
Paulínia,SP,Sudeste,0.5863215,53.65,45,58.63215,4.982148742675783,False
Flores de Goiás,GO,Centro-Oeste,0.7388468,68.9,16,73.884674,4.984674072265619,False
Itaóca,SP,Sudeste,0.69016963,64.03,3,69.01696,4.986960144042968,False
Botelhos,MG,Sudeste,0.7285138,67.86,11,72.85138,4.991379394531251,False
Barra de São Miguel,AL,Nordeste,0.43785036,38.79,12,43.785034,4.995034179687501,False
Água Fria,BA,Nordeste,0.33139127,28.14,4,33.139126,4.999125823974609,False
Santo Antônio da Barra,GO,Centro-Oeste,0.8500401,80.0,5,85.004005,5.004005432128906,False
Bataguassu,MS,Centro-Oeste,0.49185535,44.18,29,49.185535,5.005535430908203,False
Itaguaru,GO,Centro-Oeste,0.8501321,80.0,4,85.013214,5.013214111328125,False
Gracho Cardoso,SE,Nordeste,0.3211536,27.09,6,32.11536,5.025360260009766,False
Caetanos,BA,Nordeste,0.37133038,32.08,4,37.133038,5.053037567138674,False
Poço das Trincheiras,AL,Nordeste,0.45327255,40.27,22,45.327255,5.057255249023434,False
São João do Rio do Peixe,PB,Nordeste,0.5317127,48.10999999999999,12,53.171272,5.061272277832039,False
Ibaté,SP,Sudeste,0.6237218,57.309999999999995,13,62.372177,5.062177124023442,False
Barbacena,MG,Sudeste,0.67785734,62.71000000000001,85,67.785736,5.075736083984367,False
Tacuru,MS,Centro-Oeste,0.6142013,56.3,22,61.42013,5.120131683349612,False
Piumhi,MG,Sudeste,0.6616116,61.040000000000006,27,66.16116,5.121163330078119,False
Monteirópolis,AL,Nordeste,0.47146323,42.02,14,47.146324,5.126324157714841,False
Itapipoca,CE,Nordeste,0.85135055,80.0,156,85.135056,5.1350555419921875,False
Coqueiro Seco,AL,Nordeste,0.4647585,41.33,7,46.47585,5.14584915161133,False
Nova Era,MG,Sudeste,0.687382,63.58,15,68.7382,5.158197326660158,False
Sapé,PB,Nordeste,0.45911467,40.74,41,45.91147,5.171468505859373,False
Arabutã,SC,Sul,0.84662414,79.48,3,84.662415,5.182414550781246,False
Capitão Enéas,MG,Sudeste,0.7005815,64.86,11,70.05815,5.198151245117188,False
Jardim do Seridó,RN,Nordeste,0.39148167,33.95,9,39.148167,5.198166656494138,False
Cabreúva,SP,Sudeste,0.59391814,54.18,25,59.391815,5.211815185546875,False
São José do Xingu,MT,Centro-Oeste,0.61255246,56.04,12,61.255245,5.215245208740235,False
Cafarnaum,BA,Nordeste,0.34011662,28.790000000000003,11,34.01166,5.221661529541013,False
Ervália,MG,Sudeste,0.639334,58.71,13,63.933403,5.223403015136718,False
Eugenópolis,MG,Sudeste,0.6563006,60.4,7,65.63006,5.23005828857422,False
Mercedes,PR,Sul,0.8523468,80.0,1,85.23468,5.23468017578125,False
Bastos,SP,Sudeste,0.6176642,56.53,9,61.766422,5.2364222717285145,False
Carapicuíba,SP,Sudeste,0.5607267,50.83,172,56.07267,5.242669982910158,False
Tamandaré,PE,Nordeste,0.5580609,50.56,23,55.806087,5.246087493896482,False
Conceição das Alagoas,MG,Sudeste,0.6471209,59.46,25,64.71209,5.252089538574218,False
Pequizeiro,TO,Norte,0.47222176,41.97,7,47.222176,5.252175598144532,False
Murutinga do Sul,SP,Sudeste,0.6658745,61.33,1,66.58745,5.257448120117189,False
Simolândia,GO,Centro-Oeste,0.85258144,80.0,8,85.25814,5.258140563964844,False
Figueirão,MS,Centro-Oeste,0.6738701,62.12,5,67.38701,5.26700866699219,False
Batalha,AL,Nordeste,0.45342055,40.06,11,45.342056,5.28205627441406,False
Itumirim,MG,Sudeste,0.679486,62.66,6,67.9486,5.288600769042972,False
Salto de Pirapora,SP,Sudeste,0.55188936,49.9,24,55.188934,5.288934326171876,False
Espírito Santo do Dourado,MG,Sudeste,0.7397404,68.68,11,73.97404,5.294037170410149,False
São Sebastião do Oeste,MG,Sudeste,0.7814345,72.84,6,78.14345,5.303447875976559,False
Dores do Indaiá,MG,Sudeste,0.7341224,68.1,15,73.41224,5.312239074707037,False
Pedro Leopoldo,MG,Sudeste,0.67817307,62.5,54,67.81731,5.3173065185546875,False
Regeneração,PI,Nordeste,0.52385396,47.06,19,52.385395,5.325395050048826,False
Pires do Rio,GO,Centro-Oeste,0.7472633,69.4,26,74.72633,5.326333618164057,False
Santa Teresinha,PB,Nordeste,0.5198008,46.65,4,51.98008,5.330079650878908,False
Mamonas,MG,Sudeste,0.51717436,46.38,9,51.717438,5.337437744140622,False
União dos Palmares,AL,Nordeste,0.8534431,80.0,62,85.34431,5.344306945800781,False
Ibiaí,MG,Sudeste,0.6612478,60.779999999999994,11,66.12478,5.3447787475586,False
Caldazinha,GO,Centro-Oeste,0.78617495,73.27,7,78.61749,5.347492675781254,False
Cunha,SP,Sudeste,0.60231805,54.88,11,60.231804,5.351803894042966,False
Senador José Porfírio,PA,Norte,0.45476824,40.12,31,45.476826,5.356825714111331,False
Barra dos Coqueiros,SE,Nordeste,0.34682804,29.32,30,34.682804,5.362804107666015,False
Barro Alto,BA,Nordeste,0.36879012,31.51,12,36.879013,5.369013061523436,False
Baía da Traição,PB,Nordeste,0.3427901,28.899999999999995,16,34.27901,5.379010772705083,False
Miranda do Norte,MA,Nordeste,0.6465476,59.269999999999996,27,64.65476,5.38476226806641,False
Miracatu,SP,Sudeste,0.5477603,49.39,8,54.77603,5.386031494140624,False
Miguel Alves,PI,Nordeste,0.5080134,45.41,28,50.801342,5.39134201049805,False
São Caetano de Odivelas,PA,Norte,0.45651996,40.26,13,45.651997,5.39199661254883,False
Bodoquena,MS,Centro-Oeste,0.5572876,50.32,17,55.728756,5.408755950927734,False
Terra Nova,BA,Nordeste,0.358811,30.46,7,35.8811,5.4210997009277335,False
Porteirinha,MG,Sudeste,0.71662855,66.24,34,71.66286,5.422857055664068,False
Campo Redondo,RN,Nordeste,0.36686736,31.26,4,36.686737,5.426737060546873,False
Aurora do Pará,PA,Norte,0.4624031,40.81,19,46.24031,5.43031066894531,False
Ortigueira,PR,Sul,0.7093263,65.49,28,70.93263,5.442632446289068,False
João Câmara,RN,Nordeste,0.35188112,29.74,22,35.18811,5.448110351562502,False
Rio Branco do Ivaí,PR,Sul,0.768426,71.38,5,76.8426,5.462597961425786,False
Santa Isabel,GO,Centro-Oeste,0.8502464,79.56,3,85.02464,5.464642944335935,False
Santa Maria do Suaçuí,MG,Sudeste,0.7009198,64.62,12,70.09198,5.4719799804687455,False
Itaju,SP,Sudeste,0.63656414,58.17,4,63.656414,5.48641403198242,False
Formoso,MG,Sudeste,0.69696933,64.21,18,69.69693,5.486929931640631,False
Ribeirão Branco,SP,Sudeste,0.6305521,57.56,10,63.05521,5.495210113525388,False
Novo Horizonte,BA,Nordeste,0.692861,63.79,10,69.2861,5.496102294921876,False
Pinheiro Preto,SC,Sul,0.6820671,62.71,6,68.20671,5.496710815429687,False
Riachinho,MG,Sudeste,0.7674162,71.24,8,76.741615,5.501615295410161,False
Campinaçu,GO,Centro-Oeste,0.77475214,71.97,3,77.47521,5.50521209716797,False
Guimarânia,MG,Sudeste,0.69311905,63.8,7,69.311905,5.511904907226565,False
São João del Rei,MG,Sudeste,0.65186113,59.67,74,65.18611,5.516111450195311,False
Alvorada do Sul,PR,Sul,0.7661199,71.09,8,76.61199,5.521991882324215,False
Itabirinha,MG,Sudeste,0.72800964,67.27,9,72.800964,5.530964355468754,False
Nazaré Paulista,SP,Sudeste,0.5776284,52.23,6,57.762836,5.532836456298831,False
Maripá de Minas,MG,Sudeste,0.73373413,67.84,5,73.37341,5.533413085937497,False
Santo André,PB,Nordeste,0.56294876,50.76,3,56.294876,5.5348760986328145,False
Senador Modestino Gonçalves,MG,Sudeste,0.8164766,76.11,3,81.64766,5.537659301757813,False
Santa Bárbara do Monte Verde,MG,Sudeste,0.62166035,56.62,1,62.166035,5.546034698486331,False
Caraúbas,RN,Nordeste,0.3800039,32.45,18,38.00039,5.550389099121091,False
Tietê,SP,Sudeste,0.5909504,53.53000000000001,7,59.095043,5.565043182373039,False
Mandaguaçu,PR,Sul,0.69015324,63.440000000000005,39,69.01533,5.575327453613276,False
Remanso,BA,Nordeste,0.37898505,32.32,29,37.898506,5.578506164550781,False
Bela Vista de Goiás,GO,Centro-Oeste,0.69903034,64.32,29,69.90303,5.583030395507819,False
Gastão Vidigal,SP,Sudeste,0.63172215,57.58,1,63.172215,5.592214508056642,False
Pedra Azul,MG,Sudeste,0.66431856,60.830000000000005,19,66.431854,5.60185424804687,False
Batayporã,MS,Centro-Oeste,0.56870973,51.26,20,56.87097,5.610971679687502,False
Rosário da Limeira,MG,Sudeste,0.6553931,59.92,5,65.539314,5.6193142700195295,False
Bofete,SP,Sudeste,0.569405,51.32,3,56.940502,5.620502166748047,False
João Costa,PI,Nordeste,0.6145074,55.82,3,61.450737,5.6307369995117185,False
Serra do Navio,AP,Norte,0.45480987,39.84,9,45.480988,5.640987548828122,False
Mazagão,AP,Norte,0.42147037,36.5,34,42.147038,5.647037506103516,False
Bonito de Santa Fé,PB,Nordeste,0.526889,47.04,7,52.688904,5.648903808593751,False
Oriente,SP,Sudeste,0.6856336,62.91,3,68.56336,5.653362121582035,False
Algodão de Jandaíra,PB,Nordeste,0.55716383,50.06,5,55.716385,5.65638488769531,False
Extrema,MG,Sudeste,0.6703924,61.38000000000001,76,67.03924,5.659237976074209,False
Mundo Novo,GO,Centro-Oeste,0.85660565,80.0,10,85.66057,5.6605682373046875,False
Salmourão,SP,Sudeste,0.6658365,60.91,2,66.58365,5.673648681640628,False
Natividade da Serra,SP,Sudeste,0.52225894,46.55,4,52.225895,5.6758949279785185,False
Trindade,GO,Centro-Oeste,0.7425182,68.56,162,74.251816,5.691815795898435,False
Mulungu do Morro,BA,Nordeste,0.3535995,29.66,11,35.359947,5.699947204589844,False
Jaqueira,PE,Nordeste,0.6706153,61.36,10,67.06153,5.701531066894532,False
Cipó,BA,Nordeste,0.40774342,35.07,17,40.77434,5.704341583251953,False
Paulicéia,SP,Sudeste,0.750093,69.3,9,75.0093,5.709300231933597,False
Jucurutu,RN,Nordeste,0.40455917,34.74,13,40.455917,5.7159173583984355,False
Mirabela,MG,Sudeste,0.6818092,62.46,9,68.180916,5.72091583251953,False
Damião,PB,Nordeste,0.4997474,44.24,6,49.97474,5.734739074707029,False
Fênix,PR,Sul,0.73314774,67.58,2,73.31477,5.734773559570314,False
Poxoréo,MT,Centro-Oeste,0.5820836,52.470000000000006,17,58.20836,5.7383587646484315,False
Muritiba,BA,Nordeste,0.36292577,30.55,21,36.292576,5.74257583618164,False
Nova Brasilândia,MT,Centro-Oeste,0.6543477,59.69,5,65.43477,5.744768676757815,False
Inaciolândia,GO,Centro-Oeste,0.8251648,76.77,6,82.51648,5.746479492187504,False
Pratápolis,MG,Sudeste,0.7120895,65.46,10,71.20895,5.74894622802735,False
São Caitano,PE,Nordeste,0.56489307,50.74,29,56.489307,5.749307403564451,False
Barros Cassal,RS,Sul,0.61572677,55.82,9,61.572678,5.752677612304687,False
Panamá,GO,Centro-Oeste,0.8179487,76.04,4,81.79487,5.754868469238275,False
Riachinho,TO,Norte,0.34221688,28.46,3,34.221687,5.76168731689453,False
Feliz Deserto,AL,Nordeste,0.49844882,44.08,4,49.844883,5.764882965087892,False
Lavrinhas,SP,Sudeste,0.6294815,57.18,4,62.94815,5.768150634765625,False
Ipiguá,SP,Sudeste,0.5899851,53.23,7,58.99851,5.768508453369144,False
Saloá,PE,Nordeste,0.6749118,61.72,22,67.49118,5.771180419921876,False
Campo Grande,RN,Nordeste,0.48567235,42.79,16,48.567234,5.7772340393066415,False
Ibitirama,ES,Sudeste,0.8063549,74.85,21,80.63549,5.785490417480474,False
Almeirim,PA,Norte,0.43530604,37.74,48,43.530605,5.790605316162107,False
Serra Negra do Norte,RN,Nordeste,0.3885766,33.05,9,38.85766,5.807658386230472,False
Cassilândia,MS,Centro-Oeste,0.50041133,44.23,16,50.041134,5.8111338806152375,False
São João do Piauí,PI,Nordeste,0.55907196,50.09,18,55.907196,5.817196044921872,False
Araruna,PB,Nordeste,0.47754118,41.93,15,47.754116,5.82411605834961,False
Vinhedo,SP,Sudeste,0.6194831,56.12,33,61.94831,5.828310852050784,False
Campo Novo do Parecis,MT,Centro-Oeste,0.709911,65.16,99,70.9911,5.831096496582035,False
Varjão de Minas,MG,Sudeste,0.66840273,61.0,16,66.84027,5.84027099609375,False
Propriá,SE,Nordeste,0.32554123,26.71,16,32.554123,5.844122924804687,False
Três Pontas,MG,Sudeste,0.7011458,64.27,39,70.114586,5.844585876464848,False
Água Azul do Norte,PA,Norte,0.40793678,34.94,26,40.79368,5.8536782836914085,False
Monte Alegre do Sul,SP,Sudeste,0.6511429,59.25,3,65.11429,5.864288330078125,False
Candeias do Jamari,RO,Norte,0.59928197,54.05,31,59.928196,5.8781959533691435,False
Jataizinho,PR,Sul,0.7119257,65.3,17,71.192566,5.892565917968753,False
Bandeira,MG,Sudeste,0.7146559,65.57,6,71.46559,5.895591430664069,False
Frutal,MG,Sudeste,0.6415564,58.24,63,64.15564,5.915639648437498,False
Cacequi,RS,Sul,0.6151671,55.58,7,61.51671,5.936708374023439,False
Bom Sucesso de Itararé,SP,Sudeste,0.6619708,60.25,1,66.19708,5.94708251953125,False
Andradas,MG,Sudeste,0.66178966,60.21999999999999,32,66.17896,5.9589627075195395,False
Ilha Grande,PI,Nordeste,0.52128977,46.17,13,52.128975,5.9589749145507795,False
Santana do Deserto,MG,Sudeste,0.6789151,61.92,4,67.89151,5.971510009765623,False
São Brás do Suaçuí,MG,Sudeste,0.76220423,70.24,3,76.22042,5.980420837402349,False
Alagoa Grande,PB,Nordeste,0.4430532,38.31,35,44.305317,5.995316925048826,False
Vespasiano,MG,Sudeste,0.64370745,58.36999999999999,130,64.37074,6.000742797851572,False
Caldas,MG,Sudeste,0.6210081,56.1,12,62.10081,6.0008110046386705,False
Olho d'Água do Casado,AL,Nordeste,0.47059715,41.05,12,47.059715,6.009715270996097,False
Douradina,PR,Sul,0.6120059,55.19,9,61.20059,6.010588226318362,False
Mombuca,SP,Sudeste,0.65862954,59.84,2,65.86295,6.022953186035153,False
Lunardelli,PR,Sul,0.67226356,61.20000000000001,7,67.22636,6.026356506347646,False
São José do Rio Pardo,SP,Sudeste,0.5902082,52.98,12,59.020817,6.040816802978519,False
Guaxupé,MG,Sudeste,0.6389703,57.85,48,63.89703,6.047029876708983,False
Itaguaçu da Bahia,BA,Nordeste,0.34075576,28.02,13,34.075577,6.055576782226563,False
Pratânia,SP,Sudeste,0.6609374,60.03,2,66.09374,6.063742370605468,False
Catanduva,SP,Sudeste,0.6469766,58.62,38,64.69766,6.077662353515628,False
Canavieira,PI,Nordeste,0.61611736,55.53,5,61.611736,6.081736297607421,False
Marliéria,MG,Sudeste,0.70862037,64.77,4,70.86204,6.09203765869141,False
Ouro Preto,MG,Sudeste,0.65642786,59.54999999999999,61,65.642784,6.092784118652354,False
Ecoporanga,ES,Sudeste,0.7704063,70.94,22,77.040634,6.10063415527344,False
Buriticupu,MA,Nordeste,0.5168779,45.58,70,51.68779,6.107789916992189,False
Buritis,RO,Norte,0.608961,54.78,41,60.8961,6.116099090576171,False
Carmolândia,TO,Norte,0.38461196,32.34,4,38.461197,6.121196899414059,False
Biritinga,BA,Nordeste,0.3553486,29.4,8,35.53486,6.134858703613283,False
Votuporanga,SP,Sudeste,0.60818726,54.68,48,60.818726,6.1387255859375,False
São Carlos,SP,Sudeste,0.6241253,56.26,103,62.41253,6.152528991699221,False
Monte Sião,MG,Sudeste,0.64414614,58.25,17,64.41461,6.16461181640625,False
Cravinhos,SP,Sudeste,0.54119974,47.95,20,54.119976,6.169976043701169,False
Cacimbinhas,AL,Nordeste,0.43791044,37.62,19,43.791042,6.171042327880862,False
Cristina,MG,Sudeste,0.6601222,59.84,6,66.01222,6.172222290039059,False
Codajás,AM,Norte,0.5568445,49.49,26,55.68445,6.194448242187498,False
Chavantes,SP,Sudeste,0.50717276,44.52,8,50.717278,6.197277526855466,False
Sabino,SP,Sudeste,0.6484147,58.64,7,64.84147,6.201468811035156,False
Santa Tereza de Goiás,GO,Centro-Oeste,0.8620485,80.0,4,86.20485,6.2048492431640625,False
Campestre de Goiás,GO,Centro-Oeste,0.8564583,79.44,7,85.64583,6.205828247070315,False
Novo Triunfo,BA,Nordeste,0.35128435,28.92,6,35.128437,6.208437042236326,False
Caturaí,GO,Centro-Oeste,0.764729,70.26,4,76.4729,6.212900390624995,False
Buriti Alegre,GO,Centro-Oeste,0.7699618,70.78,14,76.99618,6.216177673339843,False
Itapetininga,SP,Sudeste,0.54398406,48.17,92,54.398407,6.228406982421873,False
Vargem Grande do Rio Pardo,MG,Sudeste,0.7091136,64.67,6,70.91136,6.241361694335936,False
Uchoa,SP,Sudeste,0.5671203,50.47,8,56.712032,6.2420323181152355,False
Carneirinho,MG,Sudeste,0.6304696,56.8,4,63.046963,6.246962738037112,False
Lontra,MG,Sudeste,0.72895926,66.64,7,72.89593,6.255927429199218,False
Contendas do Sincorá,BA,Nordeste,0.37477142,31.22,2,37.477142,6.257142333984376,False
Dourados,MS,Centro-Oeste,0.5291001,46.65,330,52.91001,6.260011291503908,False
Damianópolis,GO,Centro-Oeste,0.78319424,72.05,3,78.31943,6.269427490234378,False
Bela Vista do Maranhão,MA,Nordeste,0.6275659,56.480000000000004,24,62.75659,6.276591796874996,False
Pindaré-Mirim,MA,Nordeste,0.5337792,47.1,44,53.377922,6.277922058105467,False
Diamantina,MG,Sudeste,0.6921531,62.93,50,69.21531,6.2853091430664065,False
Jequeri,MG,Sudeste,0.67522424,61.20000000000001,13,67.52242,6.322422790527334,False
Olímpio Noronha,MG,Sudeste,0.7151468,65.19,4,71.51468,6.324678955078127,False
Piquerobi,SP,Sudeste,0.665214,60.19,3,66.5214,6.3314004516601585,False
Natércia,MG,Sudeste,0.78076136,71.74,4,78.07613,6.336133728027349,False
Ampére,PR,Sul,0.7421533,67.87,14,74.21533,6.3453320312499955,False
São João de Pirabas,PA,Norte,0.43285972,36.94,16,43.285973,6.345972595214846,False
Itamogi,MG,Sudeste,0.7060595,64.25,12,70.60595,6.355949401855469,False
Crixás,GO,Centro-Oeste,0.7526529,68.88,12,75.26529,6.3852893066406295,False
Pinhão,PR,Sul,0.71271795,64.88,40,71.2718,6.391797180175786,False
Dom Pedro,MA,Nordeste,0.53014725,46.62,22,53.014725,6.394724731445315,False
Bom Sucesso,MG,Sudeste,0.7573601,69.34,16,75.73601,6.396007690429684,False
Toledo,MG,Sudeste,0.7229324,65.89,12,72.29324,6.403243408203124,False
Chuí,RS,Sul,0.6134058,54.93,1,61.340584,6.4105838012695315,False
Antônio João,MS,Centro-Oeste,0.64796495,58.37,17,64.79649,6.42649353027344,False
São João do Araguaia,PA,Norte,0.4692229,40.49,16,46.92229,6.432290802001951,False
Suzano,SP,Sudeste,0.54539585,48.1,186,54.539585,6.439585113525389,False
Paraúna,GO,Centro-Oeste,0.7127115,64.83,9,71.27115,6.441148681640627,False
São José do Brejo do Cruz,PB,Nordeste,0.5271421,46.27,3,52.71421,6.444210510253903,False
Santa Maria de Itabira,MG,Sudeste,0.65304226,58.85,12,65.30422,6.454222106933592,False
Machado,MG,Sudeste,0.6971805,63.26,18,69.71805,6.458048095703127,False
Pedro Canário,ES,Sudeste,0.7744991,70.99,32,77.44991,6.459913024902349,False
Araçoiaba,PE,Nordeste,0.57741797,51.260000000000005,22,57.7418,6.481798400878901,False
Itaporanga d'Ajuda,SE,Nordeste,0.3801433,31.53,37,38.01433,6.484331817626952,False
Novo Santo Antônio,PI,Nordeste,0.6013444,53.65,2,60.13444,6.484441375732423,False
Elói Mendes,MG,Sudeste,0.6807354,61.57,21,68.07354,6.5035397338867185,False
Pedrinhas,SE,Nordeste,0.27913958,21.39,11,27.913958,6.523957595825195,False
Conceição do Tocantins,TO,Norte,0.41308367,34.78,6,41.30837,6.528368682861327,False
Buritis,MG,Sudeste,0.632863,56.75,33,63.286297,6.536296844482422,False
Gaúcha do Norte,MT,Centro-Oeste,0.5722677,50.68,7,57.226772,6.54677230834961,False
Presidente Kennedy,ES,Sudeste,0.767803,70.22,18,76.780304,6.560303955078126,False
Nossa Senhora de Lourdes,SE,Nordeste,0.32741013,26.18,7,32.741013,6.561012573242188,False
Conceição do Mato Dentro,MG,Sudeste,0.6882419,62.260000000000005,27,68.82419,6.56418823242187,False
Indiara,GO,Centro-Oeste,0.7580565,69.23,30,75.80565,6.5756488037109335,False
Curuçá,PA,Norte,0.44437236,37.86,35,44.437237,6.577236785888672,False
Cachoeira de Goiás,GO,Centro-Oeste,0.7403321,67.45,4,74.03321,6.583210754394528,False
Jucati,PE,Nordeste,0.5642237,49.83,20,56.42237,6.592370910644533,False
Massapê do Piauí,PI,Nordeste,0.5806084,51.46,4,58.060844,6.600844421386718,False
Campestre,AL,Nordeste,0.5396325,47.36,4,53.96325,6.603249206542969,False
Caracol,MS,Centro-Oeste,0.6111343,54.48,9,61.11343,6.6334300231933625,False
Cerqueira César,SP,Sudeste,0.56436497,49.78999999999999,11,56.436497,6.646496734619149,False
Machadinho D'Oeste,RO,Norte,0.62773466,56.12,42,62.773468,6.653468017578128,False
Laje do Muriaé,RJ,Sudeste,0.57475,50.82,6,57.475002,6.655002288818359,False
Fortaleza dos Nogueiras,MA,Nordeste,0.57410043,50.73,16,57.41004,6.680041809082034,False
Planalto da Serra,MT,Centro-Oeste,0.68855083,62.17,5,68.85508,6.6850796508789045,False
Piaçabuçu,AL,Nordeste,0.45428127,38.74,18,45.428127,6.688127288818357,False
Coronel João Pessoa,RN,Nordeste,0.3777768,31.08,2,37.77768,6.697679443359377,False
Alfenas,MG,Sudeste,0.69227916,62.519999999999996,54,69.22791,6.707912902832035,False
Araporã,MG,Sudeste,0.7227517,65.56,13,72.27517,6.7151693725585915,False
Jutaí,AM,Norte,0.49979147,43.26,36,49.97915,6.719148864746096,False
Mari,PB,Nordeste,0.5119309,44.47,24,51.19309,6.723088531494142,False
Marapanim,PA,Norte,0.42634133,35.89,18,42.634132,6.744132385253906,False
Cacimbas,PB,Nordeste,0.46242976,39.49,19,46.242977,6.752977142333982,False
Messias,AL,Nordeste,0.4462592,37.86,17,44.62592,6.765919342041016,False
Orocó,PE,Nordeste,0.58208823,51.44,12,58.208824,6.768824157714846,False
São João do Itaperiú,SC,Sul,0.65994346,59.22,5,65.99435,6.774346618652345,False
Goiabeira,MG,Sudeste,0.76509565,69.73,5,76.50957,6.7795672607421835,False
Ibiraçu,ES,Sudeste,0.7648196,69.69,9,76.481964,6.791964111328127,False
Argirita,MG,Sudeste,0.6605629,59.26,4,66.05629,6.7962896728515645,False
Santa Luzia do Norte,AL,Nordeste,0.4566194,38.86,16,45.66194,6.801941528320313,False
Getulina,SP,Sudeste,0.61342615,54.54,4,61.342613,6.802613220214845,False
Colina,SP,Sudeste,0.56413716,49.61,10,56.413715,6.803715362548829,False
Moreilândia,PE,Nordeste,0.5675352,49.94,9,56.75352,6.813520965576174,False
Fazenda Nova,GO,Centro-Oeste,0.86827004,80.0,4,86.827,6.827003479003906,False
Paraisópolis,MG,Sudeste,0.70784575,63.95,14,70.78458,6.834576416015622,False
Água Boa,MT,Centro-Oeste,0.6939549,62.56,48,69.395485,6.835484924316404,False
Flores do Piauí,PI,Nordeste,0.5907881,52.23,4,59.07881,6.848811645507816,False
Novo Horizonte do Sul,MS,Centro-Oeste,0.5954183,52.69,5,59.54183,6.85182815551758,False
Rio Quente,GO,Centro-Oeste,0.862224,79.37,7,86.2224,6.852396850585933,False
Sobrália,MG,Sudeste,0.75574386,68.72,5,75.57439,6.854386596679689,False
Nacip Raydan,MG,Sudeste,0.69081134,62.21,5,69.08113,6.871130981445312,False
Palestina do Pará,PA,Norte,0.47534072,40.66,6,47.534073,6.874072875976566,False
Esmeraldas,MG,Sudeste,0.624384,55.55,105,62.4384,6.88840026855469,False
Coroatá,MA,Nordeste,0.5448581,47.59,68,54.48581,6.895809326171872,False
Arara,PB,Nordeste,0.48980993,42.08,7,48.98099,6.900991363525392,False
Aporá,BA,Nordeste,0.3160172,24.699999999999996,30,31.60172,6.901720809936528,False
Guaraci,PR,Sul,0.8078925,73.88,6,80.78925,6.909253234863286,False
São José do Jacuípe,BA,Nordeste,0.37299338,30.39,12,37.29934,6.909339294433593,False
Aramari,BA,Nordeste,0.35815248,28.899999999999995,8,35.815247,6.915246582031255,False
Nova Santa Rita,PI,Nordeste,0.60191685,53.26,7,60.191685,6.931684722900393,False
Ipameri,GO,Centro-Oeste,0.73649895,66.71,30,73.649895,6.939894714355475,False
Castelândia,GO,Centro-Oeste,0.86940706,80.0,5,86.940704,6.940704345703125,False
Betânia do Piauí,PI,Nordeste,0.5548083,48.5,9,55.48083,6.980831146240234,False
Francisco Ayres,PI,Nordeste,0.5959647,52.61,3,59.596474,6.986473693847657,False
Pirajuba,MG,Sudeste,0.7311903,66.13,7,73.11903,6.989033813476567,False
Traipu,AL,Nordeste,0.45628315,38.63,14,45.628315,6.998314971923826,False
Santa Luzia,MG,Sudeste,0.6319986,56.2,250,63.19986,6.999859619140622,False
José Bonifácio,SP,Sudeste,0.6683226,59.8,16,66.83226,7.03226013183594,False
Boa Esperança do Sul,SP,Sudeste,0.5515773,48.12,11,55.157734,7.037733917236331,False
Aragarças,GO,Centro-Oeste,0.73298097,66.26,25,73.298096,7.038095703124995,False
Timbiras,MA,Nordeste,0.5502719,47.96999999999999,26,55.02719,7.057191162109383,False
Jenipapo dos Vieiras,MA,Nordeste,0.5951189,52.45,8,59.511887,7.061886596679685,False
São Mamede,PB,Nordeste,0.512471,44.17,7,51.2471,7.077100830078123,False
Narandiba,SP,Sudeste,0.64689064,57.60999999999999,6,64.689064,7.079064025878914,False
Itabirito,MG,Sudeste,0.70378244,63.29,57,70.37824,7.088242492675782,False
Acopiara,CE,Nordeste,0.72590053,65.49,41,72.59005,7.100049743652349,False
Sigefredo Pacheco,PI,Nordeste,0.5789556,50.79,5,57.895557,7.105557403564454,False
Padre Bernardo,GO,Centro-Oeste,0.6896315,61.84000000000001,46,68.96315,7.123150024414052,False
Indaiabira,MG,Sudeste,0.6722623,60.09,7,67.226234,7.136234436035153,False
Santa Cruz,RN,Nordeste,0.35646364,28.5,37,35.646362,7.1463623046875,False
Ponto Chique,MG,Sudeste,0.7157103,64.41,7,71.57103,7.161029663085941,False
Filadélfia,BA,Nordeste,0.32412452,25.25,15,32.412453,7.162452697753906,False
Irupi,ES,Sudeste,0.7662608,69.44,12,76.62608,7.18608337402344,False
Pederneiras,SP,Sudeste,0.50246316,43.06,27,50.246315,7.186315002441404,False
Juiz de Fora,MG,Sudeste,0.5665345,49.46,340,56.65345,7.19345001220703,False
Porto,PI,Nordeste,0.53594816,46.38,9,53.594814,7.214814300537107,False
São Miguel do Tocantins,TO,Norte,0.4140153,34.18,12,41.401527,7.2215274047851565,False
Itaju do Colônia,BA,Nordeste,0.34495664,27.27,4,34.495663,7.225662689208985,False
Colinas do Sul,GO,Centro-Oeste,0.7280818,65.56,9,72.80818,7.24818176269531,False
Boa Viagem,CE,Nordeste,0.8727015,80.0,45,87.27015,7.270149230957031,False
Comercinho,MG,Sudeste,0.6914619,61.87,4,69.146194,7.276194458007815,False
Cidade Gaúcha,PR,Sul,0.7450736,67.22,13,74.50736,7.287362365722657,False
Porto Esperidião,MT,Centro-Oeste,0.57044923,49.74,15,57.04492,7.304921874999998,False
Inajá,PR,Sul,0.8201796,74.7,2,82.01796,7.31795959472656,False
Tupirama,TO,Norte,0.5031833,43.0,5,50.31833,7.318328857421875,False
Janduís,RN,Nordeste,0.38020033,30.69,4,38.02003,7.330030975341796,False
Diamante D'Oeste,PR,Sul,0.7661098,69.28,11,76.610985,7.330984802246093,False
Dores do Rio Preto,ES,Sudeste,0.8733257,80.0,1,87.33257,7.332572937011719,False
São Bento Abade,MG,Sudeste,0.6917363,61.84,11,69.17363,7.333629760742184,False
Santa Rita do Pardo,MS,Centro-Oeste,0.6080373,53.47,19,60.80373,7.333730010986329,False
Sucupira do Norte,MA,Nordeste,0.62247247,54.90999999999999,15,62.247246,7.337245788574229,False
Santo Antônio do Aracanguá,SP,Sudeste,0.624013,55.06,1,62.401302,7.341302337646482,False
Liberdade,MG,Sudeste,0.6750122,60.12,3,67.50122,7.381220703125003,False
Oeiras do Pará,PA,Norte,0.32925925,25.530000000000005,35,32.925926,7.395926208496089,False
Ubirajara,SP,Sudeste,0.6130716,53.91,4,61.307163,7.397163238525394,False
Urucuia,MG,Sudeste,0.6816463,60.76,16,68.16463,7.4046270751953145,False
Turiaçu,MA,Nordeste,0.5413086,46.70000000000001,21,54.13086,7.43085937499999,False
Barreirinha,AM,Norte,0.44241542,36.81,32,44.241543,7.431542816162107,False
Tutóia,MA,Nordeste,0.5159362,44.16,53,51.59362,7.433620300292972,False
Guajará-Mirim,RO,Norte,0.55263495,47.82,46,55.263496,7.443496398925781,False
Claro dos Poções,MG,Sudeste,0.7908163,71.63,6,79.081635,7.4516345214843795,False
Cruzeiro da Fortaleza,MG,Sudeste,0.7277538,65.32,5,72.77538,7.455382995605476,False
Palminópolis,GO,Centro-Oeste,0.87464595,80.0,1,87.46459,7.464591979980469,False
Inajá,PE,Nordeste,0.66069907,58.6,31,66.06991,7.469908142089842,False
Seritinga,MG,Sudeste,0.74105227,66.62,2,74.105225,7.4852246093749955,False
Catuti,MG,Sudeste,0.71844643,64.35,6,71.84464,7.494642639160162,False
Formosa do Rio Preto,BA,Nordeste,0.3424014,26.73,23,34.24014,7.510139007568359,False
Jeriquara,SP,Sudeste,0.58341897,50.82,3,58.341896,7.521896057128906,False
Campos Sales,CE,Nordeste,0.87527525,80.0,20,87.52753,7.52752685546875,False
Santo Hipólito,MG,Sudeste,0.69868165,62.33,3,69.868164,7.538164062500002,False
São Gotardo,MG,Sudeste,0.65041006,57.5,47,65.04101,7.541007995605469,False
Caranaíba,MG,Sudeste,0.7913313,71.59,1,79.13313,7.543132934570309,False
Itajubá,MG,Sudeste,0.70653695,63.11,62,70.653694,7.543694152832032,False
Miranda,MS,Centro-Oeste,0.41366592,33.82,36,41.366592,7.546592407226562,False
Unaí,MG,Sudeste,0.67877316,60.330000000000005,75,67.87732,7.547319335937495,False
Juscimeira,MT,Centro-Oeste,0.6134125,53.79,20,61.34125,7.5512513732910165,False
Equador,RN,Nordeste,0.351938,27.64,3,35.1938,7.553801879882812,False
Lamarão,BA,Nordeste,0.3700055,29.42,10,37.00055,7.580549316406248,False
Mara Rosa,GO,Centro-Oeste,0.78842425,71.26,10,78.84242,7.582422485351557,False
Caratinga,MG,Sudeste,0.6275779,55.16,91,62.75779,7.59778961181641,False
Angelândia,MG,Sudeste,0.7068461,63.080000000000005,8,70.68461,7.604608459472651,False
Rio Pomba,MG,Sudeste,0.7532654,67.71,21,75.32654,7.616538085937506,False
Delfim Moreira,MG,Sudeste,0.7380505,66.18,7,73.80505,7.625053710937493,False
Maria Helena,PR,Sul,0.74872816,67.2,9,74.87282,7.67281799316406,False
Mathias Lobato,MG,Sudeste,0.63933945,56.26,5,63.933945,7.6739447021484395,False
Fortuna de Minas,MG,Sudeste,0.7036789,62.69,3,70.36789,7.677889404296877,False
Sanharó,PE,Nordeste,0.55539596,47.86,15,55.539597,7.679596557617188,False
Miguel Leão,PI,Nordeste,0.60350126,52.65,3,60.350124,7.700124359130861,False
Santo Afonso,MT,Centro-Oeste,0.6439785,56.69,4,64.39785,7.707850036621096,False
Salto,SP,Sudeste,0.6788117,60.17,66,67.88117,7.7111721801757795,False
Cascavel,CE,Nordeste,0.8772768,80.0,99,87.72768,7.7276763916015625,False
Serra de São Bento,RN,Nordeste,0.41859296,34.12,3,41.859295,7.739294891357424,False
Taquaral de Goiás,GO,Centro-Oeste,0.78998333,71.25,5,78.99834,7.7483367919921875,False
General Maynard,SE,Nordeste,0.3484789,27.09,1,34.847893,7.757892761230469,False
Carlos Gomes,RS,Sul,0.665282,58.77,2,66.5282,7.758198242187497,False
Parelhas,RN,Nordeste,0.5696848,49.2,20,56.96848,7.768479156494138,False
Santa Cruz do Rio Pardo,SP,Sudeste,0.6502894,57.25,13,65.02894,7.778938293457031,False
São Joaquim de Bicas,MG,Sudeste,0.61174685,53.39,37,61.174686,7.784686431884765,False
Jacaraú,PB,Nordeste,0.4935266,41.56,19,49.35266,7.792661132812498,False
Águas de Santa Bárbara,SP,Sudeste,0.62789196,54.97,1,62.789196,7.819196014404298,False
Alto Parnaíba,MA,Nordeste,0.5999259,52.169999999999995,7,59.992588,7.822588043212896,False
Itaúba,MT,Centro-Oeste,0.69468045,61.64000000000001,8,69.46805,7.828048095703117,False
São José da Coroa Grande,PE,Nordeste,0.5565806,47.83,32,55.658062,7.828061981201174,False
Colniza,MT,Centro-Oeste,0.5562062,47.78,38,55.62062,7.840620727539061,False
Jesuânia,MG,Sudeste,0.7285072,65.01,14,72.85072,7.840723266601557,False
Costa Rica,MS,Centro-Oeste,0.5308434,45.24,48,53.08434,7.844339141845701,False
Itapeva,MG,Sudeste,0.6449064,56.63,18,64.49064,7.860638732910154,False
Campos Altos,MG,Sudeste,0.69733334,61.86999999999999,15,69.73334,7.86333740234376,False
Governador Lindenberg,ES,Sudeste,0.74613154,66.72,10,74.61315,7.89315155029297,False
Francisco Santos,PI,Nordeste,0.5762705,49.73,6,57.627052,7.897052307128909,False
Luiziânia,SP,Sudeste,0.66747105,58.85,4,66.74711,7.897108459472655,False
Vitória do Jari,AP,Norte,0.43756405,35.85,19,43.756405,7.906404876708983,False
Ourolândia,BA,Nordeste,0.377629,29.85,27,37.7629,7.912901306152342,False
Catiguá,SP,Sudeste,0.66452956,58.54,3,66.45296,7.912957153320313,False
Turvolândia,MG,Sudeste,0.7261312,64.7,8,72.61312,7.913121032714841,False
São Sebastião do Rio Preto,MG,Sudeste,0.7675041,68.83,4,76.75041,7.920411987304689,False
Pedrinópolis,MG,Sudeste,0.709811,63.06,9,70.981094,7.92109436035156,False
Araguari,MG,Sudeste,0.6110523,53.17,94,61.10523,7.935228424072264,False
Sidrolândia,MS,Centro-Oeste,0.5080887,42.85,74,50.808872,7.958872222900389,False
Restinga Seca,RS,Sul,0.5902965,51.07,11,59.02965,7.959651641845703,False
Ribeirãozinho,MT,Centro-Oeste,0.62015414,54.04999999999999,3,62.015415,7.965415191650401,False
Delta,MG,Sudeste,0.6374785,55.77,13,63.74785,7.977848510742184,False
São João do Tigre,PB,Nordeste,0.513323,43.34,2,51.332302,7.992302093505856,False
Aiuruoca,MG,Sudeste,0.6739601,59.4,4,67.39601,7.996011352539064,False
Coronel Murta,MG,Sudeste,0.7604871,68.05,6,76.048706,7.998706054687503,False
Santana da Boa Vista,RS,Sul,0.61929816,53.93,6,61.929817,7.9998171997070315,False
Lagoa Formosa,MG,Sudeste,0.7175322,63.75,27,71.75322,8.003219604492188,False
Nortelândia,MT,Centro-Oeste,0.6080553,52.79,7,60.80553,8.015530548095704,False
Nepomuceno,MG,Sudeste,0.6604814,58.03,17,66.04814,8.018141479492186,False
Resende Costa,MG,Sudeste,0.6953994,61.52,14,69.53994,8.01993988037109,False
São Paulo de Olivença,AM,Norte,0.48056883,40.03,81,48.05688,8.026880950927733,False
Óleo,SP,Sudeste,0.6896027,60.93,1,68.960266,8.03026611328125,False
Santa Maria do Tocantins,TO,Norte,0.39811987,31.78,7,39.811985,8.03198501586914,False
Paranhos,MS,Centro-Oeste,0.5859311,50.56,17,58.593113,8.033112945556638,False
Confresa,MT,Centro-Oeste,0.5035675,42.31,58,50.35675,8.046750488281248,False
Rubiácea,SP,Sudeste,0.6585997,57.81,1,65.85997,8.049970092773435,False
Amaralina,GO,Centro-Oeste,0.8805171,80.0,4,88.05171,8.051712036132812,False
Engenheiro Caldas,MG,Sudeste,0.6988656,61.830000000000005,9,69.88656,8.056558532714838,False
Serra dos Aimorés,MG,Sudeste,0.64520717,56.46,9,64.52071,8.060713806152343,False
Faxinal dos Guedes,SC,Sul,0.65273535,57.2,13,65.27354,8.073536682128903,False
Sumé,PB,Nordeste,0.48183328,40.1,11,48.183327,8.083326721191405,False
Santa Cruz do Xingu,MT,Centro-Oeste,0.66003233,57.90999999999999,7,66.003235,8.09323486328126,False
Cachoeira dos Índios,PB,Nordeste,0.56181234,48.080000000000005,9,56.181232,8.101232452392573,False
Itiquira,MT,Centro-Oeste,0.5663154,48.53000000000001,15,56.631542,8.101542205810539,False
São Roberto,MA,Nordeste,0.6154574,53.44,5,61.545742,8.105742034912112,False
Formoso,GO,Centro-Oeste,0.8038826,72.26,6,80.38826,8.128259887695307,False
Vale do Paraíso,RO,Norte,0.6787463,59.72,7,67.874626,8.15462615966797,False
São Félix de Balsas,MA,Nordeste,0.5777594,49.59,8,57.77594,8.185939941406247,False
São Gonçalo do Amarante,CE,Nordeste,0.88189405,80.0,99,88.18941,8.189407348632812,False
Abadia de Goiás,GO,Centro-Oeste,0.7137408,63.18,29,71.374084,8.19408447265625,False
Meleiro,SC,Sul,0.6718976,58.99,6,67.18976,8.199758300781248,False
Piúma,ES,Sudeste,0.73563427,65.36,48,73.56342,8.203423156738282,False
São Vicente de Minas,MG,Sudeste,0.7159374,63.39,6,71.593735,8.203734741210937,False
Montes Claros de Goiás,GO,Centro-Oeste,0.7695374,68.75,8,76.953735,8.2037353515625,False
Macajuba,BA,Nordeste,0.3375634,25.55,4,33.75634,8.206340026855468,False
Presidente Bernardes,MG,Sudeste,0.6913775,60.93,2,69.13775,8.207748718261719,False
São José de Piranhas,PB,Nordeste,0.49139443,40.93,15,49.139442,8.209442443847657,False
Pacatuba,SE,Nordeste,0.3195239,23.74,7,31.95239,8.212390670776369,False
Amontada,CE,Nordeste,0.88222206,80.0,53,88.222206,8.222206115722656,False
Amambai,MS,Centro-Oeste,0.5626239,48.04,56,56.26239,8.22239013671875,False
Igarapé,MG,Sudeste,0.647479,56.519999999999996,49,64.7479,8.22790191650391,False
Lagoa do Carro,PE,Nordeste,0.61784303,53.55,14,61.7843,8.234301757812503,False
Itinga,MG,Sudeste,0.6509953,56.85,15,65.09953,8.249533081054686,False
Muricilândia,TO,Norte,0.3307633,24.82,2,33.076332,8.256332092285156,False
Mozarlândia,GO,Centro-Oeste,0.642228,55.96,20,64.2228,8.262801208496093,False
Cristais Paulista,SP,Sudeste,0.6317555,54.91,4,63.17555,8.2655485534668,False
Santa Terezinha,MT,Centro-Oeste,0.5438237,46.1,4,54.38237,8.282369995117186,False
Caraúbas do Piauí,PI,Nordeste,0.5323116,44.94,8,53.231163,8.291163024902346,False
Carauari,AM,Norte,0.6099295,52.7,41,60.99295,8.292950439453122,False
Brasilândia do Tocantins,TO,Norte,0.45143944,36.84,2,45.143944,8.30394378662109,False
São José do Jacuri,MG,Sudeste,0.6767441,59.37,9,67.67441,8.304407958984378,False
Dores de Campos,MG,Sudeste,0.6717957,58.87,9,67.17957,8.309573059082034,False
Turvelândia,GO,Centro-Oeste,0.78381354,70.07,5,78.381355,8.311355285644538,False
Passa-Vinte,MG,Sudeste,0.7254468,64.23,2,72.544685,8.314685363769527,False
Itaitinga,CE,Nordeste,0.8831703,80.0,90,88.31703,8.317031860351562,False
Carmo,RJ,Sudeste,0.57762724,49.44,9,57.762726,8.322725830078127,False
Severínia,SP,Sudeste,0.5651578,48.16,9,56.515778,8.355777587890628,False
Ametista do Sul,RS,Sul,0.6242643,54.07,11,62.42643,8.356429748535156,False
Ipaba,MG,Sudeste,0.74118257,65.76,12,74.118256,8.35825561523437,False
Cuitegi,PB,Nordeste,0.4474177,36.38,2,44.74177,8.361771697998044,False
Pimenteiras do Oeste,RO,Norte,0.6731648,58.95,3,67.316475,8.366474914550778,False
Tunas do Paraná,PR,Sul,0.7455608,66.18,7,74.55608,8.376083679199212,False
Santa Helena de Minas,MG,Sudeste,0.7113347,62.75,5,71.13347,8.383468627929688,False
Governador Valadares,MG,Sudeste,0.6506567,56.68,221,65.065674,8.385673828125,False
Brejetuba,ES,Sudeste,0.77788836,69.4,15,77.78883,8.388833618164057,False
Nova Lima,MG,Sudeste,0.6902547,60.62,78,69.02547,8.405466918945315,False
Alterosa,MG,Sudeste,0.73011214,64.6,14,73.011215,8.411215209960943,False
Joca Claudino,PB,Nordeste,0.5441229,46.0,3,54.41229,8.412288665771484,False
Santa Cecília,PB,Nordeste,0.2817064,19.74,4,28.170639,8.430639038085939,False
Arês,RN,Nordeste,0.4040222,31.97,12,40.402218,8.432217864990236,False
Capinópolis,MG,Sudeste,0.6437436,55.94,22,64.37436,8.434359130859377,False
Divinolândia,SP,Sudeste,0.65349275,56.9,5,65.34927,8.449273681640626,False
Poconé,MT,Centro-Oeste,0.46900028,38.45,31,46.90003,8.450028228759763,False
Patrocínio Paulista,SP,Sudeste,0.58810246,50.36,10,58.810246,8.450245513916016,False
Araci,BA,Nordeste,0.3582589,27.369999999999997,44,35.82589,8.455889587402346,False
Icapuí,CE,Nordeste,0.8846025,80.0,29,88.46025,8.460250854492188,False
Alto Jequitibá,MG,Sudeste,0.64093715,55.63,14,64.09371,8.463711853027341,False
Retirolândia,BA,Nordeste,0.33928263,25.46,12,33.928265,8.468264617919921,False
Sarapuí,SP,Sudeste,0.5600586,47.53,6,56.00586,8.475859374999999,False
Nova Soure,BA,Nordeste,0.37796542,29.32,27,37.796543,8.47654312133789,False
Soledade,PB,Nordeste,0.48881626,40.39,8,48.881626,8.49162612915039,False
Varginha,MG,Sudeste,0.64027554,55.51,107,64.02756,8.517557373046877,False
Aquiraz,CE,Nordeste,0.8852726,80.0,99,88.52726,8.527259826660156,False
Corumbiara,RO,Norte,0.7035108,61.82000000000001,8,70.35108,8.531081848144524,False
Bom Jesus do Norte,ES,Sudeste,0.77762365,69.22,8,77.76237,8.542367248535157,False
Tuntum,MA,Nordeste,0.5389224,45.32,26,53.892242,8.572242431640625,False
Gonzaga,MG,Sudeste,0.77210927,68.63,4,77.21093,8.580929870605473,False
Redenção,CE,Nordeste,0.88594234,80.0,42,88.59423,8.594230651855469,False
Camalaú,PB,Nordeste,0.51578695,42.98,9,51.578693,8.598693389892581,False
Crisólita,MG,Sudeste,0.66063595,57.46,7,66.0636,8.6035986328125,False
Mata Verde,MG,Sudeste,0.6764384,59.04,8,67.64384,8.603836975097657,False
Serra Grande,PB,Nordeste,0.54916024,46.27,2,54.916023,8.646023254394528,False
Pentecoste,CE,Nordeste,0.88662875,80.0,39,88.66287,8.662872314453125,False
Piratininga,SP,Sudeste,0.626795,54.010000000000005,10,62.6795,8.66950057983398,False
Clementina,SP,Sudeste,0.64502954,55.83,1,64.50295,8.672952575683595,False
Sete Lagoas,MG,Sudeste,0.6664336,57.96999999999999,170,66.64336,8.673356323242196,False
Caiuá,SP,Sudeste,0.6757614,58.9,1,67.57614,8.676141357421876,False
Montividiu do Norte,GO,Centro-Oeste,0.71497303,62.79,7,71.49731,8.70730682373047,False
João Monlevade,MG,Sudeste,0.72778845,64.07,63,72.77885,8.708846740722663,False
Tapiraí,SP,Sudeste,0.6676176,58.04999999999999,6,66.761765,8.711764526367197,False
Confins,MG,Sudeste,0.657847,57.07,6,65.7847,8.714698486328125,False
Canudos,BA,Nordeste,0.34593385,25.86,18,34.593384,8.7333837890625,False
Santa Fé,PR,Sul,0.709639,62.22,8,70.9639,8.743897705078126,False
Bauru,SP,Sudeste,0.5832944,49.57,129,58.329437,8.759437255859375,False
Baião,PA,Norte,0.4348032,34.71,35,43.48032,8.77031997680664,False
Nova Nazaré,MT,Centro-Oeste,0.60116595,51.34,4,60.116596,8.776596221923825,False
Nazarezinho,PB,Nordeste,0.5188939,43.11,5,51.88939,8.779389038085938,False
Fronteira,MG,Sudeste,0.66161066,57.35999999999999,15,66.161064,8.801064147949226,False
Joca Marques,PI,Nordeste,0.5358353,44.75,6,53.583534,8.833534240722656,False
Pirapetinga,MG,Sudeste,0.7437394,65.52,5,74.37394,8.85393951416016,False
Quadra,SP,Sudeste,0.6434876,55.489999999999995,5,64.348755,8.858754882812505,False
Prudente de Morais,MG,Sudeste,0.6627244,57.41,10,66.27244,8.86243804931641,False
Ouvidor,GO,Centro-Oeste,0.7667653,67.81,8,76.67653,8.86652893066406,False
Ilha Comprida,SP,Sudeste,0.6552981,56.64,7,65.52981,8.889808044433593,False
Felixlândia,MG,Sudeste,0.6555431,56.65,12,65.554306,8.904306030273439,False
Gonçalves Dias,MA,Nordeste,0.59757924,50.85,11,59.757923,8.907923126220702,False
Avelino Lopes,PI,Nordeste,0.5605214,47.14,8,56.052143,8.912143096923828,False
Monte Carmelo,MG,Sudeste,0.7524461,66.33,36,75.24461,8.91461364746094,False
Arandu,SP,Sudeste,0.67419827,58.489999999999995,5,67.41983,8.92983032226563,False
Piranga,MG,Sudeste,0.7236551,63.43,11,72.36551,8.935509033203125,False
Glaucilândia,MG,Sudeste,0.69903046,60.93,2,69.903046,8.973045654296875,False
Piripiri,PI,Nordeste,0.49037045,40.06000000000001,67,49.037045,8.977044525146475,False
Itamonte,MG,Sudeste,0.703119,61.31,9,70.3119,9.001897277832029,False
Marcionílio Souza,BA,Nordeste,0.37292337,28.29,6,37.292336,9.002335510253907,False
Ribas do Rio Pardo,MS,Centro-Oeste,0.50171876,41.16,41,50.171875,9.011875000000003,False
Luz,MG,Sudeste,0.677169,58.68,11,67.7169,9.036903686523438,False
Carmo do Paranaíba,MG,Sudeste,0.80997026,71.94,29,80.997025,9.057024536132815,False
Ibirajuba,PE,Nordeste,0.5474582,45.68,5,54.74582,9.065819091796875,False
São Romão,MG,Sudeste,0.6480307,55.73,6,64.80307,9.073070068359378,False
Mantena,MG,Sudeste,0.6397186,54.88,20,63.97186,9.091858978271482,False
Iguatemi,MS,Centro-Oeste,0.5382686,44.73,24,53.826862,9.096862335205081,False
Lagoinha,SP,Sudeste,0.62958115,53.85,3,62.958115,9.108114624023436,False
Carmo de Minas,MG,Sudeste,0.69559777,60.42999999999999,13,69.55978,9.129776306152351,False
Urucânia,MG,Sudeste,0.68750197,59.62,6,68.7502,9.130198364257815,False
Tauá,CE,Nordeste,0.891485,80.0,60,89.1485,9.14849853515625,False
Boa Esperança,MG,Sudeste,0.6734686,58.169999999999995,40,67.34686,9.176862792968755,False
Pedras de Maria da Cruz,MG,Sudeste,0.44989854,35.81,8,44.989853,9.179852905273435,False
Acajutiba,BA,Nordeste,0.35956714,26.77,12,35.956715,9.186714630126954,False
Virgínia,MG,Sudeste,0.70797193,61.6,8,70.797195,9.197195434570311,False
Canarana,MT,Centro-Oeste,0.486031,39.4,29,48.6031,9.203099822998048,False
Ingaí,MG,Sudeste,0.66084427,56.85,3,66.08443,9.234426879882811,False
Cantagalo,PR,Sul,0.77252585,68.01,26,77.25259,9.242586364746089,False
Paulo de Faria,SP,Sudeste,0.64483166,55.24,4,64.48317,9.24316955566406,False
Itaobim,MG,Sudeste,0.6391524,54.67,23,63.91524,9.245241241455076,False
Corguinho,MS,Centro-Oeste,0.60466105,51.21,5,60.466106,9.256106414794921,False
Pio IX,PI,Nordeste,0.51270634,42.01,22,51.270634,9.260633697509768,False
Araputanga,MT,Centro-Oeste,0.62915504,53.64000000000001,10,62.915504,9.275504455566399,False
Santo Antônio da Alegria,SP,Sudeste,0.63928324,54.65,1,63.928326,9.278325653076173,False
Catas Altas,MG,Sudeste,0.78679174,69.4,3,78.67918,9.2791763305664,False
Cantagalo,MG,Sudeste,0.7273976,63.46,6,72.73976,9.279761352539062,False
Umbaúba,SE,Nordeste,0.41915977,32.62,19,41.915977,9.295977478027346,False
Palestina,SP,Sudeste,0.70936507,61.63000000000001,9,70.93651,9.306508178710928,False
Natividade,TO,Norte,0.44692463,35.38,20,44.692463,9.312462921142576,False
Alagoinha do Piauí,PI,Nordeste,0.59487367,50.17,5,59.487366,9.317365722656248,False
Lagoa da Confusão,TO,Norte,0.4257643,33.23,22,42.576427,9.3464274597168,False
Amarante,PI,Nordeste,0.3879913,29.44,18,38.79913,9.359129486083983,False
Arataca,BA,Nordeste,0.33050317,23.69,4,33.050316,9.360315856933592,False
Pontalinda,SP,Sudeste,0.5970548,50.33,2,59.70548,9.375478668212892,False
Baliza,GO,Centro-Oeste,0.7623666,66.86,3,76.23666,9.376656188964844,False
Fortuna,MA,Nordeste,0.5600878,46.62,34,56.00878,9.388781433105471,False
Estiva Gerbi,SP,Sudeste,0.6016036,50.77,1,60.160362,9.39036224365234,False
Itapemirim,ES,Sudeste,0.73465025,64.07,50,73.46503,9.395026855468757,False
Montalvânia,MG,Sudeste,0.6304942,53.65,13,63.04942,9.399419403076173,False
Cachoeira da Prata,MG,Sudeste,0.6637215,56.96,1,66.37215,9.412146606445312,False
Juruá,AM,Norte,0.5621348,46.8,15,56.21348,9.413481903076175,False
Poço Redondo,SE,Nordeste,0.331687,23.75,39,33.1687,9.418701171875,False
Lagoa de São Francisco,PI,Nordeste,0.56917775,47.49,10,56.917774,9.427774200439451,False
Divinolândia de Minas,MG,Sudeste,0.78976643,69.54,7,78.97665,9.436646423339837,False
Presidente Nereu,SC,Sul,0.6579742,56.35,5,65.79742,9.447416687011717,False
Bicas,MG,Sudeste,0.60261613,50.81,4,60.261612,9.45161193847656,False
Rio Branco,MT,Centro-Oeste,0.6281233,53.36,4,62.81233,9.452328338623047,False
Baturité,CE,Nordeste,0.8765838,78.18,30,87.65838,9.478378601074212,False
Aguiarnópolis,TO,Norte,0.41904926,32.42,6,41.904926,9.484926300048826,False
Aracoiaba,CE,Nordeste,0.8948709,80.0,38,89.48709,9.487091064453125,False
Alagoa,MG,Sudeste,0.78597623,69.11,1,78.597626,9.487625732421876,False
Aporé,GO,Centro-Oeste,0.74436355,64.94,4,74.436356,9.496355590820315,False
Pedro Gomes,MS,Centro-Oeste,0.5002686,40.53,11,50.02686,9.496859283447264,False
Embu-Guaçu,SP,Sudeste,0.61441076,51.94,41,61.441074,9.501074371337893,False
Jardim Alegre,PR,Sul,0.7381309,64.31,4,73.813095,9.503095092773435,False
Umbuzeiro,PB,Nordeste,0.5425187,44.74,12,54.25187,9.511869201660154,False
Guapé,MG,Sudeste,0.7162709,62.11,12,71.62709,9.517090454101563,False
Gurinhém,PB,Nordeste,0.5138174,41.85,5,51.381744,9.531744384765624,False
Conceição do Lago-Açu,MA,Nordeste,0.59227645,49.69,20,59.227646,9.53764587402344,False
Guia Lopes da Laguna,MS,Centro-Oeste,0.61848414,52.3,13,61.848415,9.548415374755862,False
Itarema,CE,Nordeste,0.89553404,80.0,53,89.553406,9.55340576171875,False
Terezópolis de Goiás,GO,Centro-Oeste,0.7107895,61.52,6,71.07895,9.558948974609372,False
Alegre,ES,Sudeste,0.7856479,69.0,24,78.5648,9.564796447753906,False
Santo Antônio do Jacinto,MG,Sudeste,0.7531926,65.75,15,75.31926,9.569259643554688,False
São Caetano do Sul,SP,Sudeste,0.7371495,64.1,55,73.71495,9.614950561523443,False
Barro Duro,PI,Nordeste,0.54383755,44.76,5,54.383755,9.623754730224611,False
Palmeirândia,MA,Nordeste,0.5773414,48.1,15,57.73414,9.63413848876953,False
Silveiras,SP,Sudeste,0.6104033,51.4,2,61.04033,9.640328979492189,False
Icaraí de Minas,MG,Sudeste,0.67942464,58.3,5,67.94247,9.642466735839847,False
Arapuã,PR,Sul,0.68296677,58.64000000000001,3,68.29668,9.65667663574218,False
Mariluz,PR,Sul,0.74993974,65.33,9,74.99397,9.663972778320314,False
Pindoba,AL,Nordeste,0.4585249,36.18,1,45.85249,9.672489471435547,False
Russas,CE,Nordeste,0.896892,80.0,75,89.6892,9.689201354980469,False
Vargem Grande,MA,Nordeste,0.89706904,80.0,54,89.7069,9.706901550292969,False
Itapirapuã Paulista,SP,Sudeste,0.60988206,51.28,4,60.988205,9.708204956054686,False
Santa Maria da Serra,SP,Sudeste,0.64941067,55.23,9,64.94106,9.711062927246097,False
Divino,MG,Sudeste,0.6397789,54.23,15,63.97789,9.74789001464844,False
Quintana,SP,Sudeste,0.6612853,56.38,3,66.128525,9.748524780273435,False
Estrela do Norte,GO,Centro-Oeste,0.7900173,69.25,5,79.00173,9.751731872558594,False
Limoeiro do Norte,CE,Nordeste,0.8976327,80.0,55,89.763275,9.763275146484375,False
Uberaba,MG,Sudeste,0.6109203,51.31999999999999,276,61.09203,9.77202957153321,False
São João da Paraúna,GO,Centro-Oeste,0.8977449,80.0,2,89.77449,9.774490356445312,False
Silvianópolis,MG,Sudeste,0.68129396,58.35,5,68.129395,9.779394531249999,False
Capelinha,MG,Sudeste,0.70061785,60.28,54,70.06178,9.781782836914061,False
Timóteo,MG,Sudeste,0.69697726,59.90999999999999,70,69.69772,9.787723388671886,False
Cedro,PE,Nordeste,0.6212225,52.32,14,62.12225,9.802249603271484,False
Frei Inocêncio,MG,Sudeste,0.67372936,57.56,7,67.37293,9.812932434082029,False
Jaguaruna,SC,Sul,0.58212227,48.39,23,58.212227,9.82222686767578,False
Aragoiânia,GO,Centro-Oeste,0.68955284,59.11999999999999,16,68.955284,9.835284118652353,False
Analândia,SP,Sudeste,0.60205793,50.32,1,60.205795,9.885795288085937,False
Theobroma,RO,Norte,0.65421516,55.53,11,65.42152,9.89151641845703,False
Minduri,MG,Sudeste,0.6642564,56.53,3,66.42564,9.895636291503905,False
São Luís do Curu,CE,Nordeste,0.89900655,80.0,9,89.90066,9.900657653808594,False
Juti,MS,Centro-Oeste,0.397276,29.82,14,39.7276,9.90760009765625,False
Amorinópolis,GO,Centro-Oeste,0.82122934,72.21,1,82.12293,9.912932434082038,False
Sapucaí-Mirim,MG,Sudeste,0.67325014,57.41,8,67.32501,9.915012207031253,False
Volta Grande,MG,Sudeste,0.6551741,55.59,2,65.51741,9.927410278320309,False
Cajuri,MG,Sudeste,0.76728886,66.8,3,76.72889,9.928889465332034,False
Abaeté,MG,Sudeste,0.6683571,56.9,23,66.83571,9.935708618164064,False
Laranjeiras,SE,Nordeste,0.32995352,23.050000000000004,21,32.995354,9.945353698730464,False
Paranapoema,PR,Sul,0.7258208,62.63,3,72.58208,9.952077026367185,False
Pedro de Toledo,SP,Sudeste,0.5183846,41.87,5,51.83846,9.96845901489258,False
Bento Fernandes,RN,Nordeste,0.31454554,21.48,1,31.454554,9.974553604125976,False
Veredinha,MG,Sudeste,0.7505966,65.08,5,75.05966,9.979661865234377,False
José Boiteux,SC,Sul,0.536629,43.68,5,53.662903,9.98290283203125,False
São Pedro dos Crentes,MA,Nordeste,0.5649612,46.51,9,56.49612,9.986120452880861,False
Pacajus,CE,Nordeste,0.89991176,80.0,53,89.99117,9.991172790527344,False
Flórida,PR,Sul,0.7563199,65.64,2,75.63199,9.991988525390624,False
Muqui,ES,Sudeste,0.76187736,66.19,14,76.18774,9.997736511230471,False
Maurilândia do Tocantins,TO,Norte,0.36358744,26.36,5,36.358746,9.998745574951172,False
Paula Cândido,MG,Sudeste,0.68141985,58.13,6,68.14198,10.01198303222656,False
São Sebastião da Bela Vista,MG,Sudeste,0.7909816,69.08,3,79.09816,10.018159790039064,False
Monte Santo de Minas,MG,Sudeste,0.5818919,48.169999999999995,13,58.18919,10.019189910888677,False
Viçosa do Ceará,CE,Nordeste,0.90023005,80.0,88,90.023,10.023002624511719,False
São Gonçalo do Pará,MG,Sudeste,0.74301016,64.24,10,74.30102,10.061017761230474,False
Barbalha,CE,Nordeste,0.90065455,80.0,59,90.06545,10.065452575683594,False
Tapira,MG,Sudeste,0.7013655,60.07,6,70.13655,10.066550903320312,False
Herval,RS,Sul,0.6741152,57.32,4,67.411514,10.091514282226562,False
Matias Olímpio,PI,Nordeste,0.4174446,31.65,9,41.744457,10.094457244873048,False
Guidoval,MG,Sudeste,0.7492735,64.83,5,74.927345,10.097345275878908,False
Trairi,CE,Nordeste,0.90097606,80.0,87,90.0976,10.097602844238281,False
Buriti Bravo,MA,Nordeste,0.4852892,38.42,29,48.52892,10.108919219970701,False
Campina do Monte Alegre,SP,Sudeste,0.6142918,51.32,1,61.42918,10.109180145263672,False
Apiacás,MT,Centro-Oeste,0.639382,53.82000000000001,12,63.9382,10.118201904296868,False
Pirpirituba,PB,Nordeste,0.51531744,41.41,8,51.531746,10.121745910644535,False
Juranda,PR,Sul,0.7326324,63.12,6,73.26324,10.143236999511721,False
Centro Novo do Maranhão,MA,Nordeste,0.5644519,46.3,33,56.445187,10.145186614990237,False
Jundiá,AL,Nordeste,0.5153677,41.39,4,51.53677,10.146769866943359,False
Ocara,CE,Nordeste,0.9014982,80.0,30,90.14982,10.149818420410156,False
Caiana,MG,Sudeste,0.72283834,62.1,3,72.28384,10.183836364746092,False
Água Fria de Goiás,GO,Centro-Oeste,0.70006496,59.82000000000001,7,70.00649,10.186492614746086,False
Mococa,SP,Sudeste,0.62076813,51.87,21,62.076813,10.206812744140628,False
Gameleira de Goiás,GO,Centro-Oeste,0.9021265,80.0,3,90.21265,10.212646484375,False
Chapada Gaúcha,MG,Sudeste,0.64465374,54.23,16,64.46537,10.23537017822266,False
Adrianópolis,PR,Sul,0.7361885,63.38,7,73.61885,10.23885070800781,False
Telha,SE,Nordeste,0.34520316,24.28,5,34.520317,10.240317077636718,False
São José da Varginha,MG,Sudeste,0.69502807,59.26,3,69.50281,10.242807617187502,False
Miradouro,MG,Sudeste,0.6284647,52.6,10,62.84647,10.24646987915039,False
Acaraú,CE,Nordeste,0.90252703,80.0,92,90.2527,10.252700805664062,False
Porto Murtinho,MS,Centro-Oeste,0.47813645,37.55,23,47.813644,10.26364440917969,False
Vitor Meireles,SC,Sul,0.6054469,50.26,8,60.54469,10.284689178466799,False
Sulina,PR,Sul,0.77218765,66.92,4,77.218765,10.29876525878906,False
Pinhal,RS,Sul,0.7066801,60.36,3,70.668015,10.308014526367188,False
Itaporanga,SP,Sudeste,0.5331556,43.0,2,53.315563,10.315563201904297,False
Nova Olinda,TO,Norte,0.42995664,32.67,14,42.995663,10.325662689208983,False
Tianguá,CE,Nordeste,0.9032961,80.0,94,90.32961,10.329612731933594,False
Vale de São Domingos,MT,Centro-Oeste,0.6426068,53.92,3,64.26068,10.340681152343748,False
Jundiaí do Sul,PR,Sul,0.7103543,60.68,7,71.03543,10.355430908203125,False
Aricanduva,MG,Sudeste,0.7076447,60.38,8,70.76447,10.384472961425779,False
Cruz,CE,Nordeste,0.9038817,80.0,53,90.388176,10.388175964355469,False
Jaguaruana,CE,Nordeste,0.90390295,80.0,21,90.3903,10.390296936035156,False
Porto Alegre do Norte,MT,Centro-Oeste,0.48535907,38.13,18,48.535908,10.405907745361326,False
Granja,CE,Nordeste,0.90408015,80.0,54,90.40801,10.408012390136719,False
Pirassununga,SP,Sudeste,0.6186228,51.43,26,61.862278,10.432277984619141,False
São Gabriel da Cachoeira,AM,Norte,0.5356769,43.12,60,53.567688,10.447687988281253,False
Mirandiba,PE,Nordeste,0.52622527,42.17,29,52.622528,10.452528076171873,False
Bom Jesus do Tocantins,TO,Norte,0.43794656,33.34,4,43.794655,10.454654846191403,False
Itapagé,CE,Nordeste,0.9045479,80.0,55,90.454796,10.454795837402344,False
Montezuma,MG,Sudeste,0.6894734,58.489999999999995,9,68.94734,10.457341918945318,False
Martinho Campos,MG,Sudeste,0.7047323,60.0,7,70.47323,10.473228454589844,False
Aracati,CE,Nordeste,0.90485734,80.0,97,90.48573,10.485733032226562,False
Brejo Santo,CE,Nordeste,0.9050039,80.0,61,90.50039,10.500389099121094,False
Ipumirim,SC,Sul,0.6879157,58.28,5,68.791565,10.511564941406249,False
Montanha,ES,Sudeste,0.7636068,65.84,22,76.36068,10.52067962646484,False
Loreto,MA,Nordeste,0.5572154,45.2,14,55.72154,10.521538543701169,False
Xambioá,TO,Norte,0.39719716,29.18,11,39.719715,10.539715118408203,False
Romaria,MG,Sudeste,0.720083,61.43,5,72.0083,10.57830078125,False
Umari,CE,Nordeste,0.9058467,80.0,7,90.58467,10.584671020507812,False
Coronel Fabriciano,MG,Sudeste,0.6330257,52.709999999999994,68,63.30257,10.592570343017584,False
Caririaçu,CE,Nordeste,0.90593153,80.0,31,90.593155,10.593154907226562,False
Santo Antônio do Descoberto,GO,Centro-Oeste,0.5925374,48.66,78,59.25374,10.593738403320316,False
Jaguaribe,CE,Nordeste,0.9060389,80.0,26,90.60389,10.603889465332031,False
Brazópolis,MG,Sudeste,0.6626966,55.660000000000004,9,66.26966,10.609660949707028,False
João Pinheiro,MG,Sudeste,0.74003065,63.39,44,74.00307,10.613067016601562,False
Iaras,SP,Sudeste,0.5913669,48.52,2,59.13669,10.616688232421872,False
Coronel Macedo,SP,Sudeste,0.6237751,51.76,1,62.377514,10.617513885498049,False
Marco,CE,Nordeste,0.9064177,80.0,40,90.64177,10.641769409179688,False
Petrolina de Goiás,GO,Centro-Oeste,0.73355407,62.71,3,73.35541,10.64540771484375,False
Novo Jardim,TO,Norte,0.4015986,29.51,3,40.15986,10.64985870361328,False
Alto Garças,MT,Centro-Oeste,0.5758009,46.93,18,57.58009,10.650089569091797,False
Tabuleiro do Norte,CE,Nordeste,0.90653324,80.0,33,90.65332,10.6533203125,False
Riacho dos Machados,MG,Sudeste,0.8021106,69.55,11,80.21106,10.661059570312503,False
Nova Marilândia,MT,Centro-Oeste,0.60577,49.91,5,60.577,10.666999664306644,False
Itabaiana,PB,Nordeste,0.43223026,32.55,18,43.223026,10.673026275634768,False
Carlinda,MT,Centro-Oeste,0.59170634,48.49,13,59.170635,10.68063522338867,False
Conquista D'Oeste,MT,Centro-Oeste,0.5773485,47.02,5,57.734848,10.714848022460934,False
Derrubadas,RS,Sul,0.6540532,54.69,4,65.40532,10.71531921386719,False
Cidade Ocidental,GO,Centro-Oeste,0.66774505,56.04,113,66.774506,10.734505615234376,False
Riachuelo,SE,Nordeste,0.28018713,17.27,10,28.018713,10.748712997436524,False
Morada Nova,CE,Nordeste,0.83968824,73.22,62,83.96883,10.748826293945314,False
Cachoeira Grande,MA,Nordeste,0.5803376,47.28,7,58.03376,10.75376007080078,False
Bela Cruz,CE,Nordeste,0.90766716,80.0,40,90.766716,10.766716003417969,False
Ipeúna,SP,Sudeste,0.6058248,49.81,5,60.58248,10.772481384277341,False
Frei Gaspar,MG,Sudeste,0.6726175,56.48,6,67.26175,10.781749267578128,False
Quixadá,CE,Nordeste,0.9081411,80.0,89,90.81411,10.814109802246094,False
Iepê,SP,Sudeste,0.67267025,56.43,1,67.26702,10.837021179199219,False
São Francisco de Assis do Piauí,PI,Nordeste,0.5134844,40.51,3,51.348442,10.83844207763672,False
Banabuiú,CE,Nordeste,0.908488,80.0,33,90.8488,10.848800659179688,False
Senador Georgino Avelino,RN,Nordeste,0.41968006,31.11,4,41.968006,10.858006134033204,False
Brás Pires,MG,Sudeste,0.6892098,58.04,7,68.92098,10.880982360839845,False
Arcoverde,PE,Nordeste,0.7383462,62.92,69,73.834625,10.914625244140623,False
Nova Roma,GO,Centro-Oeste,0.7531482,64.38,4,75.31482,10.934819335937505,False
Santa Rosa do Tocantins,TO,Norte,0.3893309,27.99,8,38.93309,10.943090209960939,False
Pindoretama,CE,Nordeste,0.9094437,80.0,33,90.94437,10.944366455078125,False
Campinápolis,MT,Centro-Oeste,0.5615087,45.19,11,56.15087,10.960871276855471,False
Teófilo Otoni,MG,Sudeste,0.6654243,55.57,102,66.54243,10.972427062988281,False
Romelândia,SC,Sul,0.67669606,56.69,10,67.66961,10.979609069824221,False
Rio da Conceição,TO,Norte,0.3545057,24.46,4,35.45057,10.99056915283203,False
Brasileira,PI,Nordeste,0.51066035,40.07,8,51.066036,10.996036224365234,False
Sátiro Dias,BA,Nordeste,0.33021235,22.02,11,33.021236,11.001236419677735,False
Nova Independência,SP,Sudeste,0.6577262,54.76,1,65.77262,11.012621154785158,False
Três Corações,MG,Sudeste,0.66533995,55.519999999999996,47,66.534,11.013996582031254,False
Turmalina,MG,Sudeste,0.69288653,58.26,25,69.28865,11.028650512695314,False
Miraíma,CE,Nordeste,0.910519,80.0,21,91.0519,11.051902770996094,False
Israelândia,GO,Centro-Oeste,0.9105552,80.0,2,91.05552,11.055519104003906,False
Ivolândia,GO,Centro-Oeste,0.9105552,80.0,3,91.05552,11.055519104003906,False
Passos Maia,SC,Sul,0.65370554,54.31,7,65.37055,11.060552062988279,False
Visconde do Rio Branco,MG,Sudeste,0.713226,60.26,34,71.3226,11.062601318359377,False
Ubajara,CE,Nordeste,0.91065377,80.0,42,91.06538,11.065376281738281,False
Farias Brito,CE,Nordeste,0.91078055,80.0,22,91.07806,11.078056335449219,False
Jardim de Angicos,RN,Nordeste,0.34521902,23.43,3,34.5219,11.091900177001953,False
Caiabu,SP,Sudeste,0.6126232,50.17,2,61.26232,11.092321472167967,False
Bonfinópolis,GO,Centro-Oeste,0.72764564,61.67,9,72.764565,11.094564514160155,False
Breu Branco,PA,Norte,0.49374714,38.27,40,49.374714,11.104713897705075,False
Morro Agudo de Goiás,GO,Centro-Oeste,0.91111404,80.0,3,91.111404,11.111404418945312,False
Eusébio,CE,Nordeste,0.9111487,80.0,83,91.114876,11.114875793457031,False
Gilbués,PI,Nordeste,0.49442035,38.32,16,49.442036,11.122035675048828,False
Abatiá,PR,Sul,0.7118397,60.05,8,71.18397,11.133967590332034,False
Parambu,CE,Nordeste,0.91135365,80.0,26,91.13537,11.135368347167969,False
São João do Arraial,PI,Nordeste,0.5160745,40.46,12,51.60745,11.147448577880859,False
Campos de Júlio,MT,Centro-Oeste,0.64534223,53.38000000000001,16,64.534225,11.154225463867178,False
Itapura,SP,Sudeste,0.6577262,54.6,3,65.77262,11.172621154785155,False
Várzea,RN,Nordeste,0.35295844,24.12,3,35.295845,11.17584503173828,False
Santana dos Montes,MG,Sudeste,0.75629795,64.44,1,75.62979,11.189791259765627,False
Itutinga,MG,Sudeste,0.67280376,56.09,5,67.28037,11.190372619628903,False
Guatambú,SC,Sul,0.6138103,50.17,18,61.38103,11.211031036376951,False
Paracuru,CE,Nordeste,0.91215944,80.0,50,91.21594,11.2159423828125,False
Massapê,CE,Nordeste,0.91229135,80.0,37,91.22913,11.229133605957031,False
Iporanga,SP,Sudeste,0.6811999,56.89,1,68.11999,11.229987487792968,False
Diadema,SP,Sudeste,0.58282524,47.04999999999999,188,58.282524,11.232524108886729,False
Alto Rio Novo,ES,Sudeste,0.7840483,67.16,11,78.40483,11.244830932617191,False
Barão de Grajaú,MA,Nordeste,0.58929527,47.68,16,58.929527,11.249527282714844,False
Canindé,CE,Nordeste,0.9125094,80.0,90,91.25094,11.250938415527344,False
Bom Jesus da Penha,MG,Sudeste,0.6724881,55.99,4,67.24881,11.258809814453123,False
Santana dos Garrotes,PB,Nordeste,0.5091963,39.63,4,50.91963,11.289628143310544,False
Ipuiúna,MG,Sudeste,0.6865128,57.35,9,68.65128,11.301283264160155,False
Catarina,CE,Nordeste,0.9066485,79.35,10,90.66485,11.314848327636724,False
Salitre,CE,Nordeste,0.9132631,80.0,29,91.32631,11.326309204101562,False
Arapeí,SP,Sudeste,0.64597654,53.27,2,64.59766,11.327656249999997,False
Crixás do Tocantins,TO,Norte,0.47505224,36.17,4,47.505222,11.335222320556639,False
Leme do Prado,MG,Sudeste,0.6877479,57.42,3,68.77479,11.35478790283203,False
Guaraciaba do Norte,CE,Nordeste,0.9135856,80.0,48,91.35856,11.358558654785156,False
Ibicuitinga,CE,Nordeste,0.91360015,80.0,20,91.360016,11.360015869140625,False
Anamã,AM,Norte,0.5152404,40.16,14,51.524036,11.364036407470707,False
Alto Horizonte,GO,Centro-Oeste,0.80184895,68.81,11,80.1849,11.374898376464841,False
Várzea Alegre,CE,Nordeste,0.9137508,80.0,47,91.375084,11.375083923339844,False
Uruçuí,PI,Nordeste,0.4633955,34.96,32,46.33955,11.379550018310546,False
Choró,CE,Nordeste,0.9138276,80.0,15,91.38276,11.382759094238281,False
João Lisboa,MA,Nordeste,0.53198266,41.8,32,53.198265,11.398265075683597,False
Santa Rita do Sapucaí,MG,Sudeste,0.6607206,54.67,43,66.07206,11.402059631347655,False
Barra de Santana,PB,Nordeste,0.4661799,35.21,5,46.617992,11.407992401123046,False
Chorozinho,CE,Nordeste,0.9141058,80.0,26,91.410576,11.410575866699219,False
Santana do Cariri,CE,Nordeste,0.9141198,80.0,22,91.41198,11.411979675292969,False
Jauru,MT,Centro-Oeste,0.6353246,52.12,14,63.53246,11.412459259033206,False
Aratuba,CE,Nordeste,0.91414124,80.0,18,91.41412,11.41412353515625,False
Cardoso Moreira,RJ,Sudeste,0.5034915,38.93,12,50.34915,11.419151611328125,False
Cavalcante,GO,Centro-Oeste,0.74899536,63.470000000000006,9,74.899536,11.429536132812494,False
Nanuque,MG,Sudeste,0.68031645,56.6,35,68.03165,11.431646728515624,False
Ipu,CE,Nordeste,0.91444606,80.0,55,91.4446,11.444602966308594,False
Santa Quitéria,CE,Nordeste,0.91455024,80.0,36,91.455025,11.455024719238281,False
Acreúna,GO,Centro-Oeste,0.7354898,62.06,25,73.54898,11.488980712890623,False
Aimorés,MG,Sudeste,0.65395135,53.9,20,65.395134,11.49513397216797,False
Madalena,CE,Nordeste,0.9149937,80.0,19,91.49937,11.499366760253906,False
Novo Oriente,CE,Nordeste,0.9150434,80.0,41,91.50434,11.504341125488281,False
Porangatu,GO,Centro-Oeste,0.6784912,56.34,39,67.84912,11.509121093749997,False
Jequiá da Praia,AL,Nordeste,0.6663842,55.12,14,66.63842,11.518420104980471,False
Carnaubal,CE,Nordeste,0.915322,80.0,27,91.5322,11.532203674316406,False
Santana do Garambéu,MG,Sudeste,0.6419012,52.65,3,64.19012,11.54011688232422,False
Araguanã,TO,Norte,0.5578476,44.23,10,55.784763,11.554763336181644,False
Croatá,CE,Nordeste,0.91557837,80.0,20,91.55784,11.557838439941406,False
Matozinhos,MG,Sudeste,0.64359665,52.79,36,64.359665,11.569664916992188,False
São Benedito,CE,Nordeste,0.9158929,80.0,59,91.58929,11.589286804199219,False
Janaúba,MG,Sudeste,0.6622001,54.63,66,66.22001,11.590008850097654,False
Paraipaba,CE,Nordeste,0.91590804,80.0,43,91.590805,11.590805053710938,False
Itacarambi,MG,Sudeste,0.660998,54.5,16,66.0998,11.599800109863281,False
Curral Velho,PB,Nordeste,0.5617933,44.57,2,56.179333,11.609332733154297,False
Piedade de Caratinga,MG,Sudeste,0.68959564,57.33,14,68.959564,11.629564208984377,False
Felisburgo,MG,Sudeste,0.68429863,56.8,7,68.42986,11.629862976074222,False
Rochedo,MS,Centro-Oeste,0.5675399,45.12,9,56.753986,11.63398635864258,False
Morro Reuter,RS,Sul,0.6787414,56.24,3,67.87414,11.634137878417967,False
Ribeirão Preto,SP,Sudeste,0.5713237,45.48,241,57.13237,11.65236999511719,False
Tumiritinga,MG,Sudeste,0.62632686,50.96,6,62.632687,11.672686614990234,False
Santana do Acaraú,CE,Nordeste,0.9167856,80.0,25,91.67856,11.678558349609375,False
Nova Russas,CE,Nordeste,0.91690403,80.0,36,91.69041,11.690406799316406,False
Juatuba,MG,Sudeste,0.6457416,52.87,40,64.57416,11.704157714843753,False
Horizonte,CE,Nordeste,0.9170978,80.0,77,91.70978,11.70977783203125,False
Olho-d'Água do Borges,RN,Nordeste,0.43103522,31.39,2,43.103523,11.71352325439453,False
Dona Eusébia,MG,Sudeste,0.64190924,52.47,5,64.190926,11.720925598144532,False
Pirapora,MG,Sudeste,0.6625627,54.52,74,66.25627,11.736271362304684,False
Tejuçuoca,CE,Nordeste,0.9175071,80.0,16,91.75071,11.750709533691406,False
Paranaíba,MS,Centro-Oeste,0.49463096,37.71,56,49.463097,11.753096618652343,False
Independência,CE,Nordeste,0.9175979,80.0,14,91.75979,11.759788513183594,False
Babaçulândia,TO,Norte,0.3935981,27.600000000000005,12,39.35981,11.759809875488276,False
Jucás,CE,Nordeste,0.91763246,80.0,34,91.763245,11.76324462890625,False
Mombaça,CE,Nordeste,0.9176372,80.0,42,91.763725,11.763725280761719,False
Assaré,CE,Nordeste,0.9176638,80.0,25,91.76638,11.766380310058594,False
Pedra Branca,CE,Nordeste,0.91779834,80.0,39,91.77983,11.779830932617188,False
Juarez Távora,PB,Nordeste,0.4778895,36.0,8,47.78895,11.788951873779297,False
Camapuã,MS,Centro-Oeste,0.5096615,39.17,12,50.96615,11.796148376464842,False
Ipueiras,CE,Nordeste,0.9180125,80.0,39,91.80125,11.801246643066406,False
Ninheira,MG,Sudeste,0.66111493,54.31,8,66.111496,11.801495971679685,False
Corumbataí,SP,Sudeste,0.61270607,49.46,2,61.270607,11.810606994628905,False
Jijoca de Jericoacoara,CE,Nordeste,0.91822684,80.0,40,91.822685,11.822685241699219,False
Mulungu,CE,Nordeste,0.91823006,80.0,8,91.823006,11.823005676269531,False
Ibiapina,CE,Nordeste,0.91830736,80.0,35,91.830734,11.830734252929688,False
Uruburetama,CE,Nordeste,0.9186428,80.0,22,91.86428,11.864280700683594,False
Pires Ferreira,CE,Nordeste,0.9187534,80.0,9,91.875336,11.875335693359375,False
Pedro Laurentino,PI,Nordeste,0.5620629,44.28,3,56.20629,11.926291198730468,False
São Felipe D'Oeste,RO,Norte,0.6968652,57.760000000000005,9,69.68652,11.926523437499995,False
Barreiras do Piauí,PI,Nordeste,0.5675994,44.83,5,56.75994,11.92994110107422,False
Itaguajé,PR,Sul,0.74699306,62.76,3,74.69931,11.939310302734377,False
Timburi,SP,Sudeste,0.5749403,45.52,2,57.494034,11.97403381347656,False
Mesquita,MG,Sudeste,0.6958895,57.61,4,69.58894,11.978943481445313,False
Ouro Verde de Minas,MG,Sudeste,0.6801218,55.99,8,68.01218,12.022176513671873,False
Morro Cabeça no Tempo,PI,Nordeste,0.42938158,30.91,6,42.938156,12.028156127929687,False
Pará de Minas,MG,Sudeste,0.6993581,57.9,90,69.935814,12.035813903808595,False
Pacoti,CE,Nordeste,0.9204892,80.0,14,92.04892,12.048919677734375,False
Jequitibá,MG,Sudeste,0.690523,57.0,4,69.0523,12.052299499511719,False
Catingueira,PB,Nordeste,0.5178505,39.72,4,51.785053,12.06505325317383,False
Pereiro,CE,Nordeste,0.92069894,80.0,23,92.06989,12.069892883300781,False
Cedro,CE,Nordeste,0.92074454,80.0,19,92.074455,12.074455261230469,False
Morrinhos,CE,Nordeste,0.9209261,80.0,24,92.092606,12.092605590820312,False
Divisa Alegre,MG,Sudeste,0.6781352,55.720000000000006,13,67.81352,12.093522338867182,False
São Sebastião do Anta,MG,Sudeste,0.7391651,61.81,7,73.91651,12.106511535644529,False
Umburatiba,MG,Sudeste,0.7848953,66.38,2,78.48953,12.10953247070313,False
Alto Santo,CE,Nordeste,0.92132384,80.0,22,92.132385,12.13238525390625,False
Granjeiro,CE,Nordeste,0.9214001,80.0,3,92.140015,12.1400146484375,False
Tururu,CE,Nordeste,0.92143744,80.0,19,92.143745,12.143745422363281,False
Presidente Epitácio,SP,Sudeste,0.65707123,53.56,21,65.70712,12.147122802734373,False
Quixelô,CE,Nordeste,0.9154871,79.4,14,91.54871,12.148713684082026,False
Poranga,CE,Nordeste,0.9215517,80.0,12,92.15517,12.155166625976562,False
Barreira,CE,Nordeste,0.9218524,80.0,41,92.18524,12.18524169921875,False
Alexandria,RN,Nordeste,0.36866218,24.68,15,36.86622,12.186218566894532,False
Ressaquinha,MG,Sudeste,0.7183723,59.64,1,71.83723,12.19722686767578,False
Fartura do Piauí,PI,Nordeste,0.55477923,43.27,6,55.477924,12.207924346923825,False
Papagaios,MG,Sudeste,0.6467353,52.46,13,64.67353,12.21353057861328,False
Quixeré,CE,Nordeste,0.9222129,80.0,21,92.22129,12.221290588378906,False
Aramina,SP,Sudeste,0.6139179,49.16,2,61.39179,12.231788482666019,False
Irauçuba,CE,Nordeste,0.9224254,80.0,36,92.24254,12.242538452148438,False
Itatira,CE,Nordeste,0.92249036,80.0,19,92.24904,12.249038696289062,False
Araripe,CE,Nordeste,0.8845126,76.18,35,88.45126,12.271263427734368,False
Nova Castilho,SP,Sudeste,0.5854928,46.27,2,58.54928,12.27927825927734,False
São João do Jaguaribe,CE,Nordeste,0.92132616,79.85,5,92.132614,12.282614135742193,False
Wall Ferraz,PI,Nordeste,0.56414145,44.12,3,56.414146,12.294146423339846,False
Pacujá,CE,Nordeste,0.9230631,80.0,8,92.30631,12.306312561035156,False
Cachoeirinha,TO,Norte,0.4704273,34.72,3,47.042732,12.322732238769532,False
Marumbi,PR,Sul,0.7369492,61.37,4,73.69492,12.324923400878909,False
São Sebastião da Vargem Alegre,MG,Sudeste,0.70122874,57.79,4,70.12287,12.332871398925782,False
Graça,CE,Nordeste,0.92350173,80.0,18,92.350174,12.350173950195312,False
Acorizal,MT,Centro-Oeste,0.5687839,44.52,5,56.878387,12.358387451171872,False
Rialma,GO,Centro-Oeste,0.8247302,70.11,1,82.47302,12.3630224609375,False
Chapadão do Lageado,SC,Sul,0.6936571,57.0,6,69.36571,12.365707397460938,False
Santo Antônio do Pinhal,SP,Sudeste,0.6117696,48.8,5,61.17696,12.376959991455081,False
Barroquinha,CE,Nordeste,0.9238538,80.0,29,92.38538,12.385383605957031,False
Camocim,CE,Nordeste,0.923932,80.0,79,92.3932,12.393203735351562,False
São Paulo,SP,Sudeste,0.5676837,44.37,4692,56.76837,12.398371582031253,False
Cromínia,GO,Centro-Oeste,0.7230301,59.88,5,72.30301,12.423009033203122,False
Boa Ventura,PB,Nordeste,0.48174632,35.73,9,48.174633,12.44463302612305,False
Jaguaretama,CE,Nordeste,0.9245193,80.0,25,92.45193,12.451927185058594,False
Crato,CE,Nordeste,0.9245461,80.0,110,92.45461,12.454612731933594,False
Indiavaí,MT,Centro-Oeste,0.6285795,50.4,4,62.85795,12.457948303222658,False
Hidrolândia,CE,Nordeste,0.924615,80.0,25,92.4615,12.461502075195312,False
Pedrão,BA,Nordeste,0.40330705,27.85,3,40.330704,12.480703735351561,False
Dirce Reis,SP,Sudeste,0.64577997,52.09,1,64.577995,12.487995300292965,False
Nova Rosalândia,TO,Norte,0.516452,39.14,3,51.645203,12.50520263671875,False
Itaguara,MG,Sudeste,0.7332002,60.809999999999995,18,73.32002,12.510022583007817,False
Martinópole,CE,Nordeste,0.92529076,80.0,10,92.529076,12.529075622558594,False
Cana Verde,MG,Sudeste,0.6813034,55.6,4,68.13034,12.530340576171874,False
Jaíba,MG,Sudeste,0.61281025,48.75,75,61.281025,12.531024932861328,False
Tibau do Sul,RN,Nordeste,0.37050298,24.51,23,37.050297,12.540296783447264,False
Abaiara,CE,Nordeste,0.92559403,80.0,13,92.5594,12.559402465820312,False
Queluzito,MG,Sudeste,0.7716167,64.59,3,77.16167,12.571666870117184,False
Bom Repouso,MG,Sudeste,0.7304946,60.44,7,73.04946,12.609461364746096,False
Iracema,CE,Nordeste,0.92642546,80.0,19,92.64255,12.642547607421875,False
Quiterianópolis,CE,Nordeste,0.92660093,80.0,17,92.660095,12.66009521484375,False
Novo Horizonte,SP,Sudeste,0.7726768,64.6,20,77.267685,12.667684936523443,False
Rosário do Sul,RS,Sul,0.54609346,41.94,25,54.609344,12.669344482421877,False
Itaiçaba,CE,Nordeste,0.9270468,80.0,11,92.70468,12.704681396484375,False
Joaquim Felício,MG,Sudeste,0.6966108,56.95,5,69.66108,12.711079406738278,False
Ararendá,CE,Nordeste,0.9271792,80.0,7,92.71792,12.717918395996094,False
Paraopeba,MG,Sudeste,0.666761,53.95,22,66.6761,12.72610168457031,False
Acarape,CE,Nordeste,0.9113758,78.41,15,91.13758,12.727580871582035,False
Pedranópolis,SP,Sudeste,0.5823433,45.5,2,58.23433,12.734329223632812,False
Orós,CE,Nordeste,0.9274834,80.0,19,92.74834,12.748336791992188,False
Quartel Geral,MG,Sudeste,0.6121939,48.47,6,61.219387,12.74938705444336,False
Porteiras,CE,Nordeste,0.9279784,80.0,30,92.79784,12.797836303710938,False
Senador Pompeu,CE,Nordeste,0.9281636,80.0,23,92.81636,12.816360473632812,False
Deputado Irapuan Pinheiro,CE,Nordeste,0.92832845,80.0,8,92.83285,12.832847595214844,False
Piquet Carneiro,CE,Nordeste,0.9283456,80.0,19,92.834564,12.834564208984375,False
Fortim,CE,Nordeste,0.92842126,80.0,22,92.842125,12.842124938964844,False
General Sampaio,CE,Nordeste,0.9284825,80.0,7,92.84824,12.848243713378906,False
Caridade,CE,Nordeste,0.92872983,80.0,17,92.872986,12.87298583984375,False
Nova União,MG,Sudeste,0.66098005,53.22,7,66.09801,12.878007202148439,False
Baixio,CE,Nordeste,0.92896664,80.0,5,92.89667,12.89666748046875,False
Porto Mauá,RS,Sul,0.60119706,47.22,4,60.119705,12.899705200195314,False
Jaguaribara,CE,Nordeste,0.9290861,80.0,16,92.90861,12.908607482910156,False
Cafezal do Sul,PR,Sul,0.7264002,59.73,5,72.64002,12.910022277832034,False
Monsenhor Tabosa,CE,Nordeste,0.92912394,80.0,19,92.91239,12.912391662597656,False
Rio dos Bois,TO,Norte,0.37338772,24.42,3,37.33877,12.918771820068358,False
Campo Belo do Sul,SC,Sul,0.6075213,47.83,3,60.75213,12.92212860107422,False
Coreaú,CE,Nordeste,0.9292534,80.0,19,92.92534,12.925338745117188,False
Santana do Riacho,MG,Sudeste,0.7697876,64.05,1,76.97876,12.928759765625003,False
Cacaulândia,RO,Norte,0.7177168,58.84,5,71.77168,12.931682739257809,False
Lavras da Mangabeira,CE,Nordeste,0.89012104,76.08,27,89.01211,12.932107849121095,False
Missão Velha,CE,Nordeste,0.88495106,75.55,38,88.4951,12.94510192871094,False
Varjota,CE,Nordeste,0.92970806,80.0,22,92.97081,12.970809936523438,False
Vieirópolis,PB,Nordeste,0.48349786,35.36,4,48.349785,12.98978485107422,False
Potengi,CE,Nordeste,0.93067706,80.0,10,93.0677,13.067703247070312,False
Senador Sá,CE,Nordeste,0.9306796,80.0,10,93.06796,13.067962646484375,False
Raposos,MG,Sudeste,0.66654325,53.57,11,66.65433,13.084327392578125,False
Altaneira,CE,Nordeste,0.9308449,80.0,10,93.08449,13.084487915039062,False
Pedralva,MG,Sudeste,0.6811221,55.01,9,68.11221,13.102213134765627,False
Cosmópolis,SP,Sudeste,0.7053641,57.43,29,70.53641,13.106407470703125,False
Antonina do Norte,CE,Nordeste,0.9312402,80.0,10,93.12402,13.1240234375,False
Bom Sucesso,PR,Sul,0.71035457,57.91,5,71.03545,13.125453796386722,False
Itatuba,PB,Nordeste,0.43661207,30.53,15,43.661205,13.131205291748046,False
Itapiúna,CE,Nordeste,0.93134826,80.0,13,93.13483,13.13482666015625,False
Virgem da Lapa,MG,Sudeste,0.6818028,55.04,7,68.18028,13.140282592773438,False
Quixeramobim,CE,Nordeste,0.93148386,80.0,93,93.148384,13.148384094238281,False
Praia Norte,TO,Norte,0.3817047,25.02,8,38.170467,13.150467376708985,False
Lima Duarte,MG,Sudeste,0.650996,51.94,14,65.0996,13.159601745605471,False
Iguaraçu,PR,Sul,0.68874735,55.71,6,68.87473,13.164732971191405,False
Frutuoso Gomes,RN,Nordeste,0.40259472,27.09,6,40.25947,13.169471893310547,False
Meruoca,CE,Nordeste,0.93169737,80.0,10,93.16974,13.16973876953125,False
Catunda,CE,Nordeste,0.9318144,80.0,11,93.181435,13.181434631347656,False
Bocaiúva do Sul,PR,Sul,0.6739552,54.2,26,67.39552,13.19552307128906,False
Monte Santo do Tocantins,TO,Norte,0.49673247,36.45,4,49.67325,13.223248291015622,False
Ipaporanga,CE,Nordeste,0.9324657,80.0,10,93.24657,13.246566772460938,False
Montividiu,GO,Centro-Oeste,0.8149763,68.25,11,81.49763,13.247627258300781,False
Reriutaba,CE,Nordeste,0.93259305,80.0,26,93.25931,13.259307861328125,False
Campo Alegre do Fidalgo,PI,Nordeste,0.58223295,44.96,4,58.223297,13.263297119140624,False
Vila Flor,RN,Nordeste,0.39750695,26.429999999999996,7,39.750694,13.320694274902348,False
Ererê,CE,Nordeste,0.9333412,80.0,7,93.33412,13.334121704101562,False
Crateús,CE,Nordeste,0.93343073,80.0,92,93.34307,13.343070983886719,False
Potiretama,CE,Nordeste,0.9334943,80.0,6,93.349434,13.349433898925781,False
São Benedito do Sul,PE,Nordeste,0.5473731,41.36,9,54.737312,13.377312316894532,False
Groaíras,CE,Nordeste,0.93398976,80.0,13,93.39898,13.398979187011719,False
Frecheirinha,CE,Nordeste,0.93403184,80.0,19,93.40318,13.403182983398438,False
Dirceu Arcoverde,PI,Nordeste,0.53557307,40.14,4,53.55731,13.417308197021484,False
Tarrafas,CE,Nordeste,0.9342475,80.0,8,93.42475,13.424751281738281,False
Vieiras,MG,Sudeste,0.68742335,55.31,5,68.74233,13.432332458496091,False
Cariré,CE,Nordeste,0.93438727,80.0,12,93.43873,13.438728332519531,False
São José do Barreiro,SP,Sudeste,0.57826585,44.38,2,57.826584,13.446583862304685,False
Paramoti,CE,Nordeste,0.9344948,80.0,7,93.44948,13.449478149414062,False
São João do Paraíso,MA,Nordeste,0.53810346,40.36,15,53.810345,13.450344696044922,False
Santa Terezinha do Progresso,SC,Sul,0.71879405,58.41,2,71.8794,13.469402160644535,False
Forquilha,CE,Nordeste,0.9348208,80.0,19,93.48208,13.482078552246094,False
Penaforte,CE,Nordeste,0.9153208,78.04,4,91.53208,13.4920816040039,False
São José do Campestre,RN,Nordeste,0.38498667,25.0,11,38.49867,13.498668670654297,False
São João Batista,MA,Nordeste,0.5016642,36.65,7,50.166424,13.516423797607423,False
Moraújo,CE,Nordeste,0.9353253,80.0,8,93.53253,13.53253173828125,False
Mar de Espanha,MG,Sudeste,0.7253552,59.0,14,72.53552,13.5355224609375,False
Santo Amaro do Maranhão,MA,Nordeste,0.53763366,40.2,11,53.763367,13.563366699218747,False
Minador do Negrão,AL,Nordeste,0.5068323,37.11,7,50.68323,13.573231353759766,False
Tamboril,CE,Nordeste,0.9357436,80.0,31,93.574356,13.574356079101562,False
Solonópole,CE,Nordeste,0.9357514,80.0,18,93.575134,13.57513427734375,False
Palmácia,CE,Nordeste,0.93607354,80.0,11,93.60735,13.607353210449219,False
Milhã,CE,Nordeste,0.9361933,80.0,15,93.61933,13.619331359863281,False
Campinas,SP,Sudeste,0.61397266,47.76,413,61.397266,13.637266387939455,False
Ipaumirim,CE,Nordeste,0.9365457,80.0,20,93.65457,13.654571533203125,False
Araçuaí,MG,Sudeste,0.63739794,50.02,34,63.739796,13.71979568481445,False
Alcântaras,CE,Nordeste,0.93731207,80.0,13,93.73121,13.731208801269531,False
Anastácio,MS,Centro-Oeste,0.4831798,34.56,43,48.31798,13.7579817199707,False
São Miguel do Tapuio,PI,Nordeste,0.5077436,36.96,8,50.77436,13.81436065673828,False
Floresta,PE,Nordeste,0.5413977,40.31,23,54.13977,13.829770507812498,False
São Francisco,MG,Sudeste,0.6554648,51.71,59,65.546486,13.836485900878905,False
Padre Paraíso,MG,Sudeste,0.67908615,54.04,23,67.908615,13.868615112304688,False
Estrela do Sul,MG,Sudeste,0.6611022,52.24,4,66.110214,13.870214233398436,False
Tasso Fragoso,MA,Nordeste,0.64624375,50.74,13,64.624374,13.884374389648436,False
Conselheiro Mairinck,PR,Sul,0.7012519,56.22,9,70.12519,13.905190734863282,False
Jacinto,MG,Sudeste,0.64888245,50.97,11,64.888245,13.918244628906251,False
Mateiros,TO,Norte,0.48697105,34.77,2,48.697105,13.92710540771484,False
Mimoso de Goiás,GO,Centro-Oeste,0.827629,68.83,2,82.7629,13.932901306152345,False
Mucambo,CE,Nordeste,0.93943757,80.0,10,93.943756,13.943756103515625,False
Senador La Rocque,MA,Nordeste,0.5316658,39.21,21,53.16658,13.956580200195312,False
Padre Carvalho,MG,Sudeste,0.66423595,52.45,6,66.42359,13.973591613769528,False
Joviânia,GO,Centro-Oeste,0.75558895,61.57,6,75.55889,13.988891296386718,False
Alvinópolis,MG,Sudeste,0.6816304,54.11999999999999,12,68.16304,14.043040161132822,False
Tanquinho,BA,Nordeste,0.40003124,25.95,5,40.003124,14.053124237060548,False
Itapebi,BA,Nordeste,0.35628012,21.57,8,35.628014,14.058013610839843,False
Cariús,CE,Nordeste,0.9406241,80.0,13,94.06241,14.062408447265625,False
Pedra Dourada,MG,Sudeste,0.7224148,58.09,4,72.24148,14.15147796630859,False
Bocaina,SP,Sudeste,0.5384588,39.68,2,53.845882,14.165882415771485,False
Rio do Prado,MG,Sudeste,0.7159084,57.42,5,71.59084,14.170843200683592,False
Heitoraí,GO,Centro-Oeste,0.72133285,57.96,3,72.133286,14.173285522460937,False
Periquito,MG,Sudeste,0.6510623,50.919999999999995,9,65.10623,14.18623168945313,False
Brejo de Areia,MA,Nordeste,0.54374963,40.15,12,54.37496,14.224961853027345,False
Inhangapi,PA,Norte,0.43235725,29.0,8,43.235725,14.235725402832031,False
Japaratinga,AL,Nordeste,0.44525275,30.27,10,44.525276,14.255276184082032,False
Aparecida do Rio Doce,GO,Centro-Oeste,0.77237654,62.97,3,77.237656,14.267655639648439,False
Nova Olinda,CE,Nordeste,0.94292694,80.0,25,94.292694,14.292694091796875,False
Heliodora,MG,Sudeste,0.67839354,53.53,3,67.839355,14.309355468749999,False
Uruoca,CE,Nordeste,0.94313127,80.0,23,94.313126,14.313125610351562,False
Peri Mirim,MA,Nordeste,0.56436896,42.07,10,56.436897,14.366897277832031,False
Turmalina,SP,Sudeste,0.6544384,51.04,1,65.44384,14.40384002685547,False
Aiuaba,CE,Nordeste,0.90332425,75.88,13,90.33243,14.45242797851563,False
Oliveira,MG,Sudeste,0.6919347,54.71,29,69.193474,14.483473815917968,False
Pugmil,TO,Norte,0.42359453,27.85,4,42.359455,14.509455108642577,False
Pintópolis,MG,Sudeste,0.6773862,53.21,12,67.738625,14.528624572753905,False
Alpercata,MG,Sudeste,0.6617062,51.63,8,66.17062,14.540623779296872,False
Perobal,PR,Sul,0.7587669,61.32,11,75.876686,14.556686096191406,False
Bocaina de Minas,MG,Sudeste,0.69538033,54.93,2,69.53803,14.608032531738282,False
São Joaquim da Barra,SP,Sudeste,0.6573096,51.12,21,65.73096,14.610957031250003,False
Senador Cortes,MG,Sudeste,0.6274503,48.13,2,62.74503,14.615029449462888,False
Emilianópolis,SP,Sudeste,0.67796075,53.16,2,67.796074,14.636073913574222,False
Chaval,CE,Nordeste,0.9065039,76.01,16,90.65039,14.640390624999995,False
Japi,RN,Nordeste,0.3663299,21.97,8,36.63299,14.662991790771486,False
São Joaquim,SC,Sul,0.5594064,41.26,26,55.94064,14.680639495849611,False
Floresta Azul,BA,Nordeste,0.36457714,21.74,8,36.457714,14.717714080810548,False
Ilicínea,MG,Sudeste,0.6620777,51.49,12,66.20777,14.71777130126953,False
Galiléia,MG,Sudeste,0.6734,52.6,8,67.34,14.739996337890624,False
Funilândia,MG,Sudeste,0.7091935,56.12,3,70.91935,14.799349670410159,False
Salto da Divisa,MG,Sudeste,0.6437822,49.57,6,64.37822,14.808219604492187,False
Saboeiro,CE,Nordeste,0.9088972,76.08,14,90.889725,14.809724731445314,False
Matrinchã,GO,Centro-Oeste,0.7791501,63.07,5,77.915016,14.845016174316406,False
Alagoa Nova,PB,Nordeste,0.60205656,45.33,25,60.205658,14.875657958984377,False
Igaracy,PB,Nordeste,0.5101325,36.1,8,51.01325,14.913248443603514,False
Porciúncula,RJ,Sudeste,0.5704675,42.11,11,57.046745,14.93674530029297,False
Vila Nova do Sul,RS,Sul,0.6909415,54.11,4,69.094154,14.984154357910157,False
Buritizeiro,MG,Sudeste,0.5933732,44.21,37,59.33732,15.127318420410155,False
Guaiúba,CE,Nordeste,0.89082414,73.87,20,89.08241,15.212412719726558,False
São Francisco de Goiás,GO,Centro-Oeste,0.77673507,62.43,16,77.67351,15.243507690429688,False
São Francisco do Glória,MG,Sudeste,0.78070253,62.82,1,78.07025,15.25025146484375,False
Augusto de Lima,MG,Sudeste,0.6864322,53.39,5,68.64322,15.253218994140624,False
Teresina de Goiás,GO,Centro-Oeste,0.75970143,60.67,3,75.970146,15.300146179199217,False
Monte Belo,MG,Sudeste,0.7048198,55.11,9,70.48198,15.371979370117188,False
Virginópolis,MG,Sudeste,0.6532343,49.9,15,65.32343,15.423432922363283,False
Manhuaçu,MG,Sudeste,0.6903544,53.58,96,69.03544,15.455438537597658,False
Rio Negro,MS,Centro-Oeste,0.7301338,57.54,8,73.013374,15.473374328613282,False
São Pedro da Água Branca,MA,Nordeste,0.55404437,39.87,22,55.404438,15.53443801879883,False
Lagoa do Tocantins,TO,Norte,0.43461752,27.88,5,43.461754,15.581753845214845,False
Apiacá,ES,Sudeste,0.77570516,61.98,5,77.57052,15.590518493652347,False
Querência do Norte,PR,Sul,0.6648098,50.89,19,66.48098,15.590979919433593,False
Saldanha Marinho,RS,Sul,0.6439416,48.79,1,64.39416,15.60415740966797,False
Nova Porteirinha,MG,Sudeste,0.63281095,47.65,7,63.281094,15.63109359741211,False
Mirim Doce,SC,Sul,0.6118149,45.54999999999999,3,61.18149,15.63149185180665,False
Arinos,MG,Sudeste,0.66531736,50.89,23,66.53174,15.64173828125,False
São João das Missões,MG,Sudeste,0.62724566,47.08,6,62.724567,15.64456741333008,False
Serra Azul,SP,Sudeste,0.46815628,31.16,4,46.815628,15.655628051757812,False
Paulistânia,SP,Sudeste,0.6038707,44.71,1,60.38707,15.677069702148437,False
Aurora,CE,Nordeste,0.8965299,73.96,17,89.65299,15.692992248535163,False
Bequimão,MA,Nordeste,0.55628866,39.93,6,55.628864,15.698864288330078,False
Canabrava do Norte,MT,Centro-Oeste,0.5719454,41.47,6,57.194542,15.724541931152345,False
Indianópolis,MG,Sudeste,0.64764905,49.02,5,64.76491,15.74490783691406,False
Ouro Branco,AL,Nordeste,0.4329185,27.52,7,43.291847,15.771847229003907,False
Joaíma,MG,Sudeste,0.64694893,48.92,11,64.69489,15.77489288330078,False
Cordislândia,MG,Sudeste,0.6827075,52.49,3,68.27075,15.780751953124998,False
Capinzal do Norte,MA,Nordeste,0.58180445,42.37,6,58.180447,15.810446624755862,False
Santa Cruz da Esperança,SP,Sudeste,0.67278934,51.45,1,67.27893,15.828930664062497,False
Almenara,MG,Sudeste,0.6142095,45.59,42,61.420948,15.83094802856445,False
Pedro Velho,RN,Nordeste,0.39704973,23.8,8,39.70497,15.904971313476562,False
São Félix do Piauí,PI,Nordeste,0.581904,42.27,3,58.1904,15.920399169921872,False
Messias Targino,RN,Nordeste,0.39896023,23.97,4,39.896023,15.92602279663086,False
Iapu,MG,Sudeste,0.59598446,43.66,10,59.598446,15.938445892333988,False
Embu das Artes,SP,Sudeste,0.5549437,39.54,148,55.49437,15.954369506835938,False
Boa Vista do Ramos,AM,Norte,0.4933674,33.37,18,49.33674,15.966738586425784,False
São Félix do Araguaia,MT,Centro-Oeste,0.5759622,41.62,19,57.59622,15.976218109130862,False
Zacarias,SP,Sudeste,0.6076508,44.78,2,60.765083,15.98508331298828,False
Manga,MG,Sudeste,0.47239152,31.24,24,47.23915,15.999151000976564,False
Santa Filomena do Maranhão,MA,Nordeste,0.5908586,43.08,6,59.085857,16.005857391357424,False
São Rafael,RN,Nordeste,0.4289988,26.88,1,42.89988,16.019879455566407,False
Matias Cardoso,MG,Sudeste,0.60264516,44.2,13,60.264515,16.0645149230957,False
Tartarugalzinho,AP,Norte,0.55138063,39.04,46,55.13806,16.0980615234375,False
Sossêgo,PB,Nordeste,0.4154237,25.43,1,41.54237,16.112369842529297,False
Palhano,CE,Nordeste,0.88220495,72.04,13,88.2205,16.18049713134765,False
Bom Jardim da Serra,SC,Sul,0.6300147,46.82,3,63.001472,16.18147247314453,False
Sítio d'Abadia,GO,Centro-Oeste,0.7761469,61.35,3,77.614685,16.26468505859375,False
Cezarina,GO,Centro-Oeste,0.6366273,47.38,8,63.66273,16.282731170654294,False
Muribeca,SE,Nordeste,0.3193129,15.64,5,31.93129,16.291289672851562,False
Bandeirantes,MS,Centro-Oeste,0.49502054,33.17,15,49.502052,16.332052307128905,False
Sebastião Barros,PI,Nordeste,0.4959459,33.21,4,49.59459,16.384589233398437,False
Ipanguaçu,RN,Nordeste,0.36519817,20.1,16,36.519817,16.41981735229492,False
Presidente Juscelino,MA,Nordeste,0.59919536,43.48,2,59.919537,16.439536590576175,False
Inhaúma,MG,Sudeste,0.688173,52.36,6,68.8173,16.457298889160157,False
Vera,MT,Centro-Oeste,0.58017355,41.54,18,58.017357,16.477356872558595,False
Piau,MG,Sudeste,0.5324562,36.74,4,53.24562,16.50562072753906,False
Córrego Novo,MG,Sudeste,0.68617225,52.11,2,68.617226,16.507225646972657,False
São Domingos,GO,Centro-Oeste,0.6779058,51.24,12,67.79058,16.550580749511717,False
Natalândia,MG,Sudeste,0.7084534,54.28,4,70.845345,16.56534454345703,False
Umirim,CE,Nordeste,0.8645788,69.88,22,86.45788,16.577878112792973,False
São João de Iracema,SP,Sudeste,0.66358596,49.78,1,66.3586,16.57859680175781,False
Goiatins,TO,Norte,0.3538853,18.74,15,35.38853,16.648530731201173,False
Iguatu,CE,Nordeste,0.7710413,60.44,67,77.104126,16.664125976562502,False
São João da Lagoa,MG,Sudeste,0.7167394,54.91,5,71.67394,16.763942565917972,False
Muzambinho,MG,Sudeste,0.6600693,49.23,25,66.00693,16.776927490234378,False
Itapuí,SP,Sudeste,0.5856655,41.78,9,58.56655,16.786551208496093,False
Morro do Chapéu do Piauí,PI,Nordeste,0.5277318,35.98,7,52.77318,16.79317810058594,False
Luislândia,MG,Sudeste,0.7174453,54.93,4,71.74453,16.814529724121094,False
Ponte Alta do Bom Jesus,TO,Norte,0.3188964,15.03,2,31.88964,16.859640808105468,False
Rio do Fogo,RN,Nordeste,0.3833765,21.44,14,38.33765,16.897650299072264,False
Chapada do Norte,MG,Sudeste,0.6419728,47.26,5,64.19728,16.937280883789064,False
Santa Maria do Salto,MG,Sudeste,0.6961102,52.64,5,69.611015,16.971015319824218,False
Bom Despacho,MG,Sudeste,0.6578413,48.79,53,65.784134,16.994133911132813,False
Jequitinhonha,MG,Sudeste,0.66778815,49.76,19,66.77882,17.018816223144533,False
Apicum-Açu,MA,Nordeste,0.555441,38.52,17,55.5441,17.024101715087887,False
Francisco Sá,MG,Sudeste,0.6478372,47.71,17,64.78372,17.073721923828124,False
Jati,CE,Nordeste,0.9231348,75.23,8,92.31348,17.083476562499996,False
Borba,AM,Norte,0.5260112,35.51,42,52.601124,17.091123809814455,False
Sobral,CE,Nordeste,0.97098976,80.0,241,97.098976,17.098976135253906,False
Honório Serpa,PR,Sul,0.771071,59.97,11,77.1071,17.13710144042969,False
Nonoai,RS,Sul,0.6528957,48.14,11,65.289566,17.149566040039062,False
Pio XII,MA,Nordeste,0.49266538,32.07,21,49.266537,17.196536712646484,False
São José do Mantimento,MG,Sudeste,0.7023944,53.01,4,70.23944,17.229440917968752,False
Maraã,AM,Norte,0.45334372,28.09,18,45.334373,17.244373474121094,False
Varzelândia,MG,Sudeste,0.69439167,52.17999999999999,12,69.43916,17.25916320800782,False
Rio Novo,MG,Sudeste,0.62744284,45.41,9,62.744286,17.334285583496097,False
Catolândia,BA,Nordeste,0.33612368,16.24,3,33.612366,17.37236572265625,False
Tufilândia,MA,Nordeste,0.58982575,41.57,8,58.982574,17.412574462890625,False
Guaraciama,MG,Sudeste,0.6545259,48.04,5,65.45259,17.412590942382813,False
Novo Oriente de Minas,MG,Sudeste,0.6809943,50.62,8,68.09943,17.479426269531253,False
Várzea Branca,PI,Nordeste,0.50862265,33.18,4,50.862267,17.682266540527344,False
Inocência,MS,Centro-Oeste,0.5827163,40.51,6,58.27163,17.761629333496096,False
Tupiratins,TO,Norte,0.5000487,32.22,3,50.00487,17.784871368408204,False
Planura,MG,Sudeste,0.6929429,51.44,16,69.29429,17.85428863525391,False
Bom Jardim de Minas,MG,Sudeste,0.70840645,52.98,6,70.840645,17.860644836425784,False
Rio Acima,MG,Sudeste,0.6480366,46.93,11,64.80366,17.87365753173828,False
Santana de Pirapama,MG,Sudeste,0.68268585,50.29,6,68.268585,17.978585205078126,False
Santa Rita de Jacutinga,MG,Sudeste,0.6569164,47.7,3,65.691635,17.991635131835935,False
Serranópolis,GO,Centro-Oeste,0.76765525,58.7,10,76.765526,18.06552581787109,False
Arneiroz,CE,Nordeste,0.927192,74.62,9,92.7192,18.09920013427734,False
Isaías Coelho,PI,Nordeste,0.53132993,35.03,16,53.13299,18.102991790771483,False
Vazante,MG,Sudeste,0.67749697,49.64,23,67.749695,18.10969482421875,False
Brazabrantes,GO,Centro-Oeste,0.7214751,54.03,7,72.147514,18.117514343261718,False
Agricolândia,PI,Nordeste,0.5768106,39.55,6,57.68106,18.131060791015628,False
Sussuapara,PI,Nordeste,0.5252729,34.28,7,52.52729,18.24729034423828,False
Almas,TO,Norte,0.40901065,22.649999999999995,10,40.901066,18.25106582641602,False
Cariri do Tocantins,TO,Norte,0.40754426,22.48,6,40.754425,18.274425048828125,False
São João da Fronteira,PI,Nordeste,0.524326,34.14,11,52.432602,18.292601928710937,False
Águas Vermelhas,MG,Sudeste,0.67020935,48.71,11,67.020935,18.31093505859375,False
Bocaina do Sul,SC,Sul,0.6384552,45.49,4,63.84552,18.355520019531248,False
Itanhomi,MG,Sudeste,0.65602475,47.22,14,65.60248,18.38247802734375,False
Palmeiras do Tocantins,TO,Norte,0.43464324,25.06,12,43.464325,18.404324951171876,False
Paranapuã,SP,Sudeste,0.5785264,39.38,2,57.85264,18.472638244628904,False
Cristália,MG,Sudeste,0.5208249,33.57,1,52.08249,18.512489013671875,False
Canápolis,MG,Sudeste,0.6968593,51.07,9,69.68593,18.615928344726562,False
Mambaí,GO,Centro-Oeste,0.7392837,55.28,7,73.92837,18.648367614746093,False
Campos Lindos,TO,Norte,0.41580632,22.91,12,41.58063,18.670631256103515,False
Campos Novos Paulista,SP,Sudeste,0.5778932,39.06,4,57.789318,18.729318084716795,False
Caxingó,PI,Nordeste,0.4625045,27.47,1,46.25045,18.780450134277345,False
Selvíria,MS,Centro-Oeste,0.52669096,33.87,10,52.669098,18.799097900390628,False
Santa Efigênia de Minas,MG,Sudeste,0.68033415,49.21,7,68.03342,18.823416748046874,False
Buritinópolis,GO,Centro-Oeste,0.73209643,54.330000000000005,3,73.20964,18.879640502929682,False
Laranjal,MG,Sudeste,0.6544405,46.49,5,65.44405,18.95405364990234,False
Corinto,MG,Sudeste,0.65297896,46.3,33,65.2979,18.99789733886719,False
Guiricema,MG,Sudeste,0.6947379,50.41,3,69.47379,19.06379302978516,False
Jequitaí,MG,Sudeste,0.65341794,46.21,7,65.3418,19.131796875,False
Lagoa,PB,Nordeste,0.5136757,32.22,6,51.36757,19.147568969726564,False
Diamante,PB,Nordeste,0.51411504,32.22,3,51.411503,19.191502838134767,False
Chácara,MG,Sudeste,0.5515685,35.95,6,55.156853,19.206852722167966,False
Araguapaz,GO,Centro-Oeste,0.68437076,49.16,12,68.43707,19.277072753906253,False
Munhoz de Melo,PR,Sul,0.76946515,57.66,6,76.94652,19.28651794433594,False
Barro,CE,Nordeste,0.8913747,69.8,17,89.137474,19.337474060058597,False
Tupaciguara,MG,Sudeste,0.6477396,45.41,21,64.77396,19.36395629882813,False
Reduto,MG,Sudeste,0.651632,45.77,8,65.1632,19.393200378417966,False
Dores de Guanhães,MG,Sudeste,0.6801756,48.52,3,68.01756,19.497562866210934,False
Angicos,RN,Nordeste,0.45911297,26.39,7,45.911297,19.52129684448242,False
Sardoá,MG,Sudeste,0.7091633,51.34,5,70.91633,19.576328430175778,False
Piedade do Rio Grande,MG,Sudeste,0.5612163,36.5,6,56.121628,19.621627807617188,False
Centenário,TO,Norte,0.50165033,30.54,2,50.16503,19.62503143310547,False
Capitão Andrade,MG,Sudeste,0.663777,46.67,2,66.3777,19.70770080566406,False
Curral Novo do Piauí,PI,Nordeste,0.42581698,22.86,7,42.5817,19.72169937133789,False
Jerumenha,PI,Nordeste,0.5327142,33.53,2,53.27142,19.741419525146483,False
Couto de Magalhães de Minas,MG,Sudeste,0.7355409,53.63,5,73.55409,19.92409240722656,False
Sabinópolis,MG,Sudeste,0.6674232,46.78,7,66.74232,19.96231719970703,False
Pingo-d'Água,MG,Sudeste,0.6146564,41.49,5,61.465637,19.975637207031248,False
Poté,MG,Sudeste,0.6778755,47.81,15,67.78755,19.97755187988281,False
Curvelândia,MT,Centro-Oeste,0.60168177,40.14,6,60.16818,20.02817855834961,False
Bonópolis,GO,Centro-Oeste,0.7405421,54.0,4,74.054214,20.054214477539062,False
Goiandira,GO,Centro-Oeste,0.70422435,50.36,5,70.42243,20.062431945800782,False
Pium,TO,Norte,0.49221435,29.05,5,49.221436,20.171435546875,False
Itaporanga,PB,Nordeste,0.45153633,24.899999999999995,10,45.153633,20.253633117675786,False
Cuité de Mamanguape,PB,Nordeste,0.36311635,16.05,7,36.311634,20.261634063720702,False
Santa Fé do Araguaia,TO,Norte,0.4376274,23.48,7,43.76274,20.282741088867187,False
Engenheiro Navarro,MG,Sudeste,0.70797455,50.36,9,70.797455,20.437454833984376,False
Fernando Falcão,MA,Nordeste,0.57451946,36.99,11,57.451946,20.46194625854492,False
Novo Lino,AL,Nordeste,0.5502685,34.56,8,55.026848,20.466847839355466,False
Bom Retiro,SC,Sul,0.59941345,39.4,8,59.941345,20.54134521484375,False
Lagoa Alegre,PI,Nordeste,0.49374697,28.809999999999995,9,49.374695,20.564694824218755,False
Inimutaba,MG,Sudeste,0.6743322,46.85,9,67.43322,20.583219909667967,False
Águas Frias,SC,Sul,0.69311184,48.72,5,69.31118,20.591180114746095,False
Presidente Castello Branco,SC,Sul,0.7303913,52.43,3,73.03913,20.60913116455078,False
Vale do Anari,RO,Norte,0.6429524,43.54,12,64.295235,20.755234680175782,False
Filadélfia,TO,Norte,0.38808227,18.04,8,38.808228,20.7682275390625,False
Barra do Ouro,TO,Norte,0.38825673,18.0,11,38.825672,20.825672149658203,False
Laguna,SC,Sul,0.6102261,40.16,26,61.02261,20.862609710693363,False
Lagoa dos Patos,MG,Sudeste,0.6805843,47.19,2,68.05843,20.868433532714846,False
Catuji,MG,Sudeste,0.6351538,42.58,8,63.515377,20.935377044677736,False
Campo Largo do Piauí,PI,Nordeste,0.45513985,24.57,7,45.513985,20.94398468017578,False
Tamboara,PR,Sul,0.7391554,52.89000000000001,5,73.91554,21.025542602539055,False
Gouvelândia,GO,Centro-Oeste,0.67177105,46.07,8,67.17711,21.107108764648437,False
Rodeiro,MG,Sudeste,0.71652967,50.42,10,71.65297,21.23296936035156,False
Cabeceira Grande,MG,Sudeste,0.6794187,46.70000000000001,4,67.94187,21.241871643066396,False
Alpinópolis,MG,Sudeste,0.6968116,48.26,13,69.68116,21.421159973144533,False
Arco-Íris,SP,Sudeste,0.5720756,35.72,3,57.20756,21.487561492919923,False
Itamarati de Minas,MG,Sudeste,0.7481614,53.26,1,74.81614,21.55613922119141,False
Carmésia,MG,Sudeste,0.58453685,36.86,3,58.453686,21.593685760498047,False
Fronteira dos Vales,MG,Sudeste,0.65440863,43.82,6,65.440865,21.62086456298828,False
Alvorada D'Oeste,RO,Norte,0.5799426,36.33,22,57.99426,21.664258880615236,False
Ibitiúra de Minas,MG,Sudeste,0.6640253,44.57,3,66.40253,21.83252685546875,False
Canto do Buriti,PI,Nordeste,0.4191943,20.06,28,41.91943,21.859429779052736,False
Santa Filomena,PI,Nordeste,0.5680491,34.92,21,56.80491,21.884908752441405,False
Divino das Laranjeiras,MG,Sudeste,0.694459,47.5,6,69.4459,21.945899963378906,False
Comendador Gomes,MG,Sudeste,0.6469674,42.41,5,64.69674,22.286739196777347,False
Divisópolis,MG,Sudeste,0.7072706,48.44,7,70.727066,22.287066040039065,False
Flora Rica,SP,Sudeste,0.59384316,37.09,1,59.384315,22.294315490722653,False
Caseara,TO,Norte,0.4632015,23.89,8,46.32015,22.430148468017578,False
Ladainha,MG,Sudeste,0.53509474,31.02,9,53.509476,22.489475708007813,False
Cataguases,MG,Sudeste,0.6516952,42.669999999999995,47,65.16952,22.49951751708985,False
São José do Divino,MG,Sudeste,0.73594236,50.96,4,73.59424,22.63423828125,False
Amapá do Maranhão,MA,Nordeste,0.52825,30.170000000000005,9,52.824997,22.654996948242182,False
Porto Alegre do Tocantins,TO,Norte,0.35150716,12.49,7,35.150715,22.660714874267576,False
Saúde,BA,Nordeste,0.44489264,21.63,8,44.489265,22.859265441894532,False
Douradina,MS,Centro-Oeste,0.5881798,35.93,6,58.81798,22.887981719970703,False
Caraí,MG,Sudeste,0.70986116,48.07,17,70.986115,22.916114501953125,False
Materlândia,MG,Sudeste,0.6659884,43.68,3,66.59884,22.918838806152344,False
Rio Vermelho,MG,Sudeste,0.7267827,49.66,5,72.67827,23.01826843261719,False
Coromandel,MG,Sudeste,0.71317756,47.93,32,71.31776,23.38775665283203,False
Manoel Viana,RS,Sul,0.5920468,35.72,4,59.20468,23.484681396484376,False
Campanha,MG,Sudeste,0.7149464,48.0,13,71.49464,23.49463653564453,False
Itapirapuã,GO,Centro-Oeste,0.64735186,41.17,7,64.73518,23.56518371582031,False
Alvarenga,MG,Sudeste,0.69512695,45.84,7,69.512695,23.672695312499997,False
Ewbank da Câmara,MG,Sudeste,0.6604442,42.36,3,66.04442,23.684418334960938,False
Mauá,SP,Sudeste,0.7529155,51.29,216,75.29155,24.00154968261719,False
Serra da Raiz,PB,Nordeste,0.4833859,24.28,2,48.33859,24.05858871459961,False
Esperança Nova,PR,Sul,0.7234025,48.13,4,72.34025,24.210248107910154,False
Ibiraci,MG,Sudeste,0.64040834,39.73,27,64.04083,24.310832519531253,False
Geminiano,PI,Nordeste,0.51102406,26.56,6,51.102406,24.542405548095704,False
Guarani de Goiás,GO,Centro-Oeste,0.63906616,39.09,6,63.906616,24.816616210937497,False
Santa Fé de Minas,MG,Sudeste,0.65105176,40.26,2,65.10518,24.845178833007814,False
Alvorada de Minas,MG,Sudeste,0.73314905,47.88,4,73.3149,25.43490325927734,False
São Domingos do Azeitão,MA,Nordeste,0.5494987,29.51,12,54.949867,25.439867248535155,False
Divino de São Lourenço,ES,Sudeste,0.7733893,51.589999999999996,11,77.33893,25.748928222656254,False
Serranos,MG,Sudeste,0.70829654,44.9,1,70.82965,25.92965087890625,False
Cabeceiras do Piauí,PI,Nordeste,0.53001887,26.93,10,53.00189,26.071888275146485,False
São Miguel da Baixa Grande,PI,Nordeste,0.5743742,31.36,3,57.43742,26.077419891357422,False
Ipueiras,TO,Norte,0.60725784,34.46,1,60.725784,26.26578430175781,False
Nossa Senhora de Nazaré,PI,Nordeste,0.5524813,28.91,4,55.24813,26.338130798339844,False
Bom Jesus do Araguaia,MT,Centro-Oeste,0.64691997,38.34,9,64.69199,26.351993713378903,False
Iraí de Minas,MG,Sudeste,0.71215326,44.85,4,71.215324,26.365324401855467,False
Almino Afonso,RN,Nordeste,0.4343539,17.02,5,43.43539,26.41539047241211,False
Palma,MG,Sudeste,0.60719776,34.19,5,60.719776,26.529776153564455,False
Ferros,MG,Sudeste,0.71232563,44.57,3,71.23257,26.662566833496093,False
Cerro Negro,SC,Sul,0.6310299,36.07,4,63.10299,27.032989196777343,False
Lucrécia,RN,Nordeste,0.3510332,7.94,4,35.10332,27.163321075439452,False
Palmeirante,TO,Norte,0.4186087,14.38,11,41.86087,27.480870361328122,False
Palmelo,GO,Centro-Oeste,0.6328763,35.72,2,63.28763,27.567628173828126,False
Macururé,BA,Nordeste,0.3598827,8.39,8,35.98827,27.598269805908203,False
Ibiara,PB,Nordeste,0.47333407,19.37,4,47.33341,27.96340835571289,False
Campos Borges,RS,Sul,0.6205696,33.67,5,62.056957,28.386957244873045,False
Recursolândia,TO,Norte,0.36700565,8.25,4,36.700565,28.450565338134766,False
Pequeri,MG,Sudeste,0.6747125,39.0,5,67.471245,28.47124481201172,False
Pau D'Arco,TO,Norte,0.3954876,11.05,8,39.54876,28.498759460449218,False
Serra Redonda,PB,Nordeste,0.5002325,21.09,2,50.02325,28.933250579833985,False
Uarini,AM,Norte,0.48816144,19.75,19,48.816143,29.066143035888672,False
Rondolândia,MT,Centro-Oeste,0.6531008,36.18,6,65.31008,29.130081481933594,False
Lagoa do Sítio,PI,Nordeste,0.48117432,18.93,3,48.11743,29.187431640625,False
Prata do Piauí,PI,Nordeste,0.50215167,20.78,4,50.215168,29.435167999267577,False
São João do Soter,MA,Nordeste,0.6113232,31.6,14,61.132317,29.532316589355467,False
Guaramiranga,CE,Nordeste,0.9092835,59.66,9,90.92835,31.268352355957035,False
Bom Jesus,PB,Nordeste,0.6445933,32.78,2,64.45933,31.679327697753905,False
São José do Bonfim,PB,Nordeste,0.511442,18.06,3,51.1442,33.08419937133789,False
Duas Estradas,PB,Nordeste,0.50516933,16.94,4,50.516933,33.57693344116211,False
Januária,MG,Sudeste,0.6150917,27.24,66,61.509167,34.2691667175293,False
Simão Pereira,MG,Sudeste,0.48580018,14.14,2,48.580017,34.44001708984375,False
Japorã,MS,Centro-Oeste,0.536348,18.91,11,53.6348,34.724799957275394,False
Faria Lemos,MG,Sudeste,0.5637619,21.31,3,56.37619,35.06619018554687,False
Nova Aurora,GO,Centro-Oeste,0.5796048,20.79,3,57.96048,37.170479736328126,False
Lagoa do Piauí,PI,Nordeste,0.49268365,11.95,4,49.268364,37.318363952636716,False
São José dos Basílios,MA,Nordeste,0.60464036,19.22,4,60.464035,41.24403503417969,False
Bernardo do Mearim,MA,Nordeste,0.60562915,19.1,3,60.562916,41.46291580200195,False
